"ID","Estadillo","Especie","PosEspIFN2","OcupaIFN2","EstadoIFN2","PosEspIFN3","OcupaIFN3","EstadoIFN3","EdadIFN3","OrgMasaIFN3","PosEspIFN4","OcupaIFN4","EstadoIFN4","EdadIFN4","OrgMasaIFN4","IFN2Num_arb","IFN3Num_arb","IFN4Num_arb","CatRegIFN2","CatRegIFN3","CatRegIFN4"
"1",109,"43",2,"9","3",1,80,3,0,1,1,90,3,0,1,22,29,33,2,2,3
"2",109,"43",2,"9","3",1,80,3,0,1,1,90,3,0,1,22,29,33,2,2,1
"3",109,"43",2,"9","3",1,80,3,0,1,1,90,3,0,1,22,29,33,2,3,3
"4",109,"43",2,"9","3",1,80,3,0,1,1,90,3,0,1,22,29,33,2,4,1
"5",109,"43",2,"9","3",1,80,3,0,1,1,90,3,0,1,22,29,33,2,2,2
"6",109,"43",2,"9","3",1,80,3,0,1,1,90,3,0,1,22,29,33,2,3,2
"7",109,"43",2,"9","3",1,80,3,0,1,1,90,3,0,1,22,29,33,2,4,2
"8",109,"43",2,"9","3",1,80,3,0,1,1,90,3,0,1,22,29,33,2,4,3
"9",109,"43",2,"9","3",1,80,3,0,1,1,90,3,0,1,22,29,33,2,1,1
"10",109,"43",2,"9","3",1,80,3,0,1,1,90,3,0,1,22,29,33,2,1,3
"11",109,"43",2,"9","3",1,80,3,0,1,1,90,3,0,1,22,29,33,2,3,1
"12",109,"43",2,"9","3",1,80,3,0,1,1,90,3,0,1,22,29,33,2,1,2
"13",111,"21",1,"0","3",1,100,4,40,2,1,100,4,0,2,62,58,39,NA,1,1
"14",111,"21",2,"0","4",1,100,4,40,2,1,100,4,0,2,62,58,39,NA,1,1
"15",113,"43",2,"0","3",1,100,3,0,1,1,100,3,0,1,6,16,22,3,1,2
"16",113,"43",2,"0","3",1,100,3,0,1,1,100,3,0,1,6,16,22,3,3,4
"17",113,"43",2,"0","3",1,100,3,0,1,1,100,3,0,1,6,16,22,3,4,3
"18",113,"43",2,"0","3",1,100,3,0,1,1,100,3,0,1,6,16,22,3,1,1
"19",113,"43",2,"0","3",1,100,3,0,1,1,100,3,0,1,6,16,22,3,2,2
"20",113,"43",2,"0","3",1,100,3,0,1,1,100,3,0,1,6,16,22,3,3,1
"21",113,"43",2,"0","3",1,100,3,0,1,1,100,3,0,1,6,16,22,3,2,3
"22",113,"43",2,"0","3",1,100,3,0,1,1,100,3,0,1,6,16,22,3,4,4
"23",113,"43",2,"0","3",1,100,3,0,1,1,100,3,0,1,6,16,22,3,1,3
"24",113,"43",2,"0","3",1,100,3,0,1,1,100,3,0,1,6,16,22,3,2,1
"25",113,"43",2,"0","3",1,100,3,0,1,1,100,3,0,1,6,16,22,3,4,2
"26",113,"43",2,"0","3",1,100,3,0,1,1,100,3,0,1,6,16,22,3,3,3
"27",113,"43",2,"0","3",1,100,3,0,1,1,100,3,0,1,6,16,22,3,1,4
"28",113,"43",2,"0","3",1,100,3,0,1,1,100,3,0,1,6,16,22,3,2,4
"29",113,"43",2,"0","3",1,100,3,0,1,1,100,3,0,1,6,16,22,3,4,1
"30",113,"43",2,"0","3",1,100,3,0,1,1,100,3,0,1,6,16,22,3,3,2
"31",123,"42",2,"6","3",1,60,4,0,1,1,70,4,0,1,41,41,49,3,2,1
"32",123,"42",2,"6","3",1,60,4,0,1,1,70,4,0,1,41,41,49,3,1,2
"33",123,"42",2,"6","3",1,60,4,0,1,1,70,4,0,1,41,41,49,3,1,1
"34",123,"42",2,"6","3",1,60,4,0,1,1,70,4,0,1,41,41,49,3,2,2
"35",123,"43",NA,NA,NA,2,20,3,0,1,NA,NA,NA,NA,NA,2,NA,NA,3,NA,NA
"36",123,"71",1,"0","0",NA,NA,NA,NA,NA,2,10,3,0,1,NA,2,3,1,3,2
"37",123,"71",1,"0","0",NA,NA,NA,NA,NA,2,10,3,0,1,NA,2,3,1,3,1
"38",125,"43",2,"0","3",1,90,3,0,1,1,100,3,0,1,9,22,25,3,4,NA
"39",125,"43",2,"0","3",1,90,3,0,1,1,100,3,0,1,9,22,25,3,1,NA
"40",125,"43",1,"7","0",1,90,3,0,1,1,100,3,0,1,9,22,25,3,4,NA
"41",125,"43",1,"7","0",1,90,3,0,1,1,100,3,0,1,9,22,25,3,1,NA
"42",131,"15",NA,NA,NA,NA,NA,NA,NA,NA,NA,NA,NA,NA,NA,1,NA,NA,3,NA,NA
"43",131,"215",NA,NA,NA,2,20,2,0,1,2,30,2,0,1,NA,4,5,NA,3,4
"44",131,"215",NA,NA,NA,2,20,2,0,1,2,30,2,0,1,NA,4,5,NA,3,2
"45",131,"215",NA,NA,NA,2,20,2,0,1,2,30,2,0,1,NA,4,5,NA,2,2
"46",131,"215",NA,NA,NA,2,20,2,0,1,2,30,2,0,1,NA,4,5,NA,2,1
"47",131,"215",NA,NA,NA,2,20,2,0,1,2,30,2,0,1,NA,4,5,NA,4,1
"48",131,"215",NA,NA,NA,2,20,2,0,1,2,30,2,0,1,NA,4,5,NA,1,2
"49",131,"215",NA,NA,NA,2,20,2,0,1,2,30,2,0,1,NA,4,5,NA,2,4
"50",131,"215",NA,NA,NA,2,20,2,0,1,2,30,2,0,1,NA,4,5,NA,4,2
"51",131,"215",NA,NA,NA,2,20,2,0,1,2,30,2,0,1,NA,4,5,NA,3,3
"52",131,"215",NA,NA,NA,2,20,2,0,1,2,30,2,0,1,NA,4,5,NA,4,3
"53",131,"215",NA,NA,NA,2,20,2,0,1,2,30,2,0,1,NA,4,5,NA,1,4
"54",131,"215",NA,NA,NA,2,20,2,0,1,2,30,2,0,1,NA,4,5,NA,4,4
"55",131,"215",NA,NA,NA,2,20,2,0,1,2,30,2,0,1,NA,4,5,NA,1,3
"56",131,"215",NA,NA,NA,2,20,2,0,1,2,30,2,0,1,NA,4,5,NA,2,3
"57",131,"215",NA,NA,NA,2,20,2,0,1,2,30,2,0,1,NA,4,5,NA,1,1
"58",131,"215",NA,NA,NA,2,20,2,0,1,2,30,2,0,1,NA,4,5,NA,3,1
"59",131,"278",NA,NA,NA,3,20,3,0,1,3,10,3,0,1,NA,2,3,NA,1,3
"60",131,"278",NA,NA,NA,3,20,3,0,1,3,10,3,0,1,NA,2,3,NA,3,3
"61",131,"278",NA,NA,NA,3,20,3,0,1,3,10,3,0,1,NA,2,3,NA,2,4
"62",131,"278",NA,NA,NA,3,20,3,0,1,3,10,3,0,1,NA,2,3,NA,4,4
"63",131,"278",NA,NA,NA,3,20,3,0,1,3,10,3,0,1,NA,2,3,NA,4,3
"64",131,"278",NA,NA,NA,3,20,3,0,1,3,10,3,0,1,NA,2,3,NA,2,3
"65",131,"278",NA,NA,NA,3,20,3,0,1,3,10,3,0,1,NA,2,3,NA,3,4
"66",131,"278",NA,NA,NA,3,20,3,0,1,3,10,3,0,1,NA,2,3,NA,1,4
"67",131,"42",2,"4","4",1,40,4,0,1,1,40,4,0,1,10,12,18,3,2,4
"68",131,"78",NA,NA,NA,NA,NA,NA,NA,NA,NA,NA,NA,NA,NA,3,NA,NA,3,NA,NA
"69",133,"42",2,"5","3",1,50,3,0,1,1,50,3,60,1,25,33,39,3,1,1
"70",133,"43",1,"0","0",2,40,3,0,1,2,40,3,60,1,19,19,21,3,NA,1
"71",151,"215",NA,NA,NA,2,30,2,0,1,2,30,2,40,1,NA,NA,NA,NA,4,4
"72",151,"215",NA,NA,NA,2,30,2,0,1,2,30,2,40,1,NA,NA,NA,NA,4,2
"73",151,"215",NA,NA,NA,2,30,2,0,1,2,30,2,40,1,NA,NA,NA,NA,4,3
"74",151,"215",NA,NA,NA,2,30,2,0,1,2,30,2,40,1,NA,NA,NA,NA,3,2
"75",151,"215",NA,NA,NA,2,30,2,0,1,2,30,2,40,1,NA,NA,NA,NA,1,4
"76",151,"215",NA,NA,NA,2,30,2,0,1,2,30,2,40,1,NA,NA,NA,NA,3,4
"77",151,"215",NA,NA,NA,2,30,2,0,1,2,30,2,40,1,NA,NA,NA,NA,1,3
"78",151,"215",NA,NA,NA,2,30,2,0,1,2,30,2,40,1,NA,NA,NA,NA,2,3
"79",151,"215",NA,NA,NA,2,30,2,0,1,2,30,2,40,1,NA,NA,NA,NA,2,4
"80",151,"215",NA,NA,NA,2,30,2,0,1,2,30,2,40,1,NA,NA,NA,NA,4,1
"81",151,"215",NA,NA,NA,2,30,2,0,1,2,30,2,40,1,NA,NA,NA,NA,1,1
"82",151,"215",NA,NA,NA,2,30,2,0,1,2,30,2,40,1,NA,NA,NA,NA,3,1
"83",151,"215",NA,NA,NA,2,30,2,0,1,2,30,2,40,1,NA,NA,NA,NA,1,2
"84",151,"215",NA,NA,NA,2,30,2,0,1,2,30,2,40,1,NA,NA,NA,NA,3,3
"85",151,"215",NA,NA,NA,2,30,2,0,1,2,30,2,40,1,NA,NA,NA,NA,2,1
"86",151,"215",NA,NA,NA,2,30,2,0,1,2,30,2,40,1,NA,NA,NA,NA,2,2
"87",151,"43",1,"7","0",1,70,3,0,1,1,70,3,0,1,48,53,61,3,2,1
"88",151,"43",1,"7","0",1,70,3,0,1,1,70,3,0,1,48,53,61,3,1,1
"89",151,"43",1,"7","0",1,70,3,0,1,1,70,3,0,1,48,53,61,3,1,2
"90",151,"43",1,"7","0",1,70,3,0,1,1,70,3,0,1,48,53,61,3,2,2
"91",151,"43",2,"9","3",1,70,3,0,1,1,70,3,0,1,48,53,61,3,2,1
"92",151,"43",2,"9","3",1,70,3,0,1,1,70,3,0,1,48,53,61,3,1,1
"93",151,"43",2,"9","3",1,70,3,0,1,1,70,3,0,1,48,53,61,3,1,2
"94",151,"43",2,"9","3",1,70,3,0,1,1,70,3,0,1,48,53,61,3,2,2
"95",154,"43",2,"0","3",1,90,3,0,1,1,90,3,0,1,2,10,23,3,3,3
"96",154,"43",2,"0","3",1,90,3,0,1,1,90,3,0,1,2,10,23,3,1,1
"97",154,"43",2,"0","3",1,90,3,0,1,1,90,3,0,1,2,10,23,3,2,2
"98",154,"43",2,"0","3",1,90,3,0,1,1,90,3,0,1,2,10,23,3,1,3
"99",154,"43",2,"0","3",1,90,3,0,1,1,90,3,0,1,2,10,23,3,3,2
"100",154,"43",2,"0","3",1,90,3,0,1,1,90,3,0,1,2,10,23,3,4,3
"101",154,"43",2,"0","3",1,90,3,0,1,1,90,3,0,1,2,10,23,3,2,3
"102",154,"43",2,"0","3",1,90,3,0,1,1,90,3,0,1,2,10,23,3,4,2
"103",154,"43",2,"0","3",1,90,3,0,1,1,90,3,0,1,2,10,23,3,2,1
"104",154,"43",2,"0","3",1,90,3,0,1,1,90,3,0,1,2,10,23,3,1,2
"105",154,"43",2,"0","3",1,90,3,0,1,1,90,3,0,1,2,10,23,3,3,1
"106",154,"43",2,"0","3",1,90,3,0,1,1,90,3,0,1,2,10,23,3,4,1
"107",154,"43",1,"0","0",1,90,3,0,1,1,90,3,0,1,2,10,23,3,3,3
"108",154,"43",1,"0","0",1,90,3,0,1,1,90,3,0,1,2,10,23,3,1,1
"109",154,"43",1,"0","0",1,90,3,0,1,1,90,3,0,1,2,10,23,3,2,2
"110",154,"43",1,"0","0",1,90,3,0,1,1,90,3,0,1,2,10,23,3,1,3
"111",154,"43",1,"0","0",1,90,3,0,1,1,90,3,0,1,2,10,23,3,3,2
"112",154,"43",1,"0","0",1,90,3,0,1,1,90,3,0,1,2,10,23,3,4,3
"113",154,"43",1,"0","0",1,90,3,0,1,1,90,3,0,1,2,10,23,3,2,3
"114",154,"43",1,"0","0",1,90,3,0,1,1,90,3,0,1,2,10,23,3,4,2
"115",154,"43",1,"0","0",1,90,3,0,1,1,90,3,0,1,2,10,23,3,2,1
"116",154,"43",1,"0","0",1,90,3,0,1,1,90,3,0,1,2,10,23,3,1,2
"117",154,"43",1,"0","0",1,90,3,0,1,1,90,3,0,1,2,10,23,3,3,1
"118",154,"43",1,"0","0",1,90,3,0,1,1,90,3,0,1,2,10,23,3,4,1
"119",160,"42",2,"9","3",1,50,3,0,1,1,70,4,0,1,26,28,23,3,2,1
"120",160,"42",2,"9","3",1,50,3,0,1,1,70,4,0,1,26,28,23,3,2,2
"121",160,"42",2,"9","3",1,50,3,0,1,1,70,4,0,1,26,28,23,3,1,2
"122",160,"42",2,"9","3",1,50,3,0,1,1,70,4,0,1,26,28,23,3,1,1
"123",160,"43",1,"7","0",2,40,3,0,1,2,20,4,0,1,NA,1,3,NA,2,2
"124",160,"43",1,"7","0",2,40,3,0,1,2,20,4,0,1,NA,1,3,NA,2,1
"125",160,"43",1,"7","0",2,40,3,0,1,2,20,4,0,1,NA,1,3,NA,1,1
"126",160,"43",1,"7","0",2,40,3,0,1,2,20,4,0,1,NA,1,3,NA,1,2
"127",162,"278",NA,NA,NA,NA,NA,NA,NA,NA,NA,NA,NA,NA,NA,NA,1,2,NA,NA,4
"128",162,"42",NA,NA,NA,2,20,4,0,1,2,20,4,0,1,2,6,16,1,NA,1
"129",162,"43",1,"7","0",1,70,4,0,1,1,60,4,0,1,18,27,24,3,NA,1
"130",162,"43",2,"7","4",1,70,4,0,1,1,60,4,0,1,18,27,24,3,NA,1
"131",162,"65",NA,NA,NA,3,10,3,0,1,3,10,3,0,1,NA,NA,1,NA,1,1
"132",162,"65",NA,NA,NA,3,10,3,0,1,3,10,3,0,1,NA,NA,1,NA,1,2
"133",168,"42",2,"0","4",1,70,4,0,1,1,80,4,0,1,34,39,41,2,NA,1
"134",172,"43",2,"0","4",1,100,3,0,1,1,100,3,0,1,34,43,23,3,2,3
"135",172,"43",2,"0","4",1,100,3,0,1,1,100,3,0,1,34,43,23,3,2,1
"136",172,"43",2,"0","4",1,100,3,0,1,1,100,3,0,1,34,43,23,3,1,1
"137",172,"43",2,"0","4",1,100,3,0,1,1,100,3,0,1,34,43,23,3,4,2
"138",172,"43",2,"0","4",1,100,3,0,1,1,100,3,0,1,34,43,23,3,1,3
"139",172,"43",2,"0","4",1,100,3,0,1,1,100,3,0,1,34,43,23,3,1,2
"140",172,"43",2,"0","4",1,100,3,0,1,1,100,3,0,1,34,43,23,3,4,3
"141",172,"43",2,"0","4",1,100,3,0,1,1,100,3,0,1,34,43,23,3,2,2
"142",172,"43",2,"0","4",1,100,3,0,1,1,100,3,0,1,34,43,23,3,4,1
"143",173,"43",2,"8","3",1,80,2,0,1,1,90,3,0,1,NA,4,12,3,4,1
"144",173,"43",2,"8","3",1,80,2,0,1,1,90,3,0,1,NA,4,12,3,2,2
"145",173,"43",2,"8","3",1,80,2,0,1,1,90,3,0,1,NA,4,12,3,4,4
"146",173,"43",2,"8","3",1,80,2,0,1,1,90,3,0,1,NA,4,12,3,2,1
"147",173,"43",2,"8","3",1,80,2,0,1,1,90,3,0,1,NA,4,12,3,2,4
"148",173,"43",2,"8","3",1,80,2,0,1,1,90,3,0,1,NA,4,12,3,4,2
"149",173,"43",2,"8","3",1,80,2,0,1,1,90,3,0,1,NA,4,12,3,4,3
"150",173,"43",2,"8","3",1,80,2,0,1,1,90,3,0,1,NA,4,12,3,2,3
"151",173,"43",2,"8","3",1,80,2,0,1,1,90,3,0,1,NA,4,12,3,1,1
"152",173,"43",2,"8","3",1,80,2,0,1,1,90,3,0,1,NA,4,12,3,3,2
"153",173,"43",2,"8","3",1,80,2,0,1,1,90,3,0,1,NA,4,12,3,1,4
"154",173,"43",2,"8","3",1,80,2,0,1,1,90,3,0,1,NA,4,12,3,3,4
"155",173,"43",2,"8","3",1,80,2,0,1,1,90,3,0,1,NA,4,12,3,3,1
"156",173,"43",2,"8","3",1,80,2,0,1,1,90,3,0,1,NA,4,12,3,1,3
"157",173,"43",2,"8","3",1,80,2,0,1,1,90,3,0,1,NA,4,12,3,1,2
"158",173,"43",2,"8","3",1,80,2,0,1,1,90,3,0,1,NA,4,12,3,3,3
"159",173,"43",1,"7","0",1,80,2,0,1,1,90,3,0,1,NA,4,12,3,4,1
"160",173,"43",1,"7","0",1,80,2,0,1,1,90,3,0,1,NA,4,12,3,2,2
"161",173,"43",1,"7","0",1,80,2,0,1,1,90,3,0,1,NA,4,12,3,4,4
"162",173,"43",1,"7","0",1,80,2,0,1,1,90,3,0,1,NA,4,12,3,2,1
"163",173,"43",1,"7","0",1,80,2,0,1,1,90,3,0,1,NA,4,12,3,2,4
"164",173,"43",1,"7","0",1,80,2,0,1,1,90,3,0,1,NA,4,12,3,4,2
"165",173,"43",1,"7","0",1,80,2,0,1,1,90,3,0,1,NA,4,12,3,4,3
"166",173,"43",1,"7","0",1,80,2,0,1,1,90,3,0,1,NA,4,12,3,2,3
"167",173,"43",1,"7","0",1,80,2,0,1,1,90,3,0,1,NA,4,12,3,1,1
"168",173,"43",1,"7","0",1,80,2,0,1,1,90,3,0,1,NA,4,12,3,3,2
"169",173,"43",1,"7","0",1,80,2,0,1,1,90,3,0,1,NA,4,12,3,1,4
"170",173,"43",1,"7","0",1,80,2,0,1,1,90,3,0,1,NA,4,12,3,3,4
"171",173,"43",1,"7","0",1,80,2,0,1,1,90,3,0,1,NA,4,12,3,3,1
"172",173,"43",1,"7","0",1,80,2,0,1,1,90,3,0,1,NA,4,12,3,1,3
"173",173,"43",1,"7","0",1,80,2,0,1,1,90,3,0,1,NA,4,12,3,1,2
"174",173,"43",1,"7","0",1,80,2,0,1,1,90,3,0,1,NA,4,12,3,3,3
"175",174,"215",NA,NA,NA,3,10,2,0,1,NA,NA,NA,NA,NA,NA,NA,NA,NA,1,3
"176",174,"215",NA,NA,NA,3,10,2,0,1,NA,NA,NA,NA,NA,NA,NA,NA,NA,3,3
"177",174,"215",NA,NA,NA,3,10,2,0,1,NA,NA,NA,NA,NA,NA,NA,NA,NA,2,3
"178",174,"295",NA,NA,NA,2,10,2,0,1,NA,NA,NA,NA,NA,NA,NA,NA,NA,3,NA
"179",174,"295",NA,NA,NA,2,10,2,0,1,NA,NA,NA,NA,NA,NA,NA,NA,NA,1,NA
"180",174,"295",NA,NA,NA,2,10,2,0,1,NA,NA,NA,NA,NA,NA,NA,NA,NA,2,NA
"181",174,"43",2,"0","4",1,70,3,0,1,1,90,4,0,1,7,9,17,3,3,4
"182",174,"43",2,"0","4",1,70,3,0,1,1,90,4,0,1,7,9,17,3,2,3
"183",174,"43",2,"0","4",1,70,3,0,1,1,90,4,0,1,7,9,17,3,3,3
"184",174,"43",2,"0","4",1,70,3,0,1,1,90,4,0,1,7,9,17,3,2,2
"185",174,"43",2,"0","4",1,70,3,0,1,1,90,4,0,1,7,9,17,3,4,1
"186",174,"43",2,"0","4",1,70,3,0,1,1,90,4,0,1,7,9,17,3,1,3
"187",174,"43",2,"0","4",1,70,3,0,1,1,90,4,0,1,7,9,17,3,1,2
"188",174,"43",2,"0","4",1,70,3,0,1,1,90,4,0,1,7,9,17,3,3,2
"189",174,"43",2,"0","4",1,70,3,0,1,1,90,4,0,1,7,9,17,3,3,1
"190",174,"43",2,"0","4",1,70,3,0,1,1,90,4,0,1,7,9,17,3,4,4
"191",174,"43",2,"0","4",1,70,3,0,1,1,90,4,0,1,7,9,17,3,2,1
"192",174,"43",2,"0","4",1,70,3,0,1,1,90,4,0,1,7,9,17,3,4,2
"193",174,"43",2,"0","4",1,70,3,0,1,1,90,4,0,1,7,9,17,3,1,4
"194",174,"43",2,"0","4",1,70,3,0,1,1,90,4,0,1,7,9,17,3,1,1
"195",174,"43",2,"0","4",1,70,3,0,1,1,90,4,0,1,7,9,17,3,4,3
"196",174,"43",2,"0","4",1,70,3,0,1,1,90,4,0,1,7,9,17,3,2,4
"197",175,"43",1,"0","0",1,90,3,0,1,1,90,3,0,1,1,1,2,3,2,2
"198",175,"43",1,"0","0",1,90,3,0,1,1,90,3,0,1,1,1,2,3,1,2
"199",175,"43",1,"0","0",1,90,3,0,1,1,90,3,0,1,1,1,2,3,2,3
"200",175,"43",1,"0","0",1,90,3,0,1,1,90,3,0,1,1,1,2,3,1,3
"201",175,"43",1,"0","0",1,90,3,0,1,1,90,3,0,1,1,1,2,3,1,1
"202",175,"43",1,"0","0",1,90,3,0,1,1,90,3,0,1,1,1,2,3,2,1
"203",175,"43",1,"0","0",1,90,3,0,1,1,90,3,0,1,1,1,2,3,3,2
"204",175,"43",1,"0","0",1,90,3,0,1,1,90,3,0,1,1,1,2,3,3,1
"205",175,"43",1,"0","0",1,90,3,0,1,1,90,3,0,1,1,1,2,3,3,3
"206",175,"43",2,"0","3",1,90,3,0,1,1,90,3,0,1,1,1,2,3,2,2
"207",175,"43",2,"0","3",1,90,3,0,1,1,90,3,0,1,1,1,2,3,1,2
"208",175,"43",2,"0","3",1,90,3,0,1,1,90,3,0,1,1,1,2,3,2,3
"209",175,"43",2,"0","3",1,90,3,0,1,1,90,3,0,1,1,1,2,3,1,3
"210",175,"43",2,"0","3",1,90,3,0,1,1,90,3,0,1,1,1,2,3,1,1
"211",175,"43",2,"0","3",1,90,3,0,1,1,90,3,0,1,1,1,2,3,2,1
"212",175,"43",2,"0","3",1,90,3,0,1,1,90,3,0,1,1,1,2,3,3,2
"213",175,"43",2,"0","3",1,90,3,0,1,1,90,3,0,1,1,1,2,3,3,1
"214",175,"43",2,"0","3",1,90,3,0,1,1,90,3,0,1,1,1,2,3,3,3
"215",181,"43",2,"9","4",1,90,4,0,1,1,90,4,0,1,16,18,24,3,4,3
"216",181,"43",2,"9","4",1,90,4,0,1,1,90,4,0,1,16,18,24,3,1,4
"217",181,"43",2,"9","4",1,90,4,0,1,1,90,4,0,1,16,18,24,3,1,3
"218",181,"43",2,"9","4",1,90,4,0,1,1,90,4,0,1,16,18,24,3,4,4
"219",181,"43",2,"9","4",1,90,4,0,1,1,90,4,0,1,16,18,24,3,2,2
"220",181,"43",2,"9","4",1,90,4,0,1,1,90,4,0,1,16,18,24,3,4,2
"221",181,"43",2,"9","4",1,90,4,0,1,1,90,4,0,1,16,18,24,3,1,2
"222",181,"43",2,"9","4",1,90,4,0,1,1,90,4,0,1,16,18,24,3,2,3
"223",181,"43",2,"9","4",1,90,4,0,1,1,90,4,0,1,16,18,24,3,3,3
"224",181,"43",2,"9","4",1,90,4,0,1,1,90,4,0,1,16,18,24,3,4,1
"225",181,"43",2,"9","4",1,90,4,0,1,1,90,4,0,1,16,18,24,3,3,2
"226",181,"43",2,"9","4",1,90,4,0,1,1,90,4,0,1,16,18,24,3,1,1
"227",181,"43",2,"9","4",1,90,4,0,1,1,90,4,0,1,16,18,24,3,3,4
"228",181,"43",2,"9","4",1,90,4,0,1,1,90,4,0,1,16,18,24,3,2,4
"229",181,"43",2,"9","4",1,90,4,0,1,1,90,4,0,1,16,18,24,3,3,1
"230",181,"43",2,"9","4",1,90,4,0,1,1,90,4,0,1,16,18,24,3,2,1
"231",184,"43",2,"0","2",1,100,3,0,1,1,100,3,0,1,4,12,19,3,4,3
"232",184,"43",2,"0","2",1,100,3,0,1,1,100,3,0,1,4,12,19,3,2,3
"233",184,"43",2,"0","2",1,100,3,0,1,1,100,3,0,1,4,12,19,3,3,4
"234",184,"43",2,"0","2",1,100,3,0,1,1,100,3,0,1,4,12,19,3,2,4
"235",184,"43",2,"0","2",1,100,3,0,1,1,100,3,0,1,4,12,19,3,3,2
"236",184,"43",2,"0","2",1,100,3,0,1,1,100,3,0,1,4,12,19,3,1,4
"237",184,"43",2,"0","2",1,100,3,0,1,1,100,3,0,1,4,12,19,3,4,2
"238",184,"43",2,"0","2",1,100,3,0,1,1,100,3,0,1,4,12,19,3,2,1
"239",184,"43",2,"0","2",1,100,3,0,1,1,100,3,0,1,4,12,19,3,3,1
"240",184,"43",2,"0","2",1,100,3,0,1,1,100,3,0,1,4,12,19,3,1,2
"241",184,"43",2,"0","2",1,100,3,0,1,1,100,3,0,1,4,12,19,3,2,2
"242",184,"43",2,"0","2",1,100,3,0,1,1,100,3,0,1,4,12,19,3,4,4
"243",184,"43",2,"0","2",1,100,3,0,1,1,100,3,0,1,4,12,19,3,4,1
"244",184,"43",2,"0","2",1,100,3,0,1,1,100,3,0,1,4,12,19,3,1,1
"245",184,"43",2,"0","2",1,100,3,0,1,1,100,3,0,1,4,12,19,3,1,3
"246",184,"43",2,"0","2",1,100,3,0,1,1,100,3,0,1,4,12,19,3,3,3
"247",190,"43",2,"9","3",NA,NA,NA,NA,NA,NA,NA,NA,NA,NA,20,NA,NA,3,NA,NA
"248",190,"44",NA,NA,NA,1,90,3,0,1,1,90,3,0,1,NA,28,36,NA,4,1
"249",190,"44",NA,NA,NA,1,90,3,0,1,1,90,3,0,1,NA,28,36,NA,1,2
"250",190,"44",NA,NA,NA,1,90,3,0,1,1,90,3,0,1,NA,28,36,NA,2,4
"251",190,"44",NA,NA,NA,1,90,3,0,1,1,90,3,0,1,NA,28,36,NA,3,2
"252",190,"44",NA,NA,NA,1,90,3,0,1,1,90,3,0,1,NA,28,36,NA,2,2
"253",190,"44",NA,NA,NA,1,90,3,0,1,1,90,3,0,1,NA,28,36,NA,4,3
"254",190,"44",NA,NA,NA,1,90,3,0,1,1,90,3,0,1,NA,28,36,NA,1,3
"255",190,"44",NA,NA,NA,1,90,3,0,1,1,90,3,0,1,NA,28,36,NA,3,1
"256",190,"44",NA,NA,NA,1,90,3,0,1,1,90,3,0,1,NA,28,36,NA,3,3
"257",190,"44",NA,NA,NA,1,90,3,0,1,1,90,3,0,1,NA,28,36,NA,1,4
"258",190,"44",NA,NA,NA,1,90,3,0,1,1,90,3,0,1,NA,28,36,NA,4,4
"259",190,"44",NA,NA,NA,1,90,3,0,1,1,90,3,0,1,NA,28,36,NA,3,4
"260",190,"44",NA,NA,NA,1,90,3,0,1,1,90,3,0,1,NA,28,36,NA,2,1
"261",190,"44",NA,NA,NA,1,90,3,0,1,1,90,3,0,1,NA,28,36,NA,2,3
"262",190,"44",NA,NA,NA,1,90,3,0,1,1,90,3,0,1,NA,28,36,NA,1,1
"263",190,"44",NA,NA,NA,1,90,3,0,1,1,90,3,0,1,NA,28,36,NA,4,2
"264",193,"42",NA,NA,NA,2,20,3,0,1,2,20,4,0,1,12,9,10,1,1,1
"265",193,"42",NA,NA,NA,2,20,3,0,1,2,20,4,0,1,12,9,10,1,2,1
"266",193,"43",2,"6","3",1,70,3,0,1,1,70,3,0,1,45,35,44,1,NA,1
"267",193,"71",NA,NA,NA,3,10,3,0,1,3,10,3,0,1,4,2,3,1,1,1
"268",193,"71",NA,NA,NA,3,10,3,0,1,3,10,3,0,1,4,2,3,1,1,2
"269",194,"42",NA,NA,NA,2,30,4,0,1,2,30,4,0,1,15,15,20,1,1,1
"270",194,"71",1,"0","3",1,50,3,0,1,1,60,3,0,1,8,8,8,3,2,2
"271",194,"71",1,"0","3",1,50,3,0,1,1,60,3,0,1,8,8,8,3,4,3
"272",194,"71",1,"0","3",1,50,3,0,1,1,60,3,0,1,8,8,8,3,2,1
"273",194,"71",1,"0","3",1,50,3,0,1,1,60,3,0,1,8,8,8,3,3,4
"274",194,"71",1,"0","3",1,50,3,0,1,1,60,3,0,1,8,8,8,3,1,4
"275",194,"71",1,"0","3",1,50,3,0,1,1,60,3,0,1,8,8,8,3,1,1
"276",194,"71",1,"0","3",1,50,3,0,1,1,60,3,0,1,8,8,8,3,3,2
"277",194,"71",1,"0","3",1,50,3,0,1,1,60,3,0,1,8,8,8,3,4,2
"278",194,"71",1,"0","3",1,50,3,0,1,1,60,3,0,1,8,8,8,3,4,1
"279",194,"71",1,"0","3",1,50,3,0,1,1,60,3,0,1,8,8,8,3,3,3
"280",194,"71",1,"0","3",1,50,3,0,1,1,60,3,0,1,8,8,8,3,4,4
"281",194,"71",1,"0","3",1,50,3,0,1,1,60,3,0,1,8,8,8,3,2,4
"282",194,"71",1,"0","3",1,50,3,0,1,1,60,3,0,1,8,8,8,3,2,3
"283",194,"71",1,"0","3",1,50,3,0,1,1,60,3,0,1,8,8,8,3,1,3
"284",194,"71",1,"0","3",1,50,3,0,1,1,60,3,0,1,8,8,8,3,3,1
"285",194,"71",1,"0","3",1,50,3,0,1,1,60,3,0,1,8,8,8,3,1,2
"286",194,"71",2,"5","3",1,50,3,0,1,1,60,3,0,1,8,8,8,3,2,2
"287",194,"71",2,"5","3",1,50,3,0,1,1,60,3,0,1,8,8,8,3,4,3
"288",194,"71",2,"5","3",1,50,3,0,1,1,60,3,0,1,8,8,8,3,2,1
"289",194,"71",2,"5","3",1,50,3,0,1,1,60,3,0,1,8,8,8,3,3,4
"290",194,"71",2,"5","3",1,50,3,0,1,1,60,3,0,1,8,8,8,3,1,4
"291",194,"71",2,"5","3",1,50,3,0,1,1,60,3,0,1,8,8,8,3,1,1
"292",194,"71",2,"5","3",1,50,3,0,1,1,60,3,0,1,8,8,8,3,3,2
"293",194,"71",2,"5","3",1,50,3,0,1,1,60,3,0,1,8,8,8,3,4,2
"294",194,"71",2,"5","3",1,50,3,0,1,1,60,3,0,1,8,8,8,3,4,1
"295",194,"71",2,"5","3",1,50,3,0,1,1,60,3,0,1,8,8,8,3,3,3
"296",194,"71",2,"5","3",1,50,3,0,1,1,60,3,0,1,8,8,8,3,4,4
"297",194,"71",2,"5","3",1,50,3,0,1,1,60,3,0,1,8,8,8,3,2,4
"298",194,"71",2,"5","3",1,50,3,0,1,1,60,3,0,1,8,8,8,3,2,3
"299",194,"71",2,"5","3",1,50,3,0,1,1,60,3,0,1,8,8,8,3,1,3
"300",194,"71",2,"5","3",1,50,3,0,1,1,60,3,0,1,8,8,8,3,3,1
"301",194,"71",2,"5","3",1,50,3,0,1,1,60,3,0,1,8,8,8,3,1,2
"302",200,"21",2,"0","3",1,90,4,35,2,1,100,4,0,2,28,46,30,NA,NA,1
"303",200,"21",1,"4","1",1,90,4,35,2,1,100,4,0,2,28,46,30,NA,NA,1
"304",203,"21",2,"0","4",1,100,4,40,2,1,100,4,0,2,60,46,43,NA,1,1
"305",203,"21",2,"0","4",1,100,4,40,2,1,100,4,0,2,60,46,43,NA,1,2
"306",203,"21",1,"4","2",1,100,4,40,2,1,100,4,0,2,60,46,43,NA,1,1
"307",203,"21",1,"4","2",1,100,4,40,2,1,100,4,0,2,60,46,43,NA,1,2
"308",205,"21",1,"4","2",1,100,4,35,2,1,100,4,0,2,45,44,40,NA,1,1
"309",205,"21",2,"0","3",1,100,4,35,2,1,100,4,0,2,45,44,40,NA,1,1
"310",211,"21",2,"0","3",1,100,4,30,2,1,100,4,0,2,16,24,22,NA,1,1
"311",211,"21",2,"0","3",1,100,4,30,2,1,100,4,0,2,16,24,22,NA,1,2
"312",211,"21",1,"4","1",1,100,4,30,2,1,100,4,0,2,16,24,22,NA,1,1
"313",211,"21",1,"4","1",1,100,4,30,2,1,100,4,0,2,16,24,22,NA,1,2
"314",213,"21",2,"6","3",1,60,3,35,2,1,70,4,0,2,13,20,14,NA,2,1
"315",213,"21",1,"4","2",1,60,3,35,2,1,70,4,0,2,13,20,14,NA,2,1
"316",213,"43",NA,NA,NA,NA,NA,NA,NA,NA,3,10,3,0,1,1,1,1,3,2,2
"317",213,"43",NA,NA,NA,NA,NA,NA,NA,NA,3,10,3,0,1,1,1,1,3,3,3
"318",213,"43",NA,NA,NA,NA,NA,NA,NA,NA,3,10,3,0,1,1,1,1,3,1,4
"319",213,"43",NA,NA,NA,NA,NA,NA,NA,NA,3,10,3,0,1,1,1,1,3,2,4
"320",213,"43",NA,NA,NA,NA,NA,NA,NA,NA,3,10,3,0,1,1,1,1,3,3,4
"321",213,"43",NA,NA,NA,NA,NA,NA,NA,NA,3,10,3,0,1,1,1,1,3,3,1
"322",213,"43",NA,NA,NA,NA,NA,NA,NA,NA,3,10,3,0,1,1,1,1,3,2,3
"323",213,"43",NA,NA,NA,NA,NA,NA,NA,NA,3,10,3,0,1,1,1,1,3,2,1
"324",213,"43",NA,NA,NA,NA,NA,NA,NA,NA,3,10,3,0,1,1,1,1,3,3,2
"325",213,"43",NA,NA,NA,NA,NA,NA,NA,NA,3,10,3,0,1,1,1,1,3,1,2
"326",213,"43",NA,NA,NA,NA,NA,NA,NA,NA,3,10,3,0,1,1,1,1,3,1,3
"327",213,"43",NA,NA,NA,NA,NA,NA,NA,NA,3,10,3,0,1,1,1,1,3,1,1
"328",215,"21",2,"5","3",1,60,3,35,2,1,60,4,0,2,12,20,10,NA,1,1
"329",215,"21",1,"4","0",1,60,3,35,2,1,60,4,0,2,12,20,10,NA,1,1
"330",215,"25",NA,NA,NA,2,30,3,35,2,2,30,4,0,2,10,11,4,NA,1,1
"331",217,"21",1,"4","1",1,40,3,35,2,1,40,4,0,2,7,11,14,1,1,1
"332",217,"21",2,"6","3",1,40,3,35,2,1,40,4,0,2,7,11,14,1,1,1
"333",217,"25",NA,NA,NA,2,40,3,35,2,2,40,3,0,2,3,5,6,1,1,1
"334",217,"25",NA,NA,NA,2,40,3,35,2,2,40,3,0,2,3,5,6,1,2,1
"335",219,"21",1,"4","2",1,90,3,30,2,1,100,4,0,2,29,28,27,NA,1,1
"336",219,"21",1,"4","2",1,90,3,30,2,1,100,4,0,2,29,28,27,NA,1,2
"337",219,"21",2,"9","3",1,90,3,30,2,1,100,4,0,2,29,28,27,NA,1,1
"338",219,"21",2,"9","3",1,90,3,30,2,1,100,4,0,2,29,28,27,NA,1,2
"339",227,"57",NA,NA,NA,3,10,2,0,1,3,10,3,30,1,NA,NA,NA,NA,NA,2
"340",229,"43",2,"0","3",1,100,4,0,1,2,30,4,0,1,5,6,18,3,3,3
"341",229,"43",2,"0","3",1,100,4,0,1,2,30,4,0,1,5,6,18,3,4,3
"342",229,"43",2,"0","3",1,100,4,0,1,2,30,4,0,1,5,6,18,3,2,4
"343",229,"43",2,"0","3",1,100,4,0,1,2,30,4,0,1,5,6,18,3,4,4
"344",229,"43",2,"0","3",1,100,4,0,1,2,30,4,0,1,5,6,18,3,2,3
"345",229,"43",2,"0","3",1,100,4,0,1,2,30,4,0,1,5,6,18,3,4,2
"346",229,"43",2,"0","3",1,100,4,0,1,2,30,4,0,1,5,6,18,3,1,1
"347",229,"43",2,"0","3",1,100,4,0,1,2,30,4,0,1,5,6,18,3,3,2
"348",229,"43",2,"0","3",1,100,4,0,1,2,30,4,0,1,5,6,18,3,3,4
"349",229,"43",2,"0","3",1,100,4,0,1,2,30,4,0,1,5,6,18,3,3,1
"350",229,"43",2,"0","3",1,100,4,0,1,2,30,4,0,1,5,6,18,3,4,1
"351",229,"43",2,"0","3",1,100,4,0,1,2,30,4,0,1,5,6,18,3,1,4
"352",229,"43",2,"0","3",1,100,4,0,1,2,30,4,0,1,5,6,18,3,2,1
"353",229,"43",2,"0","3",1,100,4,0,1,2,30,4,0,1,5,6,18,3,1,3
"354",229,"43",2,"0","3",1,100,4,0,1,2,30,4,0,1,5,6,18,3,2,2
"355",229,"43",2,"0","3",1,100,4,0,1,2,30,4,0,1,5,6,18,3,1,2
"356",229,"43",1,"0","0",1,100,4,0,1,2,30,4,0,1,5,6,18,3,3,3
"357",229,"43",1,"0","0",1,100,4,0,1,2,30,4,0,1,5,6,18,3,4,3
"358",229,"43",1,"0","0",1,100,4,0,1,2,30,4,0,1,5,6,18,3,2,4
"359",229,"43",1,"0","0",1,100,4,0,1,2,30,4,0,1,5,6,18,3,4,4
"360",229,"43",1,"0","0",1,100,4,0,1,2,30,4,0,1,5,6,18,3,2,3
"361",229,"43",1,"0","0",1,100,4,0,1,2,30,4,0,1,5,6,18,3,4,2
"362",229,"43",1,"0","0",1,100,4,0,1,2,30,4,0,1,5,6,18,3,1,1
"363",229,"43",1,"0","0",1,100,4,0,1,2,30,4,0,1,5,6,18,3,3,2
"364",229,"43",1,"0","0",1,100,4,0,1,2,30,4,0,1,5,6,18,3,3,4
"365",229,"43",1,"0","0",1,100,4,0,1,2,30,4,0,1,5,6,18,3,3,1
"366",229,"43",1,"0","0",1,100,4,0,1,2,30,4,0,1,5,6,18,3,4,1
"367",229,"43",1,"0","0",1,100,4,0,1,2,30,4,0,1,5,6,18,3,1,4
"368",229,"43",1,"0","0",1,100,4,0,1,2,30,4,0,1,5,6,18,3,2,1
"369",229,"43",1,"0","0",1,100,4,0,1,2,30,4,0,1,5,6,18,3,1,3
"370",229,"43",1,"0","0",1,100,4,0,1,2,30,4,0,1,5,6,18,3,2,2
"371",229,"43",1,"0","0",1,100,4,0,1,2,30,4,0,1,5,6,18,3,1,2
"372",229,"43",2,"0","3",1,100,4,0,1,1,70,2,0,1,5,6,18,3,3,3
"373",229,"43",2,"0","3",1,100,4,0,1,1,70,2,0,1,5,6,18,3,4,3
"374",229,"43",2,"0","3",1,100,4,0,1,1,70,2,0,1,5,6,18,3,2,4
"375",229,"43",2,"0","3",1,100,4,0,1,1,70,2,0,1,5,6,18,3,4,4
"376",229,"43",2,"0","3",1,100,4,0,1,1,70,2,0,1,5,6,18,3,2,3
"377",229,"43",2,"0","3",1,100,4,0,1,1,70,2,0,1,5,6,18,3,4,2
"378",229,"43",2,"0","3",1,100,4,0,1,1,70,2,0,1,5,6,18,3,1,1
"379",229,"43",2,"0","3",1,100,4,0,1,1,70,2,0,1,5,6,18,3,3,2
"380",229,"43",2,"0","3",1,100,4,0,1,1,70,2,0,1,5,6,18,3,3,4
"381",229,"43",2,"0","3",1,100,4,0,1,1,70,2,0,1,5,6,18,3,3,1
"382",229,"43",2,"0","3",1,100,4,0,1,1,70,2,0,1,5,6,18,3,4,1
"383",229,"43",2,"0","3",1,100,4,0,1,1,70,2,0,1,5,6,18,3,1,4
"384",229,"43",2,"0","3",1,100,4,0,1,1,70,2,0,1,5,6,18,3,2,1
"385",229,"43",2,"0","3",1,100,4,0,1,1,70,2,0,1,5,6,18,3,1,3
"386",229,"43",2,"0","3",1,100,4,0,1,1,70,2,0,1,5,6,18,3,2,2
"387",229,"43",2,"0","3",1,100,4,0,1,1,70,2,0,1,5,6,18,3,1,2
"388",229,"43",1,"0","0",1,100,4,0,1,1,70,2,0,1,5,6,18,3,3,3
"389",229,"43",1,"0","0",1,100,4,0,1,1,70,2,0,1,5,6,18,3,4,3
"390",229,"43",1,"0","0",1,100,4,0,1,1,70,2,0,1,5,6,18,3,2,4
"391",229,"43",1,"0","0",1,100,4,0,1,1,70,2,0,1,5,6,18,3,4,4
"392",229,"43",1,"0","0",1,100,4,0,1,1,70,2,0,1,5,6,18,3,2,3
"393",229,"43",1,"0","0",1,100,4,0,1,1,70,2,0,1,5,6,18,3,4,2
"394",229,"43",1,"0","0",1,100,4,0,1,1,70,2,0,1,5,6,18,3,1,1
"395",229,"43",1,"0","0",1,100,4,0,1,1,70,2,0,1,5,6,18,3,3,2
"396",229,"43",1,"0","0",1,100,4,0,1,1,70,2,0,1,5,6,18,3,3,4
"397",229,"43",1,"0","0",1,100,4,0,1,1,70,2,0,1,5,6,18,3,3,1
"398",229,"43",1,"0","0",1,100,4,0,1,1,70,2,0,1,5,6,18,3,4,1
"399",229,"43",1,"0","0",1,100,4,0,1,1,70,2,0,1,5,6,18,3,1,4
"400",229,"43",1,"0","0",1,100,4,0,1,1,70,2,0,1,5,6,18,3,2,1
"401",229,"43",1,"0","0",1,100,4,0,1,1,70,2,0,1,5,6,18,3,1,3
"402",229,"43",1,"0","0",1,100,4,0,1,1,70,2,0,1,5,6,18,3,2,2
"403",229,"43",1,"0","0",1,100,4,0,1,1,70,2,0,1,5,6,18,3,1,2
"404",234,"43",2,"0","3",1,90,3,0,1,1,90,3,0,1,6,13,34,3,1,1
"405",234,"43",2,"0","3",1,90,3,0,1,1,90,3,0,1,6,13,34,3,4,1
"406",234,"43",2,"0","3",1,90,3,0,1,1,90,3,0,1,6,13,34,3,4,4
"407",234,"43",2,"0","3",1,90,3,0,1,1,90,3,0,1,6,13,34,3,2,3
"408",234,"43",2,"0","3",1,90,3,0,1,1,90,3,0,1,6,13,34,3,2,4
"409",234,"43",2,"0","3",1,90,3,0,1,1,90,3,0,1,6,13,34,3,2,1
"410",234,"43",2,"0","3",1,90,3,0,1,1,90,3,0,1,6,13,34,3,1,4
"411",234,"43",2,"0","3",1,90,3,0,1,1,90,3,0,1,6,13,34,3,2,2
"412",234,"43",2,"0","3",1,90,3,0,1,1,90,3,0,1,6,13,34,3,4,3
"413",234,"43",2,"0","3",1,90,3,0,1,1,90,3,0,1,6,13,34,3,4,2
"414",234,"43",2,"0","3",1,90,3,0,1,1,90,3,0,1,6,13,34,3,3,4
"415",234,"43",2,"0","3",1,90,3,0,1,1,90,3,0,1,6,13,34,3,3,3
"416",234,"43",2,"0","3",1,90,3,0,1,1,90,3,0,1,6,13,34,3,1,3
"417",234,"43",2,"0","3",1,90,3,0,1,1,90,3,0,1,6,13,34,3,3,2
"418",234,"43",2,"0","3",1,90,3,0,1,1,90,3,0,1,6,13,34,3,3,1
"419",234,"43",2,"0","3",1,90,3,0,1,1,90,3,0,1,6,13,34,3,1,2
"420",234,"43",1,"0","0",1,90,3,0,1,1,90,3,0,1,6,13,34,3,1,1
"421",234,"43",1,"0","0",1,90,3,0,1,1,90,3,0,1,6,13,34,3,4,1
"422",234,"43",1,"0","0",1,90,3,0,1,1,90,3,0,1,6,13,34,3,4,4
"423",234,"43",1,"0","0",1,90,3,0,1,1,90,3,0,1,6,13,34,3,2,3
"424",234,"43",1,"0","0",1,90,3,0,1,1,90,3,0,1,6,13,34,3,2,4
"425",234,"43",1,"0","0",1,90,3,0,1,1,90,3,0,1,6,13,34,3,2,1
"426",234,"43",1,"0","0",1,90,3,0,1,1,90,3,0,1,6,13,34,3,1,4
"427",234,"43",1,"0","0",1,90,3,0,1,1,90,3,0,1,6,13,34,3,2,2
"428",234,"43",1,"0","0",1,90,3,0,1,1,90,3,0,1,6,13,34,3,4,3
"429",234,"43",1,"0","0",1,90,3,0,1,1,90,3,0,1,6,13,34,3,4,2
"430",234,"43",1,"0","0",1,90,3,0,1,1,90,3,0,1,6,13,34,3,3,4
"431",234,"43",1,"0","0",1,90,3,0,1,1,90,3,0,1,6,13,34,3,3,3
"432",234,"43",1,"0","0",1,90,3,0,1,1,90,3,0,1,6,13,34,3,1,3
"433",234,"43",1,"0","0",1,90,3,0,1,1,90,3,0,1,6,13,34,3,3,2
"434",234,"43",1,"0","0",1,90,3,0,1,1,90,3,0,1,6,13,34,3,3,1
"435",234,"43",1,"0","0",1,90,3,0,1,1,90,3,0,1,6,13,34,3,1,2
"436",236,"43",2,"0","3",1,100,3,0,1,1,100,3,0,1,12,13,31,3,3,3
"437",236,"43",2,"0","3",1,100,3,0,1,1,100,3,0,1,12,13,31,3,4,3
"438",236,"43",2,"0","3",1,100,3,0,1,1,100,3,0,1,12,13,31,3,2,4
"439",236,"43",2,"0","3",1,100,3,0,1,1,100,3,0,1,12,13,31,3,3,2
"440",236,"43",2,"0","3",1,100,3,0,1,1,100,3,0,1,12,13,31,3,1,1
"441",236,"43",2,"0","3",1,100,3,0,1,1,100,3,0,1,12,13,31,3,4,4
"442",236,"43",2,"0","3",1,100,3,0,1,1,100,3,0,1,12,13,31,3,2,1
"443",236,"43",2,"0","3",1,100,3,0,1,1,100,3,0,1,12,13,31,3,1,4
"444",236,"43",2,"0","3",1,100,3,0,1,1,100,3,0,1,12,13,31,3,2,2
"445",236,"43",2,"0","3",1,100,3,0,1,1,100,3,0,1,12,13,31,3,2,3
"446",236,"43",2,"0","3",1,100,3,0,1,1,100,3,0,1,12,13,31,3,1,3
"447",236,"43",2,"0","3",1,100,3,0,1,1,100,3,0,1,12,13,31,3,1,2
"448",236,"43",2,"0","3",1,100,3,0,1,1,100,3,0,1,12,13,31,3,4,1
"449",236,"43",2,"0","3",1,100,3,0,1,1,100,3,0,1,12,13,31,3,3,4
"450",236,"43",2,"0","3",1,100,3,0,1,1,100,3,0,1,12,13,31,3,3,1
"451",236,"43",2,"0","3",1,100,3,0,1,1,100,3,0,1,12,13,31,3,4,2
"452",236,"43",1,"0","0",1,100,3,0,1,1,100,3,0,1,12,13,31,3,3,3
"453",236,"43",1,"0","0",1,100,3,0,1,1,100,3,0,1,12,13,31,3,4,3
"454",236,"43",1,"0","0",1,100,3,0,1,1,100,3,0,1,12,13,31,3,2,4
"455",236,"43",1,"0","0",1,100,3,0,1,1,100,3,0,1,12,13,31,3,3,2
"456",236,"43",1,"0","0",1,100,3,0,1,1,100,3,0,1,12,13,31,3,1,1
"457",236,"43",1,"0","0",1,100,3,0,1,1,100,3,0,1,12,13,31,3,4,4
"458",236,"43",1,"0","0",1,100,3,0,1,1,100,3,0,1,12,13,31,3,2,1
"459",236,"43",1,"0","0",1,100,3,0,1,1,100,3,0,1,12,13,31,3,1,4
"460",236,"43",1,"0","0",1,100,3,0,1,1,100,3,0,1,12,13,31,3,2,2
"461",236,"43",1,"0","0",1,100,3,0,1,1,100,3,0,1,12,13,31,3,2,3
"462",236,"43",1,"0","0",1,100,3,0,1,1,100,3,0,1,12,13,31,3,1,3
"463",236,"43",1,"0","0",1,100,3,0,1,1,100,3,0,1,12,13,31,3,1,2
"464",236,"43",1,"0","0",1,100,3,0,1,1,100,3,0,1,12,13,31,3,4,1
"465",236,"43",1,"0","0",1,100,3,0,1,1,100,3,0,1,12,13,31,3,3,4
"466",236,"43",1,"0","0",1,100,3,0,1,1,100,3,0,1,12,13,31,3,3,1
"467",236,"43",1,"0","0",1,100,3,0,1,1,100,3,0,1,12,13,31,3,4,2
"468",241,"21",2,"0","4",1,100,4,35,2,1,100,4,0,2,26,32,36,NA,NA,2
"469",242,"21",2,"0","3",1,100,4,35,2,1,100,4,0,2,21,28,28,1,NA,1
"470",250,"21",2,"0","3",1,100,3,30,2,1,100,4,0,2,16,24,25,NA,1,1
"471",250,"21",2,"0","3",1,100,3,30,2,1,100,4,0,2,16,24,25,NA,1,2
"472",252,"43",2,"0","3",1,100,3,0,1,1,100,3,0,1,14,18,24,3,2,3
"473",252,"43",2,"0","3",1,100,3,0,1,1,100,3,0,1,14,18,24,3,1,1
"474",252,"43",2,"0","3",1,100,3,0,1,1,100,3,0,1,14,18,24,3,1,4
"475",252,"43",2,"0","3",1,100,3,0,1,1,100,3,0,1,14,18,24,3,4,4
"476",252,"43",2,"0","3",1,100,3,0,1,1,100,3,0,1,14,18,24,3,2,4
"477",252,"43",2,"0","3",1,100,3,0,1,1,100,3,0,1,14,18,24,3,4,3
"478",252,"43",2,"0","3",1,100,3,0,1,1,100,3,0,1,14,18,24,3,3,2
"479",252,"43",2,"0","3",1,100,3,0,1,1,100,3,0,1,14,18,24,3,1,2
"480",252,"43",2,"0","3",1,100,3,0,1,1,100,3,0,1,14,18,24,3,1,3
"481",252,"43",2,"0","3",1,100,3,0,1,1,100,3,0,1,14,18,24,3,3,1
"482",252,"43",2,"0","3",1,100,3,0,1,1,100,3,0,1,14,18,24,3,2,1
"483",252,"43",2,"0","3",1,100,3,0,1,1,100,3,0,1,14,18,24,3,2,2
"484",252,"43",2,"0","3",1,100,3,0,1,1,100,3,0,1,14,18,24,3,4,1
"485",252,"43",2,"0","3",1,100,3,0,1,1,100,3,0,1,14,18,24,3,3,3
"486",252,"43",2,"0","3",1,100,3,0,1,1,100,3,0,1,14,18,24,3,3,4
"487",252,"43",2,"0","3",1,100,3,0,1,1,100,3,0,1,14,18,24,3,4,2
"488",252,"43",1,"0","0",1,100,3,0,1,1,100,3,0,1,14,18,24,3,2,3
"489",252,"43",1,"0","0",1,100,3,0,1,1,100,3,0,1,14,18,24,3,1,1
"490",252,"43",1,"0","0",1,100,3,0,1,1,100,3,0,1,14,18,24,3,1,4
"491",252,"43",1,"0","0",1,100,3,0,1,1,100,3,0,1,14,18,24,3,4,4
"492",252,"43",1,"0","0",1,100,3,0,1,1,100,3,0,1,14,18,24,3,2,4
"493",252,"43",1,"0","0",1,100,3,0,1,1,100,3,0,1,14,18,24,3,4,3
"494",252,"43",1,"0","0",1,100,3,0,1,1,100,3,0,1,14,18,24,3,3,2
"495",252,"43",1,"0","0",1,100,3,0,1,1,100,3,0,1,14,18,24,3,1,2
"496",252,"43",1,"0","0",1,100,3,0,1,1,100,3,0,1,14,18,24,3,1,3
"497",252,"43",1,"0","0",1,100,3,0,1,1,100,3,0,1,14,18,24,3,3,1
"498",252,"43",1,"0","0",1,100,3,0,1,1,100,3,0,1,14,18,24,3,2,1
"499",252,"43",1,"0","0",1,100,3,0,1,1,100,3,0,1,14,18,24,3,2,2
"500",252,"43",1,"0","0",1,100,3,0,1,1,100,3,0,1,14,18,24,3,4,1
"501",252,"43",1,"0","0",1,100,3,0,1,1,100,3,0,1,14,18,24,3,3,3
"502",252,"43",1,"0","0",1,100,3,0,1,1,100,3,0,1,14,18,24,3,3,4
"503",252,"43",1,"0","0",1,100,3,0,1,1,100,3,0,1,14,18,24,3,4,2
"504",259,"21",2,"6","3",1,60,3,30,2,1,60,4,0,2,21,28,20,NA,2,2
"505",259,"21",2,"6","3",1,60,3,30,2,1,60,4,0,2,21,28,20,NA,2,1
"506",260,"21",2,"5","4",1,60,4,0,3,1,50,4,0,2,19,21,16,1,NA,1
"507",260,"25",1,"6","3",3,20,4,0,3,3,20,4,0,2,1,5,7,1,4,NA
"508",260,"26",NA,NA,NA,2,20,4,0,3,2,30,4,0,2,10,8,9,NA,1,NA
"509",267,"21",2,"7","3",1,70,4,35,2,1,80,4,0,2,30,23,25,1,1,1
"510",267,"25",NA,NA,NA,2,30,3,35,2,2,20,4,0,2,1,1,3,1,NA,NA
"511",277,"21",2,"4","3",1,40,3,50,2,1,40,4,0,2,9,24,15,1,4,NA
"512",277,"21",1,"0","1",1,40,3,50,2,1,40,4,0,2,9,24,15,1,4,NA
"513",277,"25",NA,NA,NA,2,40,3,50,2,2,30,4,0,2,6,16,9,1,4,NA
"514",277,"43",NA,NA,NA,3,20,3,0,1,3,30,3,0,1,NA,3,2,3,3,2
"515",277,"43",NA,NA,NA,3,20,3,0,1,3,30,3,0,1,NA,3,2,3,2,3
"516",277,"43",NA,NA,NA,3,20,3,0,1,3,30,3,0,1,NA,3,2,3,1,2
"517",277,"43",NA,NA,NA,3,20,3,0,1,3,30,3,0,1,NA,3,2,3,3,1
"518",277,"43",NA,NA,NA,3,20,3,0,1,3,30,3,0,1,NA,3,2,3,2,2
"519",277,"43",NA,NA,NA,3,20,3,0,1,3,30,3,0,1,NA,3,2,3,4,3
"520",277,"43",NA,NA,NA,3,20,3,0,1,3,30,3,0,1,NA,3,2,3,3,3
"521",277,"43",NA,NA,NA,3,20,3,0,1,3,30,3,0,1,NA,3,2,3,4,1
"522",277,"43",NA,NA,NA,3,20,3,0,1,3,30,3,0,1,NA,3,2,3,4,2
"523",277,"43",NA,NA,NA,3,20,3,0,1,3,30,3,0,1,NA,3,2,3,2,1
"524",277,"43",NA,NA,NA,3,20,3,0,1,3,30,3,0,1,NA,3,2,3,1,3
"525",277,"43",NA,NA,NA,3,20,3,0,1,3,30,3,0,1,NA,3,2,3,1,1
"526",280,"21",2,"6","3",1,90,4,30,2,1,90,4,0,2,23,27,32,0,NA,1
"527",280,"25",NA,NA,NA,2,10,4,30,2,2,10,4,0,2,5,NA,NA,1,NA,NA
"528",281,"21",2,"9","3",1,90,3,35,2,1,90,4,0,2,27,30,30,1,NA,1
"529",281,"26",1,"3","2",2,10,3,35,2,2,10,4,0,2,5,NA,NA,1,NA,NA
"530",283,"21",2,"0","3",1,100,4,35,2,1,100,4,0,2,47,28,23,1,1,1
"531",283,"21",2,"0","3",1,100,4,35,2,1,100,4,0,2,47,28,23,1,1,2
"532",290,"43",1,"0","0",1,100,3,0,1,1,100,3,0,1,9,10,15,3,4,4
"533",290,"43",1,"0","0",1,100,3,0,1,1,100,3,0,1,9,10,15,3,2,4
"534",290,"43",1,"0","0",1,100,3,0,1,1,100,3,0,1,9,10,15,3,1,3
"535",290,"43",1,"0","0",1,100,3,0,1,1,100,3,0,1,9,10,15,3,2,3
"536",290,"43",1,"0","0",1,100,3,0,1,1,100,3,0,1,9,10,15,3,2,1
"537",290,"43",1,"0","0",1,100,3,0,1,1,100,3,0,1,9,10,15,3,2,2
"538",290,"43",1,"0","0",1,100,3,0,1,1,100,3,0,1,9,10,15,3,4,2
"539",290,"43",1,"0","0",1,100,3,0,1,1,100,3,0,1,9,10,15,3,4,1
"540",290,"43",1,"0","0",1,100,3,0,1,1,100,3,0,1,9,10,15,3,1,4
"541",290,"43",1,"0","0",1,100,3,0,1,1,100,3,0,1,9,10,15,3,1,1
"542",290,"43",1,"0","0",1,100,3,0,1,1,100,3,0,1,9,10,15,3,4,3
"543",290,"43",1,"0","0",1,100,3,0,1,1,100,3,0,1,9,10,15,3,1,2
"544",290,"43",2,"0","3",1,100,3,0,1,1,100,3,0,1,9,10,15,3,4,4
"545",290,"43",2,"0","3",1,100,3,0,1,1,100,3,0,1,9,10,15,3,2,4
"546",290,"43",2,"0","3",1,100,3,0,1,1,100,3,0,1,9,10,15,3,1,3
"547",290,"43",2,"0","3",1,100,3,0,1,1,100,3,0,1,9,10,15,3,2,3
"548",290,"43",2,"0","3",1,100,3,0,1,1,100,3,0,1,9,10,15,3,2,1
"549",290,"43",2,"0","3",1,100,3,0,1,1,100,3,0,1,9,10,15,3,2,2
"550",290,"43",2,"0","3",1,100,3,0,1,1,100,3,0,1,9,10,15,3,4,2
"551",290,"43",2,"0","3",1,100,3,0,1,1,100,3,0,1,9,10,15,3,4,1
"552",290,"43",2,"0","3",1,100,3,0,1,1,100,3,0,1,9,10,15,3,1,4
"553",290,"43",2,"0","3",1,100,3,0,1,1,100,3,0,1,9,10,15,3,1,1
"554",290,"43",2,"0","3",1,100,3,0,1,1,100,3,0,1,9,10,15,3,4,3
"555",290,"43",2,"0","3",1,100,3,0,1,1,100,3,0,1,9,10,15,3,1,2
"556",293,"25",2,"6","3",1,60,3,30,2,1,50,4,0,2,8,18,31,0,4,NA
"557",293,"43",NA,NA,NA,3,20,2,0,1,3,20,2,0,1,2,2,2,3,1,2
"558",293,"43",NA,NA,NA,3,20,2,0,1,3,20,2,0,1,2,2,2,3,4,3
"559",293,"43",NA,NA,NA,3,20,2,0,1,3,20,2,0,1,2,2,2,3,2,2
"560",293,"43",NA,NA,NA,3,20,2,0,1,3,20,2,0,1,2,2,2,3,4,2
"561",293,"43",NA,NA,NA,3,20,2,0,1,3,20,2,0,1,2,2,2,3,3,2
"562",293,"43",NA,NA,NA,3,20,2,0,1,3,20,2,0,1,2,2,2,3,3,1
"563",293,"43",NA,NA,NA,3,20,2,0,1,3,20,2,0,1,2,2,2,3,3,3
"564",293,"43",NA,NA,NA,3,20,2,0,1,3,20,2,0,1,2,2,2,3,1,3
"565",293,"43",NA,NA,NA,3,20,2,0,1,3,20,2,0,1,2,2,2,3,4,4
"566",293,"43",NA,NA,NA,3,20,2,0,1,3,20,2,0,1,2,2,2,3,1,1
"567",293,"43",NA,NA,NA,3,20,2,0,1,3,20,2,0,1,2,2,2,3,2,3
"568",293,"43",NA,NA,NA,3,20,2,0,1,3,20,2,0,1,2,2,2,3,4,1
"569",293,"43",NA,NA,NA,3,20,2,0,1,3,20,2,0,1,2,2,2,3,3,4
"570",293,"43",NA,NA,NA,3,20,2,0,1,3,20,2,0,1,2,2,2,3,2,4
"571",293,"43",NA,NA,NA,3,20,2,0,1,3,20,2,0,1,2,2,2,3,1,4
"572",293,"43",NA,NA,NA,3,20,2,0,1,3,20,2,0,1,2,2,2,3,2,1
"573",295,"21",2,"0","4",1,90,4,45,2,1,90,4,0,2,45,37,23,NA,1,1
"574",295,"21",2,"0","4",1,90,4,45,2,1,90,4,0,2,45,37,23,NA,1,2
"575",295,"43",NA,NA,NA,2,10,2,0,1,2,10,2,0,1,NA,NA,NA,1,1,1
"576",295,"43",NA,NA,NA,2,10,2,0,1,2,10,2,0,1,NA,NA,NA,1,2,1
"577",295,"43",NA,NA,NA,2,10,2,0,1,2,10,2,0,1,NA,NA,NA,1,2,2
"578",295,"43",NA,NA,NA,2,10,2,0,1,2,10,2,0,1,NA,NA,NA,1,1,2
"579",297,"237",NA,NA,NA,2,10,2,0,1,2,10,2,0,1,NA,NA,NA,NA,2,1
"580",297,"237",NA,NA,NA,2,10,2,0,1,2,10,2,0,1,NA,NA,NA,NA,2,4
"581",297,"237",NA,NA,NA,2,10,2,0,1,2,10,2,0,1,NA,NA,NA,NA,3,1
"582",297,"237",NA,NA,NA,2,10,2,0,1,2,10,2,0,1,NA,NA,NA,NA,2,3
"583",297,"237",NA,NA,NA,2,10,2,0,1,2,10,2,0,1,NA,NA,NA,NA,3,3
"584",297,"237",NA,NA,NA,2,10,2,0,1,2,10,2,0,1,NA,NA,NA,NA,3,4
"585",297,"237",NA,NA,NA,2,10,2,0,1,2,10,2,0,1,NA,NA,NA,NA,4,2
"586",297,"237",NA,NA,NA,2,10,2,0,1,2,10,2,0,1,NA,NA,NA,NA,3,2
"587",297,"237",NA,NA,NA,2,10,2,0,1,2,10,2,0,1,NA,NA,NA,NA,4,3
"588",297,"237",NA,NA,NA,2,10,2,0,1,2,10,2,0,1,NA,NA,NA,NA,4,4
"589",297,"237",NA,NA,NA,2,10,2,0,1,2,10,2,0,1,NA,NA,NA,NA,2,2
"590",297,"237",NA,NA,NA,2,10,2,0,1,2,10,2,0,1,NA,NA,NA,NA,4,1
"591",297,"25",2,"0","3",1,80,3,30,2,1,80,4,0,2,16,33,44,0,4,NA
"592",301,"21",2,"0","3",1,80,3,30,2,1,90,4,0,2,27,38,31,NA,NA,1
"593",301,"25",NA,NA,NA,2,20,3,30,2,2,10,4,0,2,4,6,2,1,4,NA
"594",308,"21",2,"5","3",2,40,3,0,2,2,40,4,0,2,7,13,10,0,4,1
"595",308,"21",1,"7","2",2,40,3,0,2,2,40,4,0,2,7,13,10,0,4,1
"596",308,"237",NA,NA,NA,3,10,2,0,1,NA,NA,NA,NA,NA,NA,NA,NA,NA,3,NA
"597",308,"43",NA,NA,NA,1,50,3,0,1,1,60,3,0,1,12,15,8,3,2,3
"598",308,"43",NA,NA,NA,1,50,3,0,1,1,60,3,0,1,12,15,8,3,1,2
"599",308,"43",NA,NA,NA,1,50,3,0,1,1,60,3,0,1,12,15,8,3,3,1
"600",308,"43",NA,NA,NA,1,50,3,0,1,1,60,3,0,1,12,15,8,3,2,4
"601",308,"43",NA,NA,NA,1,50,3,0,1,1,60,3,0,1,12,15,8,3,4,3
"602",308,"43",NA,NA,NA,1,50,3,0,1,1,60,3,0,1,12,15,8,3,3,2
"603",308,"43",NA,NA,NA,1,50,3,0,1,1,60,3,0,1,12,15,8,3,2,1
"604",308,"43",NA,NA,NA,1,50,3,0,1,1,60,3,0,1,12,15,8,3,4,2
"605",308,"43",NA,NA,NA,1,50,3,0,1,1,60,3,0,1,12,15,8,3,2,2
"606",308,"43",NA,NA,NA,1,50,3,0,1,1,60,3,0,1,12,15,8,3,3,4
"607",308,"43",NA,NA,NA,1,50,3,0,1,1,60,3,0,1,12,15,8,3,1,1
"608",308,"43",NA,NA,NA,1,50,3,0,1,1,60,3,0,1,12,15,8,3,1,3
"609",308,"43",NA,NA,NA,1,50,3,0,1,1,60,3,0,1,12,15,8,3,4,1
"610",308,"43",NA,NA,NA,1,50,3,0,1,1,60,3,0,1,12,15,8,3,3,3
"611",308,"43",NA,NA,NA,1,50,3,0,1,1,60,3,0,1,12,15,8,3,1,4
"612",308,"43",NA,NA,NA,1,50,3,0,1,1,60,3,0,1,12,15,8,3,4,4
"613",309,"43",2,"0","3",1,100,3,0,1,1,100,3,0,1,4,8,16,3,4,4
"614",309,"43",2,"0","3",1,100,3,0,1,1,100,3,0,1,4,8,16,3,2,1
"615",309,"43",2,"0","3",1,100,3,0,1,1,100,3,0,1,4,8,16,3,1,1
"616",309,"43",2,"0","3",1,100,3,0,1,1,100,3,0,1,4,8,16,3,3,1
"617",309,"43",2,"0","3",1,100,3,0,1,1,100,3,0,1,4,8,16,3,3,3
"618",309,"43",2,"0","3",1,100,3,0,1,1,100,3,0,1,4,8,16,3,4,2
"619",309,"43",2,"0","3",1,100,3,0,1,1,100,3,0,1,4,8,16,3,3,4
"620",309,"43",2,"0","3",1,100,3,0,1,1,100,3,0,1,4,8,16,3,4,3
"621",309,"43",2,"0","3",1,100,3,0,1,1,100,3,0,1,4,8,16,3,1,4
"622",309,"43",2,"0","3",1,100,3,0,1,1,100,3,0,1,4,8,16,3,2,4
"623",309,"43",2,"0","3",1,100,3,0,1,1,100,3,0,1,4,8,16,3,1,3
"624",309,"43",2,"0","3",1,100,3,0,1,1,100,3,0,1,4,8,16,3,4,1
"625",309,"43",2,"0","3",1,100,3,0,1,1,100,3,0,1,4,8,16,3,2,3
"626",309,"43",2,"0","3",1,100,3,0,1,1,100,3,0,1,4,8,16,3,3,2
"627",309,"43",2,"0","3",1,100,3,0,1,1,100,3,0,1,4,8,16,3,2,2
"628",309,"43",2,"0","3",1,100,3,0,1,1,100,3,0,1,4,8,16,3,1,2
"629",309,"43",1,"0","0",1,100,3,0,1,1,100,3,0,1,4,8,16,3,4,4
"630",309,"43",1,"0","0",1,100,3,0,1,1,100,3,0,1,4,8,16,3,2,1
"631",309,"43",1,"0","0",1,100,3,0,1,1,100,3,0,1,4,8,16,3,1,1
"632",309,"43",1,"0","0",1,100,3,0,1,1,100,3,0,1,4,8,16,3,3,1
"633",309,"43",1,"0","0",1,100,3,0,1,1,100,3,0,1,4,8,16,3,3,3
"634",309,"43",1,"0","0",1,100,3,0,1,1,100,3,0,1,4,8,16,3,4,2
"635",309,"43",1,"0","0",1,100,3,0,1,1,100,3,0,1,4,8,16,3,3,4
"636",309,"43",1,"0","0",1,100,3,0,1,1,100,3,0,1,4,8,16,3,4,3
"637",309,"43",1,"0","0",1,100,3,0,1,1,100,3,0,1,4,8,16,3,1,4
"638",309,"43",1,"0","0",1,100,3,0,1,1,100,3,0,1,4,8,16,3,2,4
"639",309,"43",1,"0","0",1,100,3,0,1,1,100,3,0,1,4,8,16,3,1,3
"640",309,"43",1,"0","0",1,100,3,0,1,1,100,3,0,1,4,8,16,3,4,1
"641",309,"43",1,"0","0",1,100,3,0,1,1,100,3,0,1,4,8,16,3,2,3
"642",309,"43",1,"0","0",1,100,3,0,1,1,100,3,0,1,4,8,16,3,3,2
"643",309,"43",1,"0","0",1,100,3,0,1,1,100,3,0,1,4,8,16,3,2,2
"644",309,"43",1,"0","0",1,100,3,0,1,1,100,3,0,1,4,8,16,3,1,2
"645",310,"43",1,"0","0",1,80,3,0,1,1,90,4,0,1,12,17,22,3,1,3
"646",310,"43",1,"0","0",1,80,3,0,1,1,90,4,0,1,12,17,22,3,4,1
"647",310,"43",1,"0","0",1,80,3,0,1,1,90,4,0,1,12,17,22,3,4,2
"648",310,"43",1,"0","0",1,80,3,0,1,1,90,4,0,1,12,17,22,3,2,1
"649",310,"43",1,"0","0",1,80,3,0,1,1,90,4,0,1,12,17,22,3,3,4
"650",310,"43",1,"0","0",1,80,3,0,1,1,90,4,0,1,12,17,22,3,1,2
"651",310,"43",1,"0","0",1,80,3,0,1,1,90,4,0,1,12,17,22,3,3,1
"652",310,"43",1,"0","0",1,80,3,0,1,1,90,4,0,1,12,17,22,3,1,4
"653",310,"43",1,"0","0",1,80,3,0,1,1,90,4,0,1,12,17,22,3,4,3
"654",310,"43",1,"0","0",1,80,3,0,1,1,90,4,0,1,12,17,22,3,3,3
"655",310,"43",1,"0","0",1,80,3,0,1,1,90,4,0,1,12,17,22,3,2,4
"656",310,"43",1,"0","0",1,80,3,0,1,1,90,4,0,1,12,17,22,3,4,4
"657",310,"43",1,"0","0",1,80,3,0,1,1,90,4,0,1,12,17,22,3,2,2
"658",310,"43",1,"0","0",1,80,3,0,1,1,90,4,0,1,12,17,22,3,2,3
"659",310,"43",1,"0","0",1,80,3,0,1,1,90,4,0,1,12,17,22,3,1,1
"660",310,"43",1,"0","0",1,80,3,0,1,1,90,4,0,1,12,17,22,3,3,2
"661",310,"43",2,"0","4",1,80,3,0,1,1,90,4,0,1,12,17,22,3,1,3
"662",310,"43",2,"0","4",1,80,3,0,1,1,90,4,0,1,12,17,22,3,4,1
"663",310,"43",2,"0","4",1,80,3,0,1,1,90,4,0,1,12,17,22,3,4,2
"664",310,"43",2,"0","4",1,80,3,0,1,1,90,4,0,1,12,17,22,3,2,1
"665",310,"43",2,"0","4",1,80,3,0,1,1,90,4,0,1,12,17,22,3,3,4
"666",310,"43",2,"0","4",1,80,3,0,1,1,90,4,0,1,12,17,22,3,1,2
"667",310,"43",2,"0","4",1,80,3,0,1,1,90,4,0,1,12,17,22,3,3,1
"668",310,"43",2,"0","4",1,80,3,0,1,1,90,4,0,1,12,17,22,3,1,4
"669",310,"43",2,"0","4",1,80,3,0,1,1,90,4,0,1,12,17,22,3,4,3
"670",310,"43",2,"0","4",1,80,3,0,1,1,90,4,0,1,12,17,22,3,3,3
"671",310,"43",2,"0","4",1,80,3,0,1,1,90,4,0,1,12,17,22,3,2,4
"672",310,"43",2,"0","4",1,80,3,0,1,1,90,4,0,1,12,17,22,3,4,4
"673",310,"43",2,"0","4",1,80,3,0,1,1,90,4,0,1,12,17,22,3,2,2
"674",310,"43",2,"0","4",1,80,3,0,1,1,90,4,0,1,12,17,22,3,2,3
"675",310,"43",2,"0","4",1,80,3,0,1,1,90,4,0,1,12,17,22,3,1,1
"676",310,"43",2,"0","4",1,80,3,0,1,1,90,4,0,1,12,17,22,3,3,2
"677",312,"43",NA,NA,NA,3,20,2,0,1,3,10,2,0,1,NA,NA,NA,1,2,1
"678",312,"43",NA,NA,NA,3,20,2,0,1,3,10,2,0,1,NA,NA,NA,1,1,1
"679",314,"37",NA,NA,NA,2,30,1,0,1,2,20,1,40,1,NA,NA,NA,3,2,1
"680",314,"37",NA,NA,NA,2,30,1,0,1,2,20,1,40,1,NA,NA,NA,3,1,2
"681",314,"37",NA,NA,NA,2,30,1,0,1,2,20,1,40,1,NA,NA,NA,3,1,1
"682",314,"37",NA,NA,NA,2,30,1,0,1,2,20,1,40,1,NA,NA,NA,3,2,2
"683",314,"44",2,"6","3",1,50,3,0,1,1,70,3,40,1,1,2,4,3,3,3
"684",314,"44",2,"6","3",1,50,3,0,1,1,70,3,40,1,1,2,4,3,3,2
"685",314,"44",2,"6","3",1,50,3,0,1,1,70,3,40,1,1,2,4,3,3,1
"686",314,"44",2,"6","3",1,50,3,0,1,1,70,3,40,1,1,2,4,3,2,1
"687",314,"44",2,"6","3",1,50,3,0,1,1,70,3,40,1,1,2,4,3,1,3
"688",314,"44",2,"6","3",1,50,3,0,1,1,70,3,40,1,1,2,4,3,2,3
"689",314,"44",2,"6","3",1,50,3,0,1,1,70,3,40,1,1,2,4,3,1,2
"690",314,"44",2,"6","3",1,50,3,0,1,1,70,3,40,1,1,2,4,3,1,1
"691",314,"44",2,"6","3",1,50,3,0,1,1,70,3,40,1,1,2,4,3,4,3
"692",314,"44",2,"6","3",1,50,3,0,1,1,70,3,40,1,1,2,4,3,1,4
"693",314,"44",2,"6","3",1,50,3,0,1,1,70,3,40,1,1,2,4,3,3,4
"694",314,"44",2,"6","3",1,50,3,0,1,1,70,3,40,1,1,2,4,3,2,4
"695",314,"44",2,"6","3",1,50,3,0,1,1,70,3,40,1,1,2,4,3,4,2
"696",314,"44",2,"6","3",1,50,3,0,1,1,70,3,40,1,1,2,4,3,4,4
"697",314,"44",2,"6","3",1,50,3,0,1,1,70,3,40,1,1,2,4,3,4,1
"698",314,"44",2,"6","3",1,50,3,0,1,1,70,3,40,1,1,2,4,3,2,2
"699",317,"25",2,"0","3",1,100,3,30,2,1,100,4,0,2,34,43,38,0,NA,1
"700",323,"21",1,"0","4",2,20,4,0,3,2,30,4,0,3,13,9,12,NA,NA,1
"701",323,"26",2,"8","4",1,70,4,0,3,1,60,4,0,3,35,20,16,2,1,1
"702",323,"26",2,"8","4",1,70,4,0,3,1,60,4,0,3,35,20,16,2,4,1
"703",323,"26",2,"8","4",1,70,4,0,3,1,60,4,0,3,35,20,16,2,3,1
"704",324,"26",2,"6","4",1,50,4,30,2,1,50,4,45,2,25,15,16,2,1,NA
"705",328,"16",NA,NA,NA,NA,NA,NA,NA,NA,NA,NA,NA,NA,NA,2,2,2,NA,NA,3
"706",328,"42",NA,NA,NA,3,20,3,0,1,1,40,3,0,1,7,11,21,1,NA,4
"707",328,"43",2,"4","3",1,60,3,0,1,2,40,3,0,1,8,16,15,3,4,4
"708",328,"43",2,"4","3",1,60,3,0,1,2,40,3,0,1,8,16,15,3,3,4
"709",328,"43",2,"4","3",1,60,3,0,1,2,40,3,0,1,8,16,15,3,2,4
"710",328,"43",2,"4","3",1,60,3,0,1,2,40,3,0,1,8,16,15,3,1,4
"711",329,"44",2,"0","3",1,100,3,0,1,1,100,3,0,1,1,3,7,3,1,1
"712",329,"44",2,"0","3",1,100,3,0,1,1,100,3,0,1,1,3,7,3,2,4
"713",329,"44",2,"0","3",1,100,3,0,1,1,100,3,0,1,1,3,7,3,1,4
"714",329,"44",2,"0","3",1,100,3,0,1,1,100,3,0,1,1,3,7,3,3,4
"715",329,"44",2,"0","3",1,100,3,0,1,1,100,3,0,1,1,3,7,3,3,1
"716",329,"44",2,"0","3",1,100,3,0,1,1,100,3,0,1,1,3,7,3,2,1
"717",329,"44",2,"0","3",1,100,3,0,1,1,100,3,0,1,1,3,7,3,4,4
"718",329,"44",2,"0","3",1,100,3,0,1,1,100,3,0,1,1,3,7,3,4,1
"719",331,"37",NA,NA,NA,3,10,2,0,1,3,10,2,30,1,NA,NA,NA,2,3,1
"720",331,"37",NA,NA,NA,3,10,2,0,1,3,10,2,30,1,NA,NA,NA,2,2,3
"721",331,"37",NA,NA,NA,3,10,2,0,1,3,10,2,30,1,NA,NA,NA,2,2,1
"722",331,"37",NA,NA,NA,3,10,2,0,1,3,10,2,30,1,NA,NA,NA,2,2,2
"723",331,"37",NA,NA,NA,3,10,2,0,1,3,10,2,30,1,NA,NA,NA,2,3,2
"724",331,"37",NA,NA,NA,3,10,2,0,1,3,10,2,30,1,NA,NA,NA,2,3,3
"725",331,"43",NA,NA,NA,2,30,3,0,1,2,30,3,0,1,NA,NA,5,3,3,3
"726",331,"43",NA,NA,NA,2,30,3,0,1,2,30,3,0,1,NA,NA,5,3,3,1
"727",331,"43",NA,NA,NA,2,30,3,0,1,2,30,3,0,1,NA,NA,5,3,4,1
"728",331,"43",NA,NA,NA,2,30,3,0,1,2,30,3,0,1,NA,NA,5,3,4,4
"729",331,"43",NA,NA,NA,2,30,3,0,1,2,30,3,0,1,NA,NA,5,3,3,4
"730",331,"43",NA,NA,NA,2,30,3,0,1,2,30,3,0,1,NA,NA,5,3,3,2
"731",331,"43",NA,NA,NA,2,30,3,0,1,2,30,3,0,1,NA,NA,5,3,4,2
"732",331,"43",NA,NA,NA,2,30,3,0,1,2,30,3,0,1,NA,NA,5,3,2,4
"733",331,"43",NA,NA,NA,2,30,3,0,1,2,30,3,0,1,NA,NA,5,3,4,3
"734",331,"43",NA,NA,NA,2,30,3,0,1,2,30,3,0,1,NA,NA,5,3,2,1
"735",331,"43",NA,NA,NA,2,30,3,0,1,2,30,3,0,1,NA,NA,5,3,2,2
"736",331,"43",NA,NA,NA,2,30,3,0,1,2,30,3,0,1,NA,NA,5,3,2,3
"737",338,"25",1,"0","1",1,70,3,20,2,1,80,3,0,2,2,11,24,1,1,NA
"738",338,"25",2,"9","2",1,70,3,20,2,1,80,3,0,2,2,11,24,1,1,NA
"739",338,"45",NA,NA,NA,2,20,2,0,1,2,20,3,0,1,NA,NA,NA,NA,NA,2
"740",338,"45",NA,NA,NA,2,20,2,0,1,2,20,3,0,1,NA,NA,NA,NA,NA,1
"741",345,"25",1,"0","1",1,100,3,20,2,1,100,4,35,2,5,33,51,1,1,1
"742",345,"25",2,"0","3",1,100,3,20,2,1,100,4,35,2,5,33,51,1,1,1
"743",352,"21",2,"5","3",1,50,3,0,3,1,60,4,0,1,1,4,12,0,4,NA
"744",352,"21",1,"7","2",1,50,3,0,3,1,60,4,0,1,1,4,12,0,4,NA
"745",352,"43",NA,NA,NA,2,40,3,0,1,2,30,4,0,1,2,7,5,3,4,2
"746",352,"43",NA,NA,NA,2,40,3,0,1,2,30,4,0,1,2,7,5,3,2,2
"747",352,"43",NA,NA,NA,2,40,3,0,1,2,30,4,0,1,2,7,5,3,2,1
"748",352,"43",NA,NA,NA,2,40,3,0,1,2,30,4,0,1,2,7,5,3,4,1
"749",352,"43",NA,NA,NA,2,40,3,0,1,2,30,4,0,1,2,7,5,3,3,2
"750",352,"43",NA,NA,NA,2,40,3,0,1,2,30,4,0,1,2,7,5,3,1,2
"751",352,"43",NA,NA,NA,2,40,3,0,1,2,30,4,0,1,2,7,5,3,3,1
"752",352,"43",NA,NA,NA,2,40,3,0,1,2,30,4,0,1,2,7,5,3,1,1
"753",354,"21",1,"7","2",2,20,3,25,2,2,20,4,0,2,7,9,10,1,NA,NA
"754",354,"25",2,"7","3",1,70,3,25,2,1,70,4,0,2,27,22,32,1,NA,NA
"755",354,"44",NA,NA,NA,3,10,3,0,1,3,10,3,0,1,NA,NA,NA,1,1,1
"756",363,"25",2,"9","3",1,90,4,45,3,1,90,4,0,2,42,37,51,NA,1,NA
"757",363,"45",NA,NA,NA,NA,NA,NA,NA,NA,2,10,1,0,1,NA,NA,NA,NA,1,1
"758",365,"26",2,"6","3",2,40,4,0,2,2,40,4,0,2,17,21,27,1,NA,4
"759",365,"45",NA,NA,NA,1,60,2,0,1,1,60,2,0,1,NA,NA,NA,2,1,1
"760",365,"45",NA,NA,NA,1,60,2,0,1,1,60,2,0,1,NA,NA,NA,2,1,2
"761",365,"45",NA,NA,NA,1,60,2,0,1,1,60,2,0,1,NA,NA,NA,2,1,3
"762",368,"26",2,"9","3",1,80,4,40,2,1,60,4,0,2,58,29,32,2,NA,1
"763",368,"26",1,"0","2",1,80,4,40,2,1,60,4,0,2,58,29,32,2,NA,1
"764",368,"43",NA,NA,NA,2,20,2,0,1,2,40,2,10,1,NA,NA,NA,3,1,3
"765",368,"43",NA,NA,NA,2,20,2,0,1,2,40,2,10,1,NA,NA,NA,3,2,3
"766",368,"43",NA,NA,NA,2,20,2,0,1,2,40,2,10,1,NA,NA,NA,3,2,1
"767",368,"43",NA,NA,NA,2,20,2,0,1,2,40,2,10,1,NA,NA,NA,3,1,2
"768",368,"43",NA,NA,NA,2,20,2,0,1,2,40,2,10,1,NA,NA,NA,3,1,1
"769",368,"43",NA,NA,NA,2,20,2,0,1,2,40,2,10,1,NA,NA,NA,3,2,2
"770",368,"43",NA,NA,NA,2,20,2,0,1,2,40,2,10,1,NA,NA,NA,3,2,4
"771",368,"43",NA,NA,NA,2,20,2,0,1,2,40,2,10,1,NA,NA,NA,3,1,4
"772",371,"25",2,"7","3",1,60,3,20,2,1,60,4,0,2,5,38,29,0,4,1
"773",371,"43",NA,NA,NA,2,40,2,0,1,2,40,3,0,1,1,6,16,3,2,4
"774",371,"43",NA,NA,NA,2,40,2,0,1,2,40,3,0,1,1,6,16,3,4,4
"775",371,"43",NA,NA,NA,2,40,2,0,1,2,40,3,0,1,1,6,16,3,2,2
"776",371,"43",NA,NA,NA,2,40,2,0,1,2,40,3,0,1,1,6,16,3,4,3
"777",371,"43",NA,NA,NA,2,40,2,0,1,2,40,3,0,1,1,6,16,3,3,3
"778",371,"43",NA,NA,NA,2,40,2,0,1,2,40,3,0,1,1,6,16,3,3,4
"779",371,"43",NA,NA,NA,2,40,2,0,1,2,40,3,0,1,1,6,16,3,2,3
"780",371,"43",NA,NA,NA,2,40,2,0,1,2,40,3,0,1,1,6,16,3,3,1
"781",371,"43",NA,NA,NA,2,40,2,0,1,2,40,3,0,1,1,6,16,3,1,4
"782",371,"43",NA,NA,NA,2,40,2,0,1,2,40,3,0,1,1,6,16,3,4,1
"783",371,"43",NA,NA,NA,2,40,2,0,1,2,40,3,0,1,1,6,16,3,3,2
"784",371,"43",NA,NA,NA,2,40,2,0,1,2,40,3,0,1,1,6,16,3,1,1
"785",371,"43",NA,NA,NA,2,40,2,0,1,2,40,3,0,1,1,6,16,3,1,3
"786",371,"43",NA,NA,NA,2,40,2,0,1,2,40,3,0,1,1,6,16,3,2,1
"787",371,"43",NA,NA,NA,2,40,2,0,1,2,40,3,0,1,1,6,16,3,1,2
"788",371,"43",NA,NA,NA,2,40,2,0,1,2,40,3,0,1,1,6,16,3,4,2
"789",382,"21",2,"6","3",1,60,4,40,2,2,30,4,0,2,10,11,5,1,1,1
"790",382,"21",1,"4","3",1,60,4,40,2,2,30,4,0,2,10,11,5,1,1,1
"791",382,"43",NA,NA,NA,3,20,3,0,1,3,30,3,0,1,9,12,27,3,4,3
"792",382,"43",NA,NA,NA,3,20,3,0,1,3,30,3,0,1,9,12,27,3,4,2
"793",382,"43",NA,NA,NA,3,20,3,0,1,3,30,3,0,1,9,12,27,3,1,1
"794",382,"43",NA,NA,NA,3,20,3,0,1,3,30,3,0,1,9,12,27,3,1,4
"795",382,"43",NA,NA,NA,3,20,3,0,1,3,30,3,0,1,9,12,27,3,1,3
"796",382,"43",NA,NA,NA,3,20,3,0,1,3,30,3,0,1,9,12,27,3,4,1
"797",382,"43",NA,NA,NA,3,20,3,0,1,3,30,3,0,1,9,12,27,3,3,3
"798",382,"43",NA,NA,NA,3,20,3,0,1,3,30,3,0,1,9,12,27,3,3,2
"799",382,"43",NA,NA,NA,3,20,3,0,1,3,30,3,0,1,9,12,27,3,3,1
"800",382,"43",NA,NA,NA,3,20,3,0,1,3,30,3,0,1,9,12,27,3,2,1
"801",382,"43",NA,NA,NA,3,20,3,0,1,3,30,3,0,1,9,12,27,3,2,3
"802",382,"43",NA,NA,NA,3,20,3,0,1,3,30,3,0,1,9,12,27,3,2,2
"803",382,"43",NA,NA,NA,3,20,3,0,1,3,30,3,0,1,9,12,27,3,2,4
"804",382,"43",NA,NA,NA,3,20,3,0,1,3,30,3,0,1,9,12,27,3,1,2
"805",382,"43",NA,NA,NA,3,20,3,0,1,3,30,3,0,1,9,12,27,3,3,4
"806",382,"43",NA,NA,NA,3,20,3,0,1,3,30,3,0,1,9,12,27,3,4,4
"807",384,"21",NA,NA,NA,1,60,3,30,2,1,60,4,0,2,11,10,15,NA,1,1
"808",384,"21",NA,NA,NA,1,60,3,30,2,1,60,4,0,2,11,10,15,NA,1,2
"809",384,"25",2,"5","3",2,40,3,30,2,2,40,4,0,2,5,8,8,1,1,1
"810",384,"25",1,"5","2",2,40,3,30,2,2,40,4,0,2,5,8,8,1,1,1
"811",386,"21",2,"8","2",1,70,3,30,2,1,80,3,0,2,2,34,25,1,1,NA
"812",386,"25",1,"4","1",2,20,3,30,2,2,20,3,0,2,NA,1,1,1,1,NA
"813",386,"25",1,"4","1",2,20,3,30,2,2,20,3,0,2,NA,1,1,1,4,NA
"814",386,"43",NA,NA,NA,3,10,2,0,1,NA,NA,NA,NA,NA,NA,NA,NA,3,2,2
"815",386,"43",NA,NA,NA,3,10,2,0,1,NA,NA,NA,NA,NA,NA,NA,NA,3,2,1
"816",386,"43",NA,NA,NA,3,10,2,0,1,NA,NA,NA,NA,NA,NA,NA,NA,3,1,1
"817",386,"43",NA,NA,NA,3,10,2,0,1,NA,NA,NA,NA,NA,NA,NA,NA,3,1,2
"818",398,"21",NA,NA,NA,1,40,3,30,2,1,50,4,0,2,15,29,19,NA,1,1
"819",398,"25",2,"5","2",2,40,3,30,2,2,40,3,0,2,5,20,11,0,1,1
"820",398,"25",1,"4","2",2,40,3,30,2,2,40,3,0,2,5,20,11,0,1,1
"821",398,"43",NA,NA,NA,3,20,2,0,1,3,10,2,0,1,NA,NA,NA,3,3,2
"822",398,"43",NA,NA,NA,3,20,2,0,1,3,10,2,0,1,NA,NA,NA,3,2,2
"823",398,"43",NA,NA,NA,3,20,2,0,1,3,10,2,0,1,NA,NA,NA,3,1,3
"824",398,"43",NA,NA,NA,3,20,2,0,1,3,10,2,0,1,NA,NA,NA,3,1,1
"825",398,"43",NA,NA,NA,3,20,2,0,1,3,10,2,0,1,NA,NA,NA,3,2,3
"826",398,"43",NA,NA,NA,3,20,2,0,1,3,10,2,0,1,NA,NA,NA,3,3,3
"827",398,"43",NA,NA,NA,3,20,2,0,1,3,10,2,0,1,NA,NA,NA,3,1,2
"828",398,"43",NA,NA,NA,3,20,2,0,1,3,10,2,0,1,NA,NA,NA,3,3,1
"829",398,"43",NA,NA,NA,3,20,2,0,1,3,10,2,0,1,NA,NA,NA,3,2,1
"830",402,"25",2,"5","2",2,40,3,30,2,2,40,4,0,2,NA,12,13,0,1,NA
"831",402,"25",2,"5","2",2,40,3,30,2,2,40,4,0,2,NA,12,13,0,4,NA
"832",402,"25",1,"4","1",2,40,3,30,2,2,40,4,0,2,NA,12,13,0,1,NA
"833",402,"25",1,"4","1",2,40,3,30,2,2,40,4,0,2,NA,12,13,0,4,NA
"834",402,"43",NA,NA,NA,3,20,2,0,1,3,20,2,0,1,NA,NA,NA,3,2,2
"835",402,"43",NA,NA,NA,3,20,2,0,1,3,20,2,0,1,NA,NA,NA,3,3,3
"836",402,"43",NA,NA,NA,3,20,2,0,1,3,20,2,0,1,NA,NA,NA,3,4,4
"837",402,"43",NA,NA,NA,3,20,2,0,1,3,20,2,0,1,NA,NA,NA,3,2,4
"838",402,"43",NA,NA,NA,3,20,2,0,1,3,20,2,0,1,NA,NA,NA,3,2,3
"839",402,"43",NA,NA,NA,3,20,2,0,1,3,20,2,0,1,NA,NA,NA,3,4,2
"840",402,"43",NA,NA,NA,3,20,2,0,1,3,20,2,0,1,NA,NA,NA,3,4,1
"841",402,"43",NA,NA,NA,3,20,2,0,1,3,20,2,0,1,NA,NA,NA,3,4,3
"842",402,"43",NA,NA,NA,3,20,2,0,1,3,20,2,0,1,NA,NA,NA,3,2,1
"843",402,"43",NA,NA,NA,3,20,2,0,1,3,20,2,0,1,NA,NA,NA,3,1,2
"844",402,"43",NA,NA,NA,3,20,2,0,1,3,20,2,0,1,NA,NA,NA,3,3,2
"845",402,"43",NA,NA,NA,3,20,2,0,1,3,20,2,0,1,NA,NA,NA,3,3,4
"846",402,"43",NA,NA,NA,3,20,2,0,1,3,20,2,0,1,NA,NA,NA,3,1,3
"847",402,"43",NA,NA,NA,3,20,2,0,1,3,20,2,0,1,NA,NA,NA,3,1,1
"848",402,"43",NA,NA,NA,3,20,2,0,1,3,20,2,0,1,NA,NA,NA,3,1,4
"849",402,"43",NA,NA,NA,3,20,2,0,1,3,20,2,0,1,NA,NA,NA,3,3,1
"850",404,"25",2,"8","4",1,90,4,35,2,1,90,4,0,2,25,44,31,0,1,NA
"851",404,"25",1,"5","2",1,90,4,35,2,1,90,4,0,2,25,44,31,0,1,NA
"852",407,"21",NA,NA,NA,1,50,3,30,2,1,50,4,0,2,15,30,16,NA,NA,1
"853",407,"25",1,"5","1",2,40,3,30,2,2,40,4,0,2,8,15,14,NA,NA,1
"854",407,"25",1,"5","1",2,40,3,30,2,2,40,4,0,2,8,15,14,NA,NA,2
"855",407,"25",2,"5","3",2,40,3,30,2,2,40,4,0,2,8,15,14,NA,NA,1
"856",407,"25",2,"5","3",2,40,3,30,2,2,40,4,0,2,8,15,14,NA,NA,2
"857",411,"43",NA,NA,NA,3,20,2,0,1,3,30,2,0,1,NA,NA,NA,3,4,4
"858",411,"43",NA,NA,NA,3,20,2,0,1,3,30,2,0,1,NA,NA,NA,3,2,1
"859",411,"43",NA,NA,NA,3,20,2,0,1,3,30,2,0,1,NA,NA,NA,3,4,1
"860",411,"43",NA,NA,NA,3,20,2,0,1,3,30,2,0,1,NA,NA,NA,3,2,2
"861",411,"43",NA,NA,NA,3,20,2,0,1,3,30,2,0,1,NA,NA,NA,3,1,2
"862",411,"43",NA,NA,NA,3,20,2,0,1,3,30,2,0,1,NA,NA,NA,3,1,1
"863",411,"43",NA,NA,NA,3,20,2,0,1,3,30,2,0,1,NA,NA,NA,3,2,4
"864",411,"43",NA,NA,NA,3,20,2,0,1,3,30,2,0,1,NA,NA,NA,3,3,2
"865",411,"43",NA,NA,NA,3,20,2,0,1,3,30,2,0,1,NA,NA,NA,3,3,1
"866",411,"43",NA,NA,NA,3,20,2,0,1,3,30,2,0,1,NA,NA,NA,3,1,4
"867",411,"43",NA,NA,NA,3,20,2,0,1,3,30,2,0,1,NA,NA,NA,3,4,2
"868",411,"43",NA,NA,NA,3,20,2,0,1,3,30,2,0,1,NA,NA,NA,3,3,4
"869",412,"25",2,"8","2",1,80,3,0,2,1,80,3,0,2,1,18,29,1,NA,NA
"870",412,"25",1,"6","1",1,80,3,0,2,1,80,3,0,2,1,18,29,1,NA,NA
"871",412,"43",NA,NA,NA,3,10,2,0,1,3,10,2,0,1,NA,NA,NA,3,2,2
"872",412,"43",NA,NA,NA,3,10,2,0,1,3,10,2,0,1,NA,NA,NA,3,2,1
"873",412,"43",NA,NA,NA,3,10,2,0,1,3,10,2,0,1,NA,NA,NA,3,2,3
"874",412,"43",NA,NA,NA,3,10,2,0,1,3,10,2,0,1,NA,NA,NA,3,1,3
"875",412,"43",NA,NA,NA,3,10,2,0,1,3,10,2,0,1,NA,NA,NA,3,1,2
"876",412,"43",NA,NA,NA,3,10,2,0,1,3,10,2,0,1,NA,NA,NA,3,1,1
"877",418,"21",1,"4","2",2,30,3,30,2,2,20,4,0,2,2,7,2,0,NA,NA
"878",418,"25",2,"7","2",1,70,3,30,2,1,70,4,0,2,8,37,27,0,4,1
"879",418,"25",2,"7","2",1,70,3,30,2,1,70,4,0,2,8,37,27,0,3,1
"880",418,"25",2,"7","2",1,70,3,30,2,1,70,4,0,2,8,37,27,0,4,2
"881",418,"25",2,"7","2",1,70,3,30,2,1,70,4,0,2,8,37,27,0,3,2
"882",418,"43",NA,NA,NA,NA,NA,NA,NA,NA,3,10,2,0,1,NA,NA,NA,NA,2,2
"883",418,"43",NA,NA,NA,NA,NA,NA,NA,NA,3,10,2,0,1,NA,NA,NA,NA,1,1
"884",418,"43",NA,NA,NA,NA,NA,NA,NA,NA,3,10,2,0,1,NA,NA,NA,NA,2,3
"885",418,"43",NA,NA,NA,NA,NA,NA,NA,NA,3,10,2,0,1,NA,NA,NA,NA,2,1
"886",418,"43",NA,NA,NA,NA,NA,NA,NA,NA,3,10,2,0,1,NA,NA,NA,NA,1,2
"887",418,"43",NA,NA,NA,NA,NA,NA,NA,NA,3,10,2,0,1,NA,NA,NA,NA,1,3
"888",424,"25",2,"8","2",1,70,3,25,2,1,80,4,0,2,8,12,21,0,NA,NA
"889",424,"43",NA,NA,NA,2,30,3,0,1,2,20,2,0,1,NA,NA,1,3,1,1
"890",424,"43",NA,NA,NA,2,30,3,0,1,2,20,2,0,1,NA,NA,1,3,3,4
"891",424,"43",NA,NA,NA,2,30,3,0,1,2,20,2,0,1,NA,NA,1,3,4,3
"892",424,"43",NA,NA,NA,2,30,3,0,1,2,20,2,0,1,NA,NA,1,3,2,2
"893",424,"43",NA,NA,NA,2,30,3,0,1,2,20,2,0,1,NA,NA,1,3,4,1
"894",424,"43",NA,NA,NA,2,30,3,0,1,2,20,2,0,1,NA,NA,1,3,3,1
"895",424,"43",NA,NA,NA,2,30,3,0,1,2,20,2,0,1,NA,NA,1,3,2,4
"896",424,"43",NA,NA,NA,2,30,3,0,1,2,20,2,0,1,NA,NA,1,3,2,3
"897",424,"43",NA,NA,NA,2,30,3,0,1,2,20,2,0,1,NA,NA,1,3,3,3
"898",424,"43",NA,NA,NA,2,30,3,0,1,2,20,2,0,1,NA,NA,1,3,1,2
"899",424,"43",NA,NA,NA,2,30,3,0,1,2,20,2,0,1,NA,NA,1,3,3,2
"900",424,"43",NA,NA,NA,2,30,3,0,1,2,20,2,0,1,NA,NA,1,3,4,2
"901",424,"43",NA,NA,NA,2,30,3,0,1,2,20,2,0,1,NA,NA,1,3,1,4
"902",424,"43",NA,NA,NA,2,30,3,0,1,2,20,2,0,1,NA,NA,1,3,1,3
"903",424,"43",NA,NA,NA,2,30,3,0,1,2,20,2,0,1,NA,NA,1,3,2,1
"904",424,"43",NA,NA,NA,2,30,3,0,1,2,20,2,0,1,NA,NA,1,3,4,4
"905",431,"43",NA,NA,NA,NA,NA,NA,NA,NA,2,10,2,0,1,NA,NA,NA,3,1,2
"906",431,"43",NA,NA,NA,NA,NA,NA,NA,NA,2,10,2,0,1,NA,NA,NA,3,2,2
"907",431,"43",NA,NA,NA,NA,NA,NA,NA,NA,2,10,2,0,1,NA,NA,NA,3,1,1
"908",431,"43",NA,NA,NA,NA,NA,NA,NA,NA,2,10,2,0,1,NA,NA,NA,3,2,1
"909",431,"43",NA,NA,NA,NA,NA,NA,NA,NA,2,10,2,0,1,NA,NA,NA,3,1,3
"910",431,"43",NA,NA,NA,NA,NA,NA,NA,NA,2,10,2,0,1,NA,NA,NA,3,2,3
"911",436,"21",2,"9","3",1,90,4,35,2,1,90,4,0,2,39,32,32,NA,1,2
"912",436,"21",1,"7","3",1,90,4,35,2,1,90,4,0,2,39,32,32,NA,1,2
"913",436,"43",NA,NA,NA,2,10,2,0,1,2,10,2,0,1,NA,NA,NA,NA,3,2
"914",436,"43",NA,NA,NA,2,10,2,0,1,2,10,2,0,1,NA,NA,NA,NA,3,3
"915",436,"43",NA,NA,NA,2,10,2,0,1,2,10,2,0,1,NA,NA,NA,NA,1,2
"916",436,"43",NA,NA,NA,2,10,2,0,1,2,10,2,0,1,NA,NA,NA,NA,1,3
"917",436,"43",NA,NA,NA,2,10,2,0,1,2,10,2,0,1,NA,NA,NA,NA,2,3
"918",436,"43",NA,NA,NA,2,10,2,0,1,2,10,2,0,1,NA,NA,NA,NA,1,1
"919",436,"43",NA,NA,NA,2,10,2,0,1,2,10,2,0,1,NA,NA,NA,NA,2,2
"920",436,"43",NA,NA,NA,2,10,2,0,1,2,10,2,0,1,NA,NA,NA,NA,3,1
"921",436,"43",NA,NA,NA,2,10,2,0,1,2,10,2,0,1,NA,NA,NA,NA,2,1
"922",439,"21",1,"0","3",1,90,4,0,2,1,90,4,0,2,48,60,26,NA,NA,1
"923",439,"21",2,"9","4",1,90,4,0,2,1,90,4,0,2,48,60,26,NA,NA,1
"924",439,"43",NA,NA,NA,NA,NA,NA,NA,NA,NA,NA,NA,NA,NA,1,1,1,3,1,1
"925",439,"43",NA,NA,NA,NA,NA,NA,NA,NA,NA,NA,NA,NA,NA,1,1,1,3,2,3
"926",439,"43",NA,NA,NA,NA,NA,NA,NA,NA,NA,NA,NA,NA,NA,1,1,1,3,2,1
"927",439,"43",NA,NA,NA,NA,NA,NA,NA,NA,NA,NA,NA,NA,NA,1,1,1,3,1,2
"928",439,"43",NA,NA,NA,NA,NA,NA,NA,NA,NA,NA,NA,NA,NA,1,1,1,3,1,3
"929",439,"43",NA,NA,NA,NA,NA,NA,NA,NA,NA,NA,NA,NA,NA,1,1,1,3,2,2
"930",452,"21",1,"7","3",1,100,4,35,2,1,100,4,0,2,30,25,24,NA,1,1
"931",452,"21",2,"9","4",1,100,4,35,2,1,100,4,0,2,30,25,24,NA,1,1
"932",453,"25",2,"8","3",1,70,4,0,2,1,80,4,0,2,28,31,27,0,1,1
"933",454,"43",2,"0","4",1,90,4,0,1,1,100,4,0,1,12,12,13,3,3,4
"934",454,"43",2,"0","4",1,90,4,0,1,1,100,4,0,1,12,12,13,3,3,2
"935",454,"43",2,"0","4",1,90,4,0,1,1,100,4,0,1,12,12,13,3,2,2
"936",454,"43",2,"0","4",1,90,4,0,1,1,100,4,0,1,12,12,13,3,2,4
"937",454,"43",2,"0","4",1,90,4,0,1,1,100,4,0,1,12,12,13,3,1,4
"938",454,"43",2,"0","4",1,90,4,0,1,1,100,4,0,1,12,12,13,3,2,1
"939",454,"43",2,"0","4",1,90,4,0,1,1,100,4,0,1,12,12,13,3,2,3
"940",454,"43",2,"0","4",1,90,4,0,1,1,100,4,0,1,12,12,13,3,1,3
"941",454,"43",2,"0","4",1,90,4,0,1,1,100,4,0,1,12,12,13,3,4,2
"942",454,"43",2,"0","4",1,90,4,0,1,1,100,4,0,1,12,12,13,3,4,1
"943",454,"43",2,"0","4",1,90,4,0,1,1,100,4,0,1,12,12,13,3,3,3
"944",454,"43",2,"0","4",1,90,4,0,1,1,100,4,0,1,12,12,13,3,1,1
"945",454,"43",2,"0","4",1,90,4,0,1,1,100,4,0,1,12,12,13,3,3,1
"946",454,"43",2,"0","4",1,90,4,0,1,1,100,4,0,1,12,12,13,3,1,2
"947",454,"43",2,"0","4",1,90,4,0,1,1,100,4,0,1,12,12,13,3,4,4
"948",454,"43",2,"0","4",1,90,4,0,1,1,100,4,0,1,12,12,13,3,4,3
"949",458,"43",2,"0","2",1,90,2,0,1,1,90,3,0,1,2,9,24,3,4,2
"950",458,"43",2,"0","2",1,90,2,0,1,1,90,3,0,1,2,9,24,3,1,4
"951",458,"43",2,"0","2",1,90,2,0,1,1,90,3,0,1,2,9,24,3,2,1
"952",458,"43",2,"0","2",1,90,2,0,1,1,90,3,0,1,2,9,24,3,4,4
"953",458,"43",2,"0","2",1,90,2,0,1,1,90,3,0,1,2,9,24,3,4,1
"954",458,"43",2,"0","2",1,90,2,0,1,1,90,3,0,1,2,9,24,3,2,2
"955",458,"43",2,"0","2",1,90,2,0,1,1,90,3,0,1,2,9,24,3,3,4
"956",458,"43",2,"0","2",1,90,2,0,1,1,90,3,0,1,2,9,24,3,2,4
"957",458,"43",2,"0","2",1,90,2,0,1,1,90,3,0,1,2,9,24,3,3,2
"958",458,"43",2,"0","2",1,90,2,0,1,1,90,3,0,1,2,9,24,3,1,1
"959",458,"43",2,"0","2",1,90,2,0,1,1,90,3,0,1,2,9,24,3,3,1
"960",458,"43",2,"0","2",1,90,2,0,1,1,90,3,0,1,2,9,24,3,1,2
"961",461,"21",1,"0","3",1,70,4,60,2,1,70,4,0,2,11,12,17,0,1,1
"962",461,"21",2,"9","3",1,70,4,60,2,1,70,4,0,2,11,12,17,0,1,1
"963",461,"43",NA,NA,NA,2,30,2,0,1,2,30,2,0,1,NA,NA,1,3,3,2
"964",461,"43",NA,NA,NA,2,30,2,0,1,2,30,2,0,1,NA,NA,1,3,1,2
"965",461,"43",NA,NA,NA,2,30,2,0,1,2,30,2,0,1,NA,NA,1,3,2,1
"966",461,"43",NA,NA,NA,2,30,2,0,1,2,30,2,0,1,NA,NA,1,3,3,1
"967",461,"43",NA,NA,NA,2,30,2,0,1,2,30,2,0,1,NA,NA,1,3,3,3
"968",461,"43",NA,NA,NA,2,30,2,0,1,2,30,2,0,1,NA,NA,1,3,4,3
"969",461,"43",NA,NA,NA,2,30,2,0,1,2,30,2,0,1,NA,NA,1,3,4,1
"970",461,"43",NA,NA,NA,2,30,2,0,1,2,30,2,0,1,NA,NA,1,3,4,4
"971",461,"43",NA,NA,NA,2,30,2,0,1,2,30,2,0,1,NA,NA,1,3,1,4
"972",461,"43",NA,NA,NA,2,30,2,0,1,2,30,2,0,1,NA,NA,1,3,2,4
"973",461,"43",NA,NA,NA,2,30,2,0,1,2,30,2,0,1,NA,NA,1,3,2,3
"974",461,"43",NA,NA,NA,2,30,2,0,1,2,30,2,0,1,NA,NA,1,3,4,2
"975",461,"43",NA,NA,NA,2,30,2,0,1,2,30,2,0,1,NA,NA,1,3,3,4
"976",461,"43",NA,NA,NA,2,30,2,0,1,2,30,2,0,1,NA,NA,1,3,2,2
"977",461,"43",NA,NA,NA,2,30,2,0,1,2,30,2,0,1,NA,NA,1,3,1,3
"978",461,"43",NA,NA,NA,2,30,2,0,1,2,30,2,0,1,NA,NA,1,3,1,1
"979",465,"21",1,"7","3",1,50,4,40,2,1,60,4,0,2,28,22,21,NA,1,1
"980",465,"21",2,"6","3",1,50,4,40,2,1,60,4,0,2,28,22,21,NA,1,1
"981",465,"43",NA,NA,NA,2,40,4,0,1,2,40,4,0,1,6,4,7,3,1,3
"982",465,"43",NA,NA,NA,2,40,4,0,1,2,40,4,0,1,6,4,7,3,3,2
"983",465,"43",NA,NA,NA,2,40,4,0,1,2,40,4,0,1,6,4,7,3,3,3
"984",465,"43",NA,NA,NA,2,40,4,0,1,2,40,4,0,1,6,4,7,3,3,1
"985",465,"43",NA,NA,NA,2,40,4,0,1,2,40,4,0,1,6,4,7,3,1,1
"986",465,"43",NA,NA,NA,2,40,4,0,1,2,40,4,0,1,6,4,7,3,4,2
"987",465,"43",NA,NA,NA,2,40,4,0,1,2,40,4,0,1,6,4,7,3,4,3
"988",465,"43",NA,NA,NA,2,40,4,0,1,2,40,4,0,1,6,4,7,3,4,1
"989",465,"43",NA,NA,NA,2,40,4,0,1,2,40,4,0,1,6,4,7,3,1,2
"990",465,"43",NA,NA,NA,2,40,4,0,1,2,40,4,0,1,6,4,7,3,2,3
"991",465,"43",NA,NA,NA,2,40,4,0,1,2,40,4,0,1,6,4,7,3,2,1
"992",465,"43",NA,NA,NA,2,40,4,0,1,2,40,4,0,1,6,4,7,3,2,2
"993",47,"21",1,"0","2",1,100,3,30,2,1,100,3,0,2,13,33,51,1,NA,NA
"994",47,"21",2,"0","2",1,100,3,30,2,1,100,3,0,2,13,33,51,1,NA,NA
"995",472,"21",1,"7","3",2,30,4,40,2,2,30,4,0,2,9,10,6,NA,NA,1
"996",472,"25",2,"5","3",1,40,3,40,2,1,40,4,0,2,16,12,14,1,NA,1
"997",472,"26",NA,NA,NA,NA,NA,NA,NA,NA,NA,NA,NA,NA,NA,NA,2,2,NA,NA,1
"998",472,"43",NA,NA,NA,3,20,3,0,1,3,20,3,0,1,1,2,9,3,1,4
"999",472,"43",NA,NA,NA,3,20,3,0,1,3,20,3,0,1,1,2,9,3,1,2
"1000",472,"43",NA,NA,NA,3,20,3,0,1,3,20,3,0,1,1,2,9,3,1,1
"1001",472,"43",NA,NA,NA,3,20,3,0,1,3,20,3,0,1,1,2,9,3,4,1
"1002",472,"43",NA,NA,NA,3,20,3,0,1,3,20,3,0,1,1,2,9,3,4,4
"1003",472,"43",NA,NA,NA,3,20,3,0,1,3,20,3,0,1,1,2,9,3,4,3
"1004",472,"43",NA,NA,NA,3,20,3,0,1,3,20,3,0,1,1,2,9,3,3,4
"1005",472,"43",NA,NA,NA,3,20,3,0,1,3,20,3,0,1,1,2,9,3,1,3
"1006",472,"43",NA,NA,NA,3,20,3,0,1,3,20,3,0,1,1,2,9,3,3,3
"1007",472,"43",NA,NA,NA,3,20,3,0,1,3,20,3,0,1,1,2,9,3,3,1
"1008",472,"43",NA,NA,NA,3,20,3,0,1,3,20,3,0,1,1,2,9,3,2,3
"1009",472,"43",NA,NA,NA,3,20,3,0,1,3,20,3,0,1,1,2,9,3,2,2
"1010",472,"43",NA,NA,NA,3,20,3,0,1,3,20,3,0,1,1,2,9,3,2,4
"1011",472,"43",NA,NA,NA,3,20,3,0,1,3,20,3,0,1,1,2,9,3,3,2
"1012",472,"43",NA,NA,NA,3,20,3,0,1,3,20,3,0,1,1,2,9,3,2,1
"1013",472,"43",NA,NA,NA,3,20,3,0,1,3,20,3,0,1,1,2,9,3,4,2
"1014",475,"21",1,"7","3",1,80,4,50,2,1,80,4,0,2,24,23,20,NA,1,1
"1015",475,"21",2,"7","3",1,80,4,50,2,1,80,4,0,2,24,23,20,NA,1,1
"1016",475,"43",NA,NA,NA,3,10,2,0,1,3,10,2,0,1,NA,NA,NA,2,1,1
"1017",478,"21",2,"9","3",1,80,4,0,2,1,100,4,0,2,24,17,18,NA,1,NA
"1018",478,"21",1,"0","3",1,80,4,0,2,1,100,4,0,2,24,17,18,NA,1,NA
"1019",479,"21",2,"9","3",1,70,4,0,2,1,70,4,0,2,33,21,18,1,NA,1
"1020",479,"21",1,"0","3",1,70,4,0,2,1,70,4,0,2,33,21,18,1,NA,1
"1021",479,"43",NA,NA,NA,2,30,3,0,1,2,30,3,0,1,1,1,3,3,4,4
"1022",479,"43",NA,NA,NA,2,30,3,0,1,2,30,3,0,1,1,1,3,3,4,3
"1023",479,"43",NA,NA,NA,2,30,3,0,1,2,30,3,0,1,1,1,3,3,2,2
"1024",479,"43",NA,NA,NA,2,30,3,0,1,2,30,3,0,1,1,1,3,3,1,3
"1025",479,"43",NA,NA,NA,2,30,3,0,1,2,30,3,0,1,1,1,3,3,2,1
"1026",479,"43",NA,NA,NA,2,30,3,0,1,2,30,3,0,1,1,1,3,3,2,4
"1027",479,"43",NA,NA,NA,2,30,3,0,1,2,30,3,0,1,1,1,3,3,4,2
"1028",479,"43",NA,NA,NA,2,30,3,0,1,2,30,3,0,1,1,1,3,3,3,2
"1029",479,"43",NA,NA,NA,2,30,3,0,1,2,30,3,0,1,1,1,3,3,3,4
"1030",479,"43",NA,NA,NA,2,30,3,0,1,2,30,3,0,1,1,1,3,3,2,3
"1031",479,"43",NA,NA,NA,2,30,3,0,1,2,30,3,0,1,1,1,3,3,4,1
"1032",479,"43",NA,NA,NA,2,30,3,0,1,2,30,3,0,1,1,1,3,3,1,4
"1033",479,"43",NA,NA,NA,2,30,3,0,1,2,30,3,0,1,1,1,3,3,3,3
"1034",479,"43",NA,NA,NA,2,30,3,0,1,2,30,3,0,1,1,1,3,3,3,1
"1035",479,"43",NA,NA,NA,2,30,3,0,1,2,30,3,0,1,1,1,3,3,1,1
"1036",479,"43",NA,NA,NA,2,30,3,0,1,2,30,3,0,1,1,1,3,3,1,2
"1037",486,"25",2,"6","4",1,60,4,0,2,1,80,4,0,2,28,28,30,NA,1,2
"1038",49,"42",2,"0","3",1,80,4,0,1,1,80,4,0,1,22,26,31,3,1,3
"1039",49,"42",2,"0","3",1,80,4,0,1,1,80,4,0,1,22,26,31,3,3,3
"1040",49,"42",2,"0","3",1,80,4,0,1,1,80,4,0,1,22,26,31,3,1,1
"1041",49,"42",2,"0","3",1,80,4,0,1,1,80,4,0,1,22,26,31,3,3,4
"1042",49,"42",2,"0","3",1,80,4,0,1,1,80,4,0,1,22,26,31,3,3,2
"1043",49,"42",2,"0","3",1,80,4,0,1,1,80,4,0,1,22,26,31,3,4,4
"1044",49,"42",2,"0","3",1,80,4,0,1,1,80,4,0,1,22,26,31,3,4,2
"1045",49,"42",2,"0","3",1,80,4,0,1,1,80,4,0,1,22,26,31,3,2,1
"1046",49,"42",2,"0","3",1,80,4,0,1,1,80,4,0,1,22,26,31,3,1,4
"1047",49,"42",2,"0","3",1,80,4,0,1,1,80,4,0,1,22,26,31,3,3,1
"1048",49,"42",2,"0","3",1,80,4,0,1,1,80,4,0,1,22,26,31,3,4,3
"1049",49,"42",2,"0","3",1,80,4,0,1,1,80,4,0,1,22,26,31,3,4,1
"1050",49,"42",2,"0","3",1,80,4,0,1,1,80,4,0,1,22,26,31,3,1,2
"1051",49,"42",2,"0","3",1,80,4,0,1,1,80,4,0,1,22,26,31,3,2,3
"1052",49,"42",2,"0","3",1,80,4,0,1,1,80,4,0,1,22,26,31,3,2,4
"1053",49,"42",2,"0","3",1,80,4,0,1,1,80,4,0,1,22,26,31,3,2,2
"1054",49,"65",NA,NA,NA,2,10,2,0,1,2,10,2,40,1,NA,NA,NA,3,NA,NA
"1055",490,"215",NA,NA,NA,2,20,2,0,1,2,20,2,0,1,NA,NA,NA,NA,2,4
"1056",490,"215",NA,NA,NA,2,20,2,0,1,2,20,2,0,1,NA,NA,NA,NA,2,2
"1057",490,"215",NA,NA,NA,2,20,2,0,1,2,20,2,0,1,NA,NA,NA,NA,1,1
"1058",490,"215",NA,NA,NA,2,20,2,0,1,2,20,2,0,1,NA,NA,NA,NA,2,1
"1059",490,"215",NA,NA,NA,2,20,2,0,1,2,20,2,0,1,NA,NA,NA,NA,3,3
"1060",490,"215",NA,NA,NA,2,20,2,0,1,2,20,2,0,1,NA,NA,NA,NA,2,3
"1061",490,"215",NA,NA,NA,2,20,2,0,1,2,20,2,0,1,NA,NA,NA,NA,3,4
"1062",490,"215",NA,NA,NA,2,20,2,0,1,2,20,2,0,1,NA,NA,NA,NA,1,4
"1063",490,"215",NA,NA,NA,2,20,2,0,1,2,20,2,0,1,NA,NA,NA,NA,3,1
"1064",490,"215",NA,NA,NA,2,20,2,0,1,2,20,2,0,1,NA,NA,NA,NA,3,2
"1065",490,"215",NA,NA,NA,2,20,2,0,1,2,20,2,0,1,NA,NA,NA,NA,1,2
"1066",490,"215",NA,NA,NA,2,20,2,0,1,2,20,2,0,1,NA,NA,NA,NA,1,3
"1067",490,"43",1,"0","0",1,80,3,0,1,1,80,3,0,1,6,16,26,3,4,2
"1068",490,"43",1,"0","0",1,80,3,0,1,1,80,3,0,1,6,16,26,3,4,3
"1069",490,"43",1,"0","0",1,80,3,0,1,1,80,3,0,1,6,16,26,3,1,2
"1070",490,"43",1,"0","0",1,80,3,0,1,1,80,3,0,1,6,16,26,3,3,1
"1071",490,"43",1,"0","0",1,80,3,0,1,1,80,3,0,1,6,16,26,3,4,4
"1072",490,"43",1,"0","0",1,80,3,0,1,1,80,3,0,1,6,16,26,3,1,4
"1073",490,"43",1,"0","0",1,80,3,0,1,1,80,3,0,1,6,16,26,3,1,3
"1074",490,"43",1,"0","0",1,80,3,0,1,1,80,3,0,1,6,16,26,3,4,1
"1075",490,"43",1,"0","0",1,80,3,0,1,1,80,3,0,1,6,16,26,3,3,3
"1076",490,"43",1,"0","0",1,80,3,0,1,1,80,3,0,1,6,16,26,3,2,3
"1077",490,"43",1,"0","0",1,80,3,0,1,1,80,3,0,1,6,16,26,3,2,1
"1078",490,"43",1,"0","0",1,80,3,0,1,1,80,3,0,1,6,16,26,3,1,1
"1079",490,"43",1,"0","0",1,80,3,0,1,1,80,3,0,1,6,16,26,3,2,4
"1080",490,"43",1,"0","0",1,80,3,0,1,1,80,3,0,1,6,16,26,3,2,2
"1081",490,"43",1,"0","0",1,80,3,0,1,1,80,3,0,1,6,16,26,3,3,4
"1082",490,"43",1,"0","0",1,80,3,0,1,1,80,3,0,1,6,16,26,3,3,2
"1083",490,"43",2,"8","3",1,80,3,0,1,1,80,3,0,1,6,16,26,3,4,2
"1084",490,"43",2,"8","3",1,80,3,0,1,1,80,3,0,1,6,16,26,3,4,3
"1085",490,"43",2,"8","3",1,80,3,0,1,1,80,3,0,1,6,16,26,3,1,2
"1086",490,"43",2,"8","3",1,80,3,0,1,1,80,3,0,1,6,16,26,3,3,1
"1087",490,"43",2,"8","3",1,80,3,0,1,1,80,3,0,1,6,16,26,3,4,4
"1088",490,"43",2,"8","3",1,80,3,0,1,1,80,3,0,1,6,16,26,3,1,4
"1089",490,"43",2,"8","3",1,80,3,0,1,1,80,3,0,1,6,16,26,3,1,3
"1090",490,"43",2,"8","3",1,80,3,0,1,1,80,3,0,1,6,16,26,3,4,1
"1091",490,"43",2,"8","3",1,80,3,0,1,1,80,3,0,1,6,16,26,3,3,3
"1092",490,"43",2,"8","3",1,80,3,0,1,1,80,3,0,1,6,16,26,3,2,3
"1093",490,"43",2,"8","3",1,80,3,0,1,1,80,3,0,1,6,16,26,3,2,1
"1094",490,"43",2,"8","3",1,80,3,0,1,1,80,3,0,1,6,16,26,3,1,1
"1095",490,"43",2,"8","3",1,80,3,0,1,1,80,3,0,1,6,16,26,3,2,4
"1096",490,"43",2,"8","3",1,80,3,0,1,1,80,3,0,1,6,16,26,3,2,2
"1097",490,"43",2,"8","3",1,80,3,0,1,1,80,3,0,1,6,16,26,3,3,4
"1098",490,"43",2,"8","3",1,80,3,0,1,1,80,3,0,1,6,16,26,3,3,2
"1099",495,"21",2,"4","4",1,40,4,45,2,1,40,4,0,2,12,12,12,NA,NA,1
"1100",495,"21",2,"4","4",1,40,4,45,2,1,40,4,0,2,12,12,12,NA,NA,2
"1101",495,"21",1,"4","3",1,40,4,45,2,1,40,4,0,2,12,12,12,NA,NA,1
"1102",495,"21",1,"4","3",1,40,4,45,2,1,40,4,0,2,12,12,12,NA,NA,2
"1103",495,"26",NA,NA,NA,2,30,4,45,2,2,30,4,0,2,12,5,6,NA,NA,1
"1104",495,"43",NA,NA,NA,3,20,2,0,1,3,20,2,0,1,1,NA,NA,3,1,2
"1105",495,"43",NA,NA,NA,3,20,2,0,1,3,20,2,0,1,1,NA,NA,3,1,1
"1106",495,"43",NA,NA,NA,3,20,2,0,1,3,20,2,0,1,1,NA,NA,3,2,3
"1107",495,"43",NA,NA,NA,3,20,2,0,1,3,20,2,0,1,1,NA,NA,3,2,4
"1108",495,"43",NA,NA,NA,3,20,2,0,1,3,20,2,0,1,1,NA,NA,3,3,2
"1109",495,"43",NA,NA,NA,3,20,2,0,1,3,20,2,0,1,1,NA,NA,3,1,4
"1110",495,"43",NA,NA,NA,3,20,2,0,1,3,20,2,0,1,1,NA,NA,3,3,1
"1111",495,"43",NA,NA,NA,3,20,2,0,1,3,20,2,0,1,1,NA,NA,3,2,2
"1112",495,"43",NA,NA,NA,3,20,2,0,1,3,20,2,0,1,1,NA,NA,3,3,3
"1113",495,"43",NA,NA,NA,3,20,2,0,1,3,20,2,0,1,1,NA,NA,3,3,4
"1114",495,"43",NA,NA,NA,3,20,2,0,1,3,20,2,0,1,1,NA,NA,3,2,1
"1115",495,"43",NA,NA,NA,3,20,2,0,1,3,20,2,0,1,1,NA,NA,3,1,3
"1116",499,"21",2,"5","2",1,60,3,0,2,1,60,3,0,2,4,25,17,0,NA,NA
"1117",499,"25",NA,NA,NA,2,30,3,0,2,2,30,3,0,2,NA,8,5,1,NA,NA
"1118",499,"43",NA,NA,NA,3,10,3,0,1,3,10,2,0,1,NA,NA,NA,3,1,3
"1119",499,"43",NA,NA,NA,3,10,3,0,1,3,10,2,0,1,NA,NA,NA,3,2,1
"1120",499,"43",NA,NA,NA,3,10,3,0,1,3,10,2,0,1,NA,NA,NA,3,1,4
"1121",499,"43",NA,NA,NA,3,10,3,0,1,3,10,2,0,1,NA,NA,NA,3,1,2
"1122",499,"43",NA,NA,NA,3,10,3,0,1,3,10,2,0,1,NA,NA,NA,3,4,4
"1123",499,"43",NA,NA,NA,3,10,3,0,1,3,10,2,0,1,NA,NA,NA,3,4,3
"1124",499,"43",NA,NA,NA,3,10,3,0,1,3,10,2,0,1,NA,NA,NA,3,1,1
"1125",499,"43",NA,NA,NA,3,10,3,0,1,3,10,2,0,1,NA,NA,NA,3,4,2
"1126",499,"43",NA,NA,NA,3,10,3,0,1,3,10,2,0,1,NA,NA,NA,3,2,2
"1127",499,"43",NA,NA,NA,3,10,3,0,1,3,10,2,0,1,NA,NA,NA,3,2,4
"1128",499,"43",NA,NA,NA,3,10,3,0,1,3,10,2,0,1,NA,NA,NA,3,2,3
"1129",499,"43",NA,NA,NA,3,10,3,0,1,3,10,2,0,1,NA,NA,NA,3,4,1
"1130",499,"43",NA,NA,NA,3,10,3,0,1,3,10,2,0,1,NA,NA,NA,3,3,2
"1131",499,"43",NA,NA,NA,3,10,3,0,1,3,10,2,0,1,NA,NA,NA,3,3,4
"1132",499,"43",NA,NA,NA,3,10,3,0,1,3,10,2,0,1,NA,NA,NA,3,3,3
"1133",499,"43",NA,NA,NA,3,10,3,0,1,3,10,2,0,1,NA,NA,NA,3,3,1
"1134",504,"25",1,"5","2",1,90,4,25,2,1,90,4,0,2,22,39,33,NA,1,NA
"1135",504,"25",2,"9","3",1,90,4,25,2,1,90,4,0,2,22,39,33,NA,1,NA
"1136",508,"25",2,"5","2",1,40,3,0,3,2,40,4,0,3,2,7,14,0,NA,2
"1137",508,"25",2,"5","2",1,40,3,0,3,2,40,4,0,3,2,7,14,0,NA,1
"1138",508,"43",NA,NA,NA,2,40,2,0,1,1,50,3,0,1,1,3,14,3,4,1
"1139",508,"43",NA,NA,NA,2,40,2,0,1,1,50,3,0,1,1,3,14,3,4,4
"1140",508,"43",NA,NA,NA,2,40,2,0,1,1,50,3,0,1,1,3,14,3,2,3
"1141",508,"43",NA,NA,NA,2,40,2,0,1,1,50,3,0,1,1,3,14,3,1,4
"1142",508,"43",NA,NA,NA,2,40,2,0,1,1,50,3,0,1,1,3,14,3,2,1
"1143",508,"43",NA,NA,NA,2,40,2,0,1,1,50,3,0,1,1,3,14,3,2,2
"1144",508,"43",NA,NA,NA,2,40,2,0,1,1,50,3,0,1,1,3,14,3,2,4
"1145",508,"43",NA,NA,NA,2,40,2,0,1,1,50,3,0,1,1,3,14,3,3,3
"1146",508,"43",NA,NA,NA,2,40,2,0,1,1,50,3,0,1,1,3,14,3,1,1
"1147",508,"43",NA,NA,NA,2,40,2,0,1,1,50,3,0,1,1,3,14,3,3,1
"1148",508,"43",NA,NA,NA,2,40,2,0,1,1,50,3,0,1,1,3,14,3,3,2
"1149",508,"43",NA,NA,NA,2,40,2,0,1,1,50,3,0,1,1,3,14,3,1,3
"1150",508,"43",NA,NA,NA,2,40,2,0,1,1,50,3,0,1,1,3,14,3,3,4
"1151",508,"43",NA,NA,NA,2,40,2,0,1,1,50,3,0,1,1,3,14,3,4,3
"1152",508,"43",NA,NA,NA,2,40,2,0,1,1,50,3,0,1,1,3,14,3,1,2
"1153",508,"43",NA,NA,NA,2,40,2,0,1,1,50,3,0,1,1,3,14,3,4,2
"1154",514,"25",2,"9","2",1,70,3,0,2,1,80,3,0,2,10,35,29,0,4,1
"1155",514,"43",NA,NA,NA,2,20,2,0,1,2,20,2,0,1,NA,NA,1,3,3,1
"1156",514,"43",NA,NA,NA,2,20,2,0,1,2,20,2,0,1,NA,NA,1,3,3,2
"1157",514,"43",NA,NA,NA,2,20,2,0,1,2,20,2,0,1,NA,NA,1,3,3,3
"1158",514,"43",NA,NA,NA,2,20,2,0,1,2,20,2,0,1,NA,NA,1,3,4,1
"1159",514,"43",NA,NA,NA,2,20,2,0,1,2,20,2,0,1,NA,NA,1,3,4,2
"1160",514,"43",NA,NA,NA,2,20,2,0,1,2,20,2,0,1,NA,NA,1,3,2,3
"1161",514,"43",NA,NA,NA,2,20,2,0,1,2,20,2,0,1,NA,NA,1,3,2,1
"1162",514,"43",NA,NA,NA,2,20,2,0,1,2,20,2,0,1,NA,NA,1,3,4,3
"1163",514,"43",NA,NA,NA,2,20,2,0,1,2,20,2,0,1,NA,NA,1,3,1,2
"1164",514,"43",NA,NA,NA,2,20,2,0,1,2,20,2,0,1,NA,NA,1,3,2,2
"1165",514,"43",NA,NA,NA,2,20,2,0,1,2,20,2,0,1,NA,NA,1,3,1,1
"1166",514,"43",NA,NA,NA,2,20,2,0,1,2,20,2,0,1,NA,NA,1,3,1,3
"1167",527,"26",1,"0","2",1,90,4,0,2,1,90,4,0,2,36,29,23,2,1,2
"1168",527,"26",1,"0","2",1,90,4,0,2,1,90,4,0,2,36,29,23,2,1,1
"1169",527,"26",2,"0","3",1,90,4,0,2,1,90,4,0,2,36,29,23,2,1,2
"1170",527,"26",2,"0","3",1,90,4,0,2,1,90,4,0,2,36,29,23,2,1,1
"1171",530,"25",2,"8","3",1,60,3,40,2,1,60,4,0,2,14,40,35,0,4,NA
"1172",530,"43",NA,NA,NA,2,40,2,0,1,2,40,2,0,1,NA,1,3,3,4,1
"1173",530,"43",NA,NA,NA,2,40,2,0,1,2,40,2,0,1,NA,1,3,3,4,2
"1174",530,"43",NA,NA,NA,2,40,2,0,1,2,40,2,0,1,NA,1,3,3,3,3
"1175",530,"43",NA,NA,NA,2,40,2,0,1,2,40,2,0,1,NA,1,3,3,3,4
"1176",530,"43",NA,NA,NA,2,40,2,0,1,2,40,2,0,1,NA,1,3,3,4,4
"1177",530,"43",NA,NA,NA,2,40,2,0,1,2,40,2,0,1,NA,1,3,3,4,3
"1178",530,"43",NA,NA,NA,2,40,2,0,1,2,40,2,0,1,NA,1,3,3,3,2
"1179",530,"43",NA,NA,NA,2,40,2,0,1,2,40,2,0,1,NA,1,3,3,2,3
"1180",530,"43",NA,NA,NA,2,40,2,0,1,2,40,2,0,1,NA,1,3,3,2,4
"1181",530,"43",NA,NA,NA,2,40,2,0,1,2,40,2,0,1,NA,1,3,3,3,1
"1182",530,"43",NA,NA,NA,2,40,2,0,1,2,40,2,0,1,NA,1,3,3,2,2
"1183",530,"43",NA,NA,NA,2,40,2,0,1,2,40,2,0,1,NA,1,3,3,1,4
"1184",530,"43",NA,NA,NA,2,40,2,0,1,2,40,2,0,1,NA,1,3,3,1,1
"1185",530,"43",NA,NA,NA,2,40,2,0,1,2,40,2,0,1,NA,1,3,3,2,1
"1186",530,"43",NA,NA,NA,2,40,2,0,1,2,40,2,0,1,NA,1,3,3,1,3
"1187",530,"43",NA,NA,NA,2,40,2,0,1,2,40,2,0,1,NA,1,3,3,1,2
"1188",532,"43",NA,NA,NA,3,20,3,0,1,3,20,3,0,1,3,5,7,3,1,4
"1189",532,"43",NA,NA,NA,3,20,3,0,1,3,20,3,0,1,3,5,7,3,4,2
"1190",532,"43",NA,NA,NA,3,20,3,0,1,3,20,3,0,1,3,5,7,3,1,2
"1191",532,"43",NA,NA,NA,3,20,3,0,1,3,20,3,0,1,3,5,7,3,1,1
"1192",532,"43",NA,NA,NA,3,20,3,0,1,3,20,3,0,1,3,5,7,3,4,4
"1193",532,"43",NA,NA,NA,3,20,3,0,1,3,20,3,0,1,3,5,7,3,4,1
"1194",532,"43",NA,NA,NA,3,20,3,0,1,3,20,3,0,1,3,5,7,3,2,1
"1195",532,"43",NA,NA,NA,3,20,3,0,1,3,20,3,0,1,3,5,7,3,2,2
"1196",532,"43",NA,NA,NA,3,20,3,0,1,3,20,3,0,1,3,5,7,3,2,4
"1197",534,"21",2,"8","3",1,70,3,40,2,1,70,4,0,2,32,45,30,NA,NA,1
"1198",534,"43",NA,NA,NA,2,20,2,0,1,2,20,2,0,1,NA,2,NA,3,2,4
"1199",534,"43",NA,NA,NA,2,20,2,0,1,2,20,2,0,1,NA,2,NA,3,1,3
"1200",534,"43",NA,NA,NA,2,20,2,0,1,2,20,2,0,1,NA,2,NA,3,2,3
"1201",534,"43",NA,NA,NA,2,20,2,0,1,2,20,2,0,1,NA,2,NA,3,2,1
"1202",534,"43",NA,NA,NA,2,20,2,0,1,2,20,2,0,1,NA,2,NA,3,1,2
"1203",534,"43",NA,NA,NA,2,20,2,0,1,2,20,2,0,1,NA,2,NA,3,2,2
"1204",534,"43",NA,NA,NA,2,20,2,0,1,2,20,2,0,1,NA,2,NA,3,4,3
"1205",534,"43",NA,NA,NA,2,20,2,0,1,2,20,2,0,1,NA,2,NA,3,1,1
"1206",534,"43",NA,NA,NA,2,20,2,0,1,2,20,2,0,1,NA,2,NA,3,4,2
"1207",534,"43",NA,NA,NA,2,20,2,0,1,2,20,2,0,1,NA,2,NA,3,4,4
"1208",534,"43",NA,NA,NA,2,20,2,0,1,2,20,2,0,1,NA,2,NA,3,3,1
"1209",534,"43",NA,NA,NA,2,20,2,0,1,2,20,2,0,1,NA,2,NA,3,4,1
"1210",534,"43",NA,NA,NA,2,20,2,0,1,2,20,2,0,1,NA,2,NA,3,3,4
"1211",534,"43",NA,NA,NA,2,20,2,0,1,2,20,2,0,1,NA,2,NA,3,3,3
"1212",534,"43",NA,NA,NA,2,20,2,0,1,2,20,2,0,1,NA,2,NA,3,1,4
"1213",534,"43",NA,NA,NA,2,20,2,0,1,2,20,2,0,1,NA,2,NA,3,3,2
"1214",536,"25",2,"8","3",1,70,4,40,2,1,70,4,54,2,29,24,25,NA,1,NA
"1215",536,"43",NA,NA,NA,2,30,3,0,1,2,30,3,0,1,1,1,1,3,2,2
"1216",536,"43",NA,NA,NA,2,30,3,0,1,2,30,3,0,1,1,1,1,3,3,1
"1217",536,"43",NA,NA,NA,2,30,3,0,1,2,30,3,0,1,1,1,1,3,3,2
"1218",536,"43",NA,NA,NA,2,30,3,0,1,2,30,3,0,1,1,1,1,3,2,3
"1219",536,"43",NA,NA,NA,2,30,3,0,1,2,30,3,0,1,1,1,1,3,3,3
"1220",536,"43",NA,NA,NA,2,30,3,0,1,2,30,3,0,1,1,1,1,3,1,3
"1221",536,"43",NA,NA,NA,2,30,3,0,1,2,30,3,0,1,1,1,1,3,1,2
"1222",536,"43",NA,NA,NA,2,30,3,0,1,2,30,3,0,1,1,1,1,3,3,4
"1223",536,"43",NA,NA,NA,2,30,3,0,1,2,30,3,0,1,1,1,1,3,1,4
"1224",536,"43",NA,NA,NA,2,30,3,0,1,2,30,3,0,1,1,1,1,3,2,1
"1225",536,"43",NA,NA,NA,2,30,3,0,1,2,30,3,0,1,1,1,1,3,2,4
"1226",536,"43",NA,NA,NA,2,30,3,0,1,2,30,3,0,1,1,1,1,3,1,1
"1227",537,"21",2,"0","3",1,80,4,35,2,1,80,4,0,2,37,39,46,NA,1,NA
"1228",537,"43",NA,NA,NA,2,20,2,0,1,2,20,2,0,1,NA,NA,NA,3,1,1
"1229",537,"43",NA,NA,NA,2,20,2,0,1,2,20,2,0,1,NA,NA,NA,3,3,3
"1230",537,"43",NA,NA,NA,2,20,2,0,1,2,20,2,0,1,NA,NA,NA,3,3,1
"1231",537,"43",NA,NA,NA,2,20,2,0,1,2,20,2,0,1,NA,NA,NA,3,1,3
"1232",537,"43",NA,NA,NA,2,20,2,0,1,2,20,2,0,1,NA,NA,NA,3,3,2
"1233",537,"43",NA,NA,NA,2,20,2,0,1,2,20,2,0,1,NA,NA,NA,3,2,1
"1234",537,"43",NA,NA,NA,2,20,2,0,1,2,20,2,0,1,NA,NA,NA,3,2,2
"1235",537,"43",NA,NA,NA,2,20,2,0,1,2,20,2,0,1,NA,NA,NA,3,1,2
"1236",537,"43",NA,NA,NA,2,20,2,0,1,2,20,2,0,1,NA,NA,NA,3,2,3
"1237",539,"25",NA,NA,NA,1,50,3,40,3,1,40,4,0,3,9,17,17,0,4,4
"1238",539,"26",1,"0","1",2,40,4,40,3,2,40,4,0,3,8,11,9,NA,3,1
"1239",539,"26",2,"4","3",2,40,4,40,3,2,40,4,0,3,8,11,9,NA,3,1
"1240",539,"43",NA,NA,NA,3,10,3,0,1,3,20,3,0,1,NA,2,8,3,2,2
"1241",539,"43",NA,NA,NA,3,10,3,0,1,3,20,3,0,1,NA,2,8,3,2,4
"1242",539,"43",NA,NA,NA,3,10,3,0,1,3,20,3,0,1,NA,2,8,3,2,3
"1243",539,"43",NA,NA,NA,3,10,3,0,1,3,20,3,0,1,NA,2,8,3,1,1
"1244",539,"43",NA,NA,NA,3,10,3,0,1,3,20,3,0,1,NA,2,8,3,2,1
"1245",539,"43",NA,NA,NA,3,10,3,0,1,3,20,3,0,1,NA,2,8,3,3,2
"1246",539,"43",NA,NA,NA,3,10,3,0,1,3,20,3,0,1,NA,2,8,3,1,4
"1247",539,"43",NA,NA,NA,3,10,3,0,1,3,20,3,0,1,NA,2,8,3,1,3
"1248",539,"43",NA,NA,NA,3,10,3,0,1,3,20,3,0,1,NA,2,8,3,3,1
"1249",539,"43",NA,NA,NA,3,10,3,0,1,3,20,3,0,1,NA,2,8,3,4,3
"1250",539,"43",NA,NA,NA,3,10,3,0,1,3,20,3,0,1,NA,2,8,3,3,4
"1251",539,"43",NA,NA,NA,3,10,3,0,1,3,20,3,0,1,NA,2,8,3,3,3
"1252",539,"43",NA,NA,NA,3,10,3,0,1,3,20,3,0,1,NA,2,8,3,4,4
"1253",539,"43",NA,NA,NA,3,10,3,0,1,3,20,3,0,1,NA,2,8,3,1,2
"1254",539,"43",NA,NA,NA,3,10,3,0,1,3,20,3,0,1,NA,2,8,3,4,2
"1255",539,"43",NA,NA,NA,3,10,3,0,1,3,20,3,0,1,NA,2,8,3,4,1
"1256",54,"42",NA,NA,NA,2,40,3,0,1,1,80,3,0,1,2,10,23,3,4,2
"1257",54,"42",NA,NA,NA,2,40,3,0,1,1,80,3,0,1,2,10,23,3,4,1
"1258",54,"42",NA,NA,NA,2,40,3,0,1,1,80,3,0,1,2,10,23,3,1,3
"1259",54,"42",NA,NA,NA,2,40,3,0,1,1,80,3,0,1,2,10,23,3,4,4
"1260",54,"42",NA,NA,NA,2,40,3,0,1,1,80,3,0,1,2,10,23,3,1,2
"1261",54,"42",NA,NA,NA,2,40,3,0,1,1,80,3,0,1,2,10,23,3,3,2
"1262",54,"42",NA,NA,NA,2,40,3,0,1,1,80,3,0,1,2,10,23,3,2,4
"1263",54,"42",NA,NA,NA,2,40,3,0,1,1,80,3,0,1,2,10,23,3,1,4
"1264",54,"42",NA,NA,NA,2,40,3,0,1,1,80,3,0,1,2,10,23,3,2,2
"1265",54,"42",NA,NA,NA,2,40,3,0,1,1,80,3,0,1,2,10,23,3,3,4
"1266",54,"42",NA,NA,NA,2,40,3,0,1,1,80,3,0,1,2,10,23,3,2,3
"1267",54,"42",NA,NA,NA,2,40,3,0,1,1,80,3,0,1,2,10,23,3,4,3
"1268",54,"42",NA,NA,NA,2,40,3,0,1,1,80,3,0,1,2,10,23,3,3,3
"1269",54,"42",NA,NA,NA,2,40,3,0,1,1,80,3,0,1,2,10,23,3,1,1
"1270",54,"42",NA,NA,NA,2,40,3,0,1,1,80,3,0,1,2,10,23,3,3,1
"1271",54,"42",NA,NA,NA,2,40,3,0,1,1,80,3,0,1,2,10,23,3,2,1
"1272",54,"43",2,"4","3",1,40,3,0,1,NA,NA,NA,NA,NA,3,3,NA,3,NA,NA
"1273",542,"21",2,"6","3",1,60,4,0,2,1,60,4,0,2,19,17,15,NA,NA,1
"1274",542,"26",1,"0","2",2,20,4,0,2,2,20,4,0,2,8,7,6,1,NA,NA
"1275",542,"43",NA,NA,NA,3,20,2,0,1,3,20,2,0,1,NA,NA,NA,3,3,1
"1276",542,"43",NA,NA,NA,3,20,2,0,1,3,20,2,0,1,NA,NA,NA,3,3,3
"1277",542,"43",NA,NA,NA,3,20,2,0,1,3,20,2,0,1,NA,NA,NA,3,1,4
"1278",542,"43",NA,NA,NA,3,20,2,0,1,3,20,2,0,1,NA,NA,NA,3,1,1
"1279",542,"43",NA,NA,NA,3,20,2,0,1,3,20,2,0,1,NA,NA,NA,3,3,4
"1280",542,"43",NA,NA,NA,3,20,2,0,1,3,20,2,0,1,NA,NA,NA,3,3,2
"1281",542,"43",NA,NA,NA,3,20,2,0,1,3,20,2,0,1,NA,NA,NA,3,1,2
"1282",542,"43",NA,NA,NA,3,20,2,0,1,3,20,2,0,1,NA,NA,NA,3,2,4
"1283",542,"43",NA,NA,NA,3,20,2,0,1,3,20,2,0,1,NA,NA,NA,3,2,1
"1284",542,"43",NA,NA,NA,3,20,2,0,1,3,20,2,0,1,NA,NA,NA,3,1,3
"1285",542,"43",NA,NA,NA,3,20,2,0,1,3,20,2,0,1,NA,NA,NA,3,2,2
"1286",542,"43",NA,NA,NA,3,20,2,0,1,3,20,2,0,1,NA,NA,NA,3,2,3
"1287",549,"21",2,"8","3",1,60,4,0,3,1,60,4,0,3,31,32,23,NA,NA,1
"1288",549,"21",2,"8","3",1,60,4,0,3,1,60,4,0,3,31,32,23,NA,NA,2
"1289",549,"25",NA,NA,NA,2,20,4,0,3,3,10,4,0,3,2,2,2,NA,NA,2
"1290",549,"43",NA,NA,NA,3,20,3,0,1,2,20,3,0,1,6,6,6,3,1,1
"1291",549,"43",NA,NA,NA,3,20,3,0,1,2,20,3,0,1,6,6,6,3,1,2
"1292",549,"43",NA,NA,NA,3,20,3,0,1,2,20,3,0,1,6,6,6,3,2,1
"1293",549,"43",NA,NA,NA,3,20,3,0,1,2,20,3,0,1,6,6,6,3,2,2
"1294",549,"43",NA,NA,NA,3,20,3,0,1,2,20,3,0,1,6,6,6,3,3,1
"1295",549,"43",NA,NA,NA,3,20,3,0,1,2,20,3,0,1,6,6,6,3,3,2
"1296",553,"21",NA,NA,NA,NA,NA,NA,NA,NA,NA,NA,NA,NA,NA,1,1,1,NA,NA,1
"1297",553,"25",2,"5","4",1,50,4,0,3,1,50,4,0,3,15,16,18,1,NA,NA
"1298",553,"26",1,"0","1",2,30,4,0,3,2,30,4,0,3,7,6,3,0,NA,NA
"1299",553,"43",NA,NA,NA,3,10,3,0,1,3,10,3,0,1,3,3,4,2,4,2
"1300",553,"43",NA,NA,NA,3,10,3,0,1,3,10,3,0,1,3,3,4,2,4,1
"1301",553,"43",NA,NA,NA,3,10,3,0,1,3,10,3,0,1,3,3,4,2,4,4
"1302",555,"25",NA,NA,NA,2,30,3,20,3,2,40,3,0,3,NA,1,5,0,NA,3
"1303",555,"25",NA,NA,NA,2,30,3,20,3,2,40,3,0,3,NA,1,5,0,NA,2
"1304",555,"43",NA,NA,NA,1,50,3,0,1,1,50,3,0,1,NA,NA,6,3,3,4
"1305",555,"43",NA,NA,NA,1,50,3,0,1,1,50,3,0,1,NA,NA,6,3,3,3
"1306",555,"43",NA,NA,NA,1,50,3,0,1,1,50,3,0,1,NA,NA,6,3,3,1
"1307",555,"43",NA,NA,NA,1,50,3,0,1,1,50,3,0,1,NA,NA,6,3,3,2
"1308",555,"43",NA,NA,NA,1,50,3,0,1,1,50,3,0,1,NA,NA,6,3,4,4
"1309",555,"43",NA,NA,NA,1,50,3,0,1,1,50,3,0,1,NA,NA,6,3,4,3
"1310",555,"43",NA,NA,NA,1,50,3,0,1,1,50,3,0,1,NA,NA,6,3,4,1
"1311",555,"43",NA,NA,NA,1,50,3,0,1,1,50,3,0,1,NA,NA,6,3,4,2
"1312",555,"43",NA,NA,NA,1,50,3,0,1,1,50,3,0,1,NA,NA,6,3,1,4
"1313",555,"43",NA,NA,NA,1,50,3,0,1,1,50,3,0,1,NA,NA,6,3,1,3
"1314",555,"43",NA,NA,NA,1,50,3,0,1,1,50,3,0,1,NA,NA,6,3,1,1
"1315",555,"43",NA,NA,NA,1,50,3,0,1,1,50,3,0,1,NA,NA,6,3,1,2
"1316",555,"43",NA,NA,NA,1,50,3,0,1,1,50,3,0,1,NA,NA,6,3,2,4
"1317",555,"43",NA,NA,NA,1,50,3,0,1,1,50,3,0,1,NA,NA,6,3,2,3
"1318",555,"43",NA,NA,NA,1,50,3,0,1,1,50,3,0,1,NA,NA,6,3,2,1
"1319",555,"43",NA,NA,NA,1,50,3,0,1,1,50,3,0,1,NA,NA,6,3,2,2
"1320",557,"25",2,"8","3",1,70,3,0,2,1,70,4,0,2,17,31,30,NA,NA,2
"1321",557,"43",NA,NA,NA,2,20,3,0,1,2,20,2,0,1,NA,NA,NA,1,2,1
"1322",557,"43",NA,NA,NA,2,20,3,0,1,2,20,2,0,1,NA,NA,NA,1,2,2
"1323",557,"43",NA,NA,NA,2,20,3,0,1,2,20,2,0,1,NA,NA,NA,1,1,1
"1324",557,"43",NA,NA,NA,2,20,3,0,1,2,20,2,0,1,NA,NA,NA,1,1,2
"1325",576,"25",2,"8","3",1,70,3,0,2,1,70,4,0,2,7,35,30,0,NA,NA
"1326",576,"25",1,"7","0",1,70,3,0,2,1,70,4,0,2,7,35,30,0,NA,NA
"1327",576,"43",NA,NA,NA,2,30,2,0,1,2,30,2,0,1,NA,NA,NA,3,3,1
"1328",576,"43",NA,NA,NA,2,30,2,0,1,2,30,2,0,1,NA,NA,NA,3,3,4
"1329",576,"43",NA,NA,NA,2,30,2,0,1,2,30,2,0,1,NA,NA,NA,3,3,3
"1330",576,"43",NA,NA,NA,2,30,2,0,1,2,30,2,0,1,NA,NA,NA,3,3,2
"1331",576,"43",NA,NA,NA,2,30,2,0,1,2,30,2,0,1,NA,NA,NA,3,1,1
"1332",576,"43",NA,NA,NA,2,30,2,0,1,2,30,2,0,1,NA,NA,NA,3,1,4
"1333",576,"43",NA,NA,NA,2,30,2,0,1,2,30,2,0,1,NA,NA,NA,3,1,3
"1334",576,"43",NA,NA,NA,2,30,2,0,1,2,30,2,0,1,NA,NA,NA,3,1,2
"1335",576,"43",NA,NA,NA,2,30,2,0,1,2,30,2,0,1,NA,NA,NA,3,2,1
"1336",576,"43",NA,NA,NA,2,30,2,0,1,2,30,2,0,1,NA,NA,NA,3,2,4
"1337",576,"43",NA,NA,NA,2,30,2,0,1,2,30,2,0,1,NA,NA,NA,3,2,3
"1338",576,"43",NA,NA,NA,2,30,2,0,1,2,30,2,0,1,NA,NA,NA,3,2,2
"1339",576,"43",NA,NA,NA,2,30,2,0,1,2,30,2,0,1,NA,NA,NA,3,4,1
"1340",576,"43",NA,NA,NA,2,30,2,0,1,2,30,2,0,1,NA,NA,NA,3,4,4
"1341",576,"43",NA,NA,NA,2,30,2,0,1,2,30,2,0,1,NA,NA,NA,3,4,3
"1342",576,"43",NA,NA,NA,2,30,2,0,1,2,30,2,0,1,NA,NA,NA,3,4,2
"1343",578,"25",1,"0","1",1,90,4,25,2,1,90,4,0,2,3,14,18,0,1,1
"1344",578,"25",2,"9","2",1,90,4,25,2,1,90,4,0,2,3,14,18,0,1,1
"1345",581,"21",2,"4","3",2,40,4,25,2,2,30,4,0,2,9,25,16,0,NA,NA
"1346",599,"25",1,"7","2",1,60,4,25,2,1,60,4,0,2,10,18,22,0,4,NA
"1347",599,"25",2,"9","3",1,60,4,25,2,1,60,4,0,2,10,18,22,0,4,NA
"1348",599,"43",NA,NA,NA,2,20,3,0,1,2,20,2,0,1,NA,NA,1,3,2,4
"1349",599,"43",NA,NA,NA,2,20,3,0,1,2,20,2,0,1,NA,NA,1,3,3,4
"1350",599,"43",NA,NA,NA,2,20,3,0,1,2,20,2,0,1,NA,NA,1,3,4,4
"1351",599,"43",NA,NA,NA,2,20,3,0,1,2,20,2,0,1,NA,NA,1,3,1,4
"1352",623,"26",1,"0","4",1,100,4,0,3,1,100,4,0,2,22,10,7,NA,1,2
"1353",623,"26",1,"0","4",1,100,4,0,3,1,100,4,0,2,22,10,7,NA,1,1
"1354",623,"26",2,"0","4",1,100,4,0,3,1,100,4,0,2,22,10,7,NA,1,2
"1355",623,"26",2,"0","4",1,100,4,0,3,1,100,4,0,2,22,10,7,NA,1,1
"1356",627,"26",1,"0","4",1,100,4,0,3,2,50,1,0,1,54,23,16,2,2,3
"1357",627,"26",1,"0","4",1,100,4,0,3,2,50,1,0,1,54,23,16,2,2,1
"1358",627,"26",1,"0","4",1,100,4,0,3,2,50,1,0,1,54,23,16,2,2,2
"1359",627,"26",1,"0","4",1,100,4,0,3,2,50,1,0,1,54,23,16,2,2,4
"1360",627,"26",1,"0","4",1,100,4,0,3,2,50,1,0,1,54,23,16,2,1,3
"1361",627,"26",1,"0","4",1,100,4,0,3,2,50,1,0,1,54,23,16,2,1,1
"1362",627,"26",1,"0","4",1,100,4,0,3,2,50,1,0,1,54,23,16,2,1,2
"1363",627,"26",1,"0","4",1,100,4,0,3,2,50,1,0,1,54,23,16,2,1,4
"1364",627,"26",1,"0","4",1,100,4,0,3,1,50,4,0,2,54,23,16,2,2,3
"1365",627,"26",1,"0","4",1,100,4,0,3,1,50,4,0,2,54,23,16,2,2,1
"1366",627,"26",1,"0","4",1,100,4,0,3,1,50,4,0,2,54,23,16,2,2,2
"1367",627,"26",1,"0","4",1,100,4,0,3,1,50,4,0,2,54,23,16,2,2,4
"1368",627,"26",1,"0","4",1,100,4,0,3,1,50,4,0,2,54,23,16,2,1,3
"1369",627,"26",1,"0","4",1,100,4,0,3,1,50,4,0,2,54,23,16,2,1,1
"1370",627,"26",1,"0","4",1,100,4,0,3,1,50,4,0,2,54,23,16,2,1,2
"1371",627,"26",1,"0","4",1,100,4,0,3,1,50,4,0,2,54,23,16,2,1,4
"1372",627,"26",2,"0","4",1,100,4,0,3,2,50,1,0,1,54,23,16,2,2,3
"1373",627,"26",2,"0","4",1,100,4,0,3,2,50,1,0,1,54,23,16,2,2,1
"1374",627,"26",2,"0","4",1,100,4,0,3,2,50,1,0,1,54,23,16,2,2,2
"1375",627,"26",2,"0","4",1,100,4,0,3,2,50,1,0,1,54,23,16,2,2,4
"1376",627,"26",2,"0","4",1,100,4,0,3,2,50,1,0,1,54,23,16,2,1,3
"1377",627,"26",2,"0","4",1,100,4,0,3,2,50,1,0,1,54,23,16,2,1,1
"1378",627,"26",2,"0","4",1,100,4,0,3,2,50,1,0,1,54,23,16,2,1,2
"1379",627,"26",2,"0","4",1,100,4,0,3,2,50,1,0,1,54,23,16,2,1,4
"1380",627,"26",2,"0","4",1,100,4,0,3,1,50,4,0,2,54,23,16,2,2,3
"1381",627,"26",2,"0","4",1,100,4,0,3,1,50,4,0,2,54,23,16,2,2,1
"1382",627,"26",2,"0","4",1,100,4,0,3,1,50,4,0,2,54,23,16,2,2,2
"1383",627,"26",2,"0","4",1,100,4,0,3,1,50,4,0,2,54,23,16,2,2,4
"1384",627,"26",2,"0","4",1,100,4,0,3,1,50,4,0,2,54,23,16,2,1,3
"1385",627,"26",2,"0","4",1,100,4,0,3,1,50,4,0,2,54,23,16,2,1,1
"1386",627,"26",2,"0","4",1,100,4,0,3,1,50,4,0,2,54,23,16,2,1,2
"1387",627,"26",2,"0","4",1,100,4,0,3,1,50,4,0,2,54,23,16,2,1,4
"1388",66,"71",1,"0","3",1,70,4,0,1,1,70,4,0,1,2,4,4,1,NA,1
"1389",66,"71",1,"0","3",1,70,4,0,1,1,70,4,0,1,2,4,4,1,NA,2
"1390",66,"71",2,"3","3",1,70,4,0,1,1,70,4,0,1,2,4,4,1,NA,1
"1391",66,"71",2,"3","3",1,70,4,0,1,1,70,4,0,1,2,4,4,1,NA,2
"1392",69,"21",2,"6","2",1,70,2,10,2,1,70,3,0,2,2,7,11,1,NA,NA
"1393",69,"21",1,"0","1",1,70,2,10,2,1,70,3,0,2,2,7,11,1,NA,NA
"1394",69,"22",NA,NA,NA,3,10,2,10,2,2,20,3,0,2,NA,3,7,NA,4,NA
"1395",69,"43",NA,NA,NA,2,20,2,0,1,NA,NA,NA,NA,NA,NA,NA,NA,1,1,NA
"1396",72,"21",2,"0","3",1,100,3,35,2,1,100,4,0,2,24,32,41,1,NA,NA
"1397",72,"21",1,"0","1",1,100,3,35,2,1,100,4,0,2,24,32,41,1,NA,NA
"1398",90,"378",NA,NA,NA,NA,NA,NA,NA,NA,NA,NA,NA,NA,NA,NA,NA,1,NA,NA,1
"1399",90,"42",NA,NA,NA,NA,NA,NA,NA,NA,1,50,3,0,1,NA,NA,14,NA,NA,2
"1400",90,"42",NA,NA,NA,NA,NA,NA,NA,NA,1,50,3,0,1,NA,NA,14,NA,NA,1
"1401",90,"43",1,"7","0",1,60,3,0,1,3,10,3,0,1,7,14,9,3,1,1
"1402",90,"43",1,"7","0",1,60,3,0,1,3,10,3,0,1,7,14,9,3,2,2
"1403",90,"43",1,"7","0",1,60,3,0,1,3,10,3,0,1,7,14,9,3,1,2
"1404",90,"43",1,"7","0",1,60,3,0,1,3,10,3,0,1,7,14,9,3,2,1
"1405",90,"43",1,"7","0",1,60,3,0,1,3,10,3,0,1,7,14,9,3,4,2
"1406",90,"43",1,"7","0",1,60,3,0,1,3,10,3,0,1,7,14,9,3,4,1
"1407",90,"43",2,"7","3",1,60,3,0,1,3,10,3,0,1,7,14,9,3,1,1
"1408",90,"43",2,"7","3",1,60,3,0,1,3,10,3,0,1,7,14,9,3,2,2
"1409",90,"43",2,"7","3",1,60,3,0,1,3,10,3,0,1,7,14,9,3,1,2
"1410",90,"43",2,"7","3",1,60,3,0,1,3,10,3,0,1,7,14,9,3,2,1
"1411",90,"43",2,"7","3",1,60,3,0,1,3,10,3,0,1,7,14,9,3,4,2
"1412",90,"43",2,"7","3",1,60,3,0,1,3,10,3,0,1,7,14,9,3,4,1
"1413",90,"71",NA,NA,NA,2,30,3,0,1,2,20,3,0,1,4,7,8,3,1,2
"1414",90,"71",NA,NA,NA,2,30,3,0,1,2,20,3,0,1,4,7,8,3,2,1
"1415",90,"71",NA,NA,NA,2,30,3,0,1,2,20,3,0,1,4,7,8,3,1,1
"1416",90,"71",NA,NA,NA,2,30,3,0,1,2,20,3,0,1,4,7,8,3,2,2
"1417",90,"71",NA,NA,NA,2,30,3,0,1,2,20,3,0,1,4,7,8,3,2,3
"1418",90,"71",NA,NA,NA,2,30,3,0,1,2,20,3,0,1,4,7,8,3,4,1
"1419",90,"71",NA,NA,NA,2,30,3,0,1,2,20,3,0,1,4,7,8,3,1,3
"1420",90,"71",NA,NA,NA,2,30,3,0,1,2,20,3,0,1,4,7,8,3,4,3
"1421",90,"71",NA,NA,NA,2,30,3,0,1,2,20,3,0,1,4,7,8,3,4,2
"1422",94,"21",1,"0","1",1,100,3,30,2,1,100,4,0,2,14,46,59,0,NA,NA
"1423",94,"21",2,"0","3",1,100,3,30,2,1,100,4,0,2,14,46,59,0,NA,NA
