"Estadillo","lat","lng","ClaIFN3","SubclaseIFN3","ClaIFN4","SubclaseIFN4","Stem_NFI2","BranchesOver7cm_NFI2","Branches7to2cm_NFI2","BranchesUnder2cmLeaves_NFI2","Roots_NFI2","TotalC_NFI2","Stem_NFI3","BranchesOver7cm_NFI3","Branches7to2cm_NFI3","BranchesUnder2cmLeaves_NFI3","Roots_NFI3","TotalC_NFI3","Stem_NFI4","BranchesOver7cm_NFI4","Branches7to2cm_NFI4","BranchesUnder2cmLeaves_NFI4","Roots_NFI4","TotalC_NFI4"
22,42.857966,-4.898488,"A","4","A","1",85.3115217450028,5.51267698488662,14.0199448701509,7.09006140512956,36.3650858991011,148.299290904271,57.5550640472296,5.30073813586038,13.0611849502731,8.91008184789938,26.7979030998182,111.624972081081,69.5414168865657,8.40435185833775,15.3882824356417,10.0361703123209,29.7364365459408,133.106658038807
23,42.848966,-4.898212,"A","3C",NA,NA,78.6375400360447,16.8845689225846,18.6652255747402,13.4565984017937,26.2225477875511,153.866480722714,85.3061524927463,18.3340343817742,20.9110833910735,15.6338510541566,29.5660645173706,169.751185837121,0,0,0,0,0,0
24,42.84937112,-4.88538975,"A","1","A","1",1.39150496573213,0.156450186179908,0.458241967925093,0.413864241990933,0.613303643940149,3.03336500576821,2.32581948256429,0.245130188702228,0.719248530651498,0.631993628369125,0.962630609205288,4.88482243949243,13.5909610349028,0.516424934553284,3.50003700377073,3.15619568493044,6.1226375080939,26.8862561662511
25,42.849569,-4.861516,"A","1",NA,NA,1.89504388138837,0,0.165572308747803,0.127452806315443,1.29785093409261,3.48591993054423,2.2315679294033,0,0.210063941499836,0.134089440118421,1.43842332163476,4.01414463265632,0,0,0,0,0,0
50,42.92601198,-4.56981941,NA,NA,"A","4",0,0,0,0,0,0,0,0,0,0,0,0,19.7707171781264,0.199147279292169,5.43494942671037,5.28344525876778,16.9227535192911,47.6110126621878
51,42.917313,-4.54501,"A","4","A","1",0,0,0,0,0,0,19.2979217793851,0,7.59246857610666,18.443002373608,23.9682202884377,69.3016130175374,56.4967151680742,0,11.6140040143665,20.3179200136647,42.9726365104667,131.401275706572
52,42.904935,-4.777437,"A","1","A","1",25.3629680868881,4.61430346402027,6.15721275955267,4.73318644519646,8.24071404687604,49.1083848025335,36.2041676764848,5.96673912271546,9.32142739067015,9.56541516477484,17.8821639269588,78.939913281604,48.0703734913802,6.9297862778414,10.6183166856097,7.93741009449301,15.5899830385768,89.1458695879011
53,42.905124,-4.765193,"A","1",NA,NA,12.7590144829718,0,1.85486716071377,1.69988571260645,6.96742683205233,23.2811941883444,16.6150904918737,0,3.39897026121397,3.12203983186443,9.82182976037382,32.9579303453259,0,0,0,0,0,0
57,42.907978,-4.569276,"A","4C",NA,NA,0,0,0,0,0,0,0.837754967052343,0,0.19085419279768,0.48739609772462,0.979212723993618,2.49521798156826,0,0,0,0,0,0
58,42.896684,-4.72821,"A","1",NA,NA,13.8339667860309,0,4.00701868288187,10.7753852898774,15.6364666481723,44.2528374069625,33.709972687328,0,5.88823811035611,12.7667792454309,26.896892846903,79.261882890018,0,0,0,0,0,0
59,42.896868,-4.715967,"A","3E",NA,NA,0,0,0,0,0,0,11.4514091993374,0,5.2281001249557,15.4356727543312,16.88517997408,49.0003620527042,0,0,0,0,0,0
60,42.89766952,-4.64260042,"A","1","A","1",25.6408731879493,2.83972295631127,8.214570329642,7.33257004313466,10.9942481684603,55.0219846854974,23.9023560183809,3.00569421560012,7.43590219225483,6.5515768505747,9.95209131791681,50.8476205947274,35.6441202113519,4.11630186796262,11.0835602273937,9.79452124196118,15.1096051196763,75.7481086683456
62,42.887497,-4.740199,"A","4","A","1",9.53351494051167,0,3.63509712013461,9.93828870519862,12.351068559338,35.4579693251829,30.8799715502343,0,6.01810305624851,11.0336775813579,23.4613159327186,71.3930681205592,76.9532404230636,0,7.3349941849827,10.8336038577384,37.2309707854403,132.352809251225
67,42.890308,-4.544335,"A","1",NA,NA,7.42434909912592,0,1.0287337993027,2.38490233866105,6.93224446297723,17.7702297000669,25.8438867288303,0,4.86385361048419,3.34138340422992,13.1156190997674,47.1647428433118,0,0,0,0,0,0
68,42.87624031,-4.85072573,NA,NA,"A","1",0,0,0,0,0,0,0,0,0,0,0,0,0.130172978393572,0.000208948728021344,0.418193508337213,0.268366479913123,0.771848096521376,1.5887900118933
70,42.878121,-4.764423,"A","3C",NA,NA,19.9622534137106,0,6.55719913469714,15.6928303467697,22.3179694569161,64.5302523520935,51.0446055434068,0,8.84669256508592,15.7437058849236,35.7685598963947,111.403563889811,0,0,0,0,0,0
71,42.878309,-4.752185,"A","1",NA,NA,45.4016963783624,0,6.49067664721184,11.7748277826522,29.8340287081995,93.5012295164261,48.5091426767694,0,6.19568499367992,9.49239279562843,27.3489190132204,91.5461394792982,0,0,0,0,0,0
73,42.878866,-4.715468,"A","3C",NA,NA,1.0994633553313,0,0.664842451585676,2.45105710974379,2.10503579846463,6.32039871512539,10.2589364693751,0,3.38390435005066,8.25292073300775,11.2112233154447,33.1069848678782,0,0,0,0,0,0
77,42.8678215,-4.8501191,NA,NA,"A","4C",0,0,0,0,0,0,0,0,0,0,0,0,3.86547814506348,0,1.66878280832856,3.98464191353398,4.82147795479281,14.3403808217188
79,42.86912,-4.764167,"A","4","A","1",11.1776793244899,0,4.33368301525299,11.5942506309465,14.0543742039719,41.1599871746613,34.0518586311397,0,5.8381924871212,10.7282363413412,24.4015610720261,75.0198485316282,72.9773804657826,0,6.75419039773873,9.90528290970868,34.5109113025139,124.147765075744
80,42.869308,-4.75193,"A","4","A","1",0,0,0,0,0,0,0.104352266079244,0,0.235992446647221,0.832719407305122,0.352358301046798,1.52542242107838,0.751163511533586,0,0.937001319450198,2.51499754326985,1.5808585070847,5.78402088133834
81,42.869864,-4.715219,"A","3C",NA,NA,16.2623296949786,0,6.0530392015302,19.2729456911799,23.0625467681847,64.6508613558734,49.3971816542574,0,9.82641619668703,21.6145574694955,42.3542299876895,123.192385308129,0,0,0,0,0,0
82,42.870047,-4.702981,"A","4","A","1",7.87342588694178,0,4.10175160258357,12.3687002671272,12.47413870007,36.8180164567225,32.7874103447958,0,7.70919516853739,15.8127093360599,28.9207037433218,85.2300185927149,81.5690863538757,0,9.55002421735861,15.4512869268956,45.6829124295733,152.253309927703
89,42.871971,-4.568364,"A","4","A","1",15.8433636695787,0,3.83345776185804,5.19526297636012,12.7364452244561,37.608529632253,20.6690872604226,0,4.12041350730628,4.88768031017955,14.1242442408125,43.8014253187209,48.3131215381207,0,9.27937457941009,7.12463839987422,25.5786016749464,90.2957361923514
91,42.872304,-4.543886,"A","1","A","1",0,0,0,0,0,0,2.58733243918346,0.0305236060394446,0.433630348323492,0.572857270941848,2.51094568212362,6.13528934661187,9.3308590952375,1.87220809966107,1.4419359595785,1.32928629885194,5.89962933389781,19.8739187872268
92,42.858965,-4.837318,"A","1",NA,NA,27.2883757672814,0,6.2767464445901,13.7409015200335,24.628389404276,71.934413136181,46.0681897669756,0,7.12459280170484,12.8594543174974,31.2415084180894,97.2937453042672,0,0,0,0,0,0
93,42.860494,-4.73944,"A","1",NA,NA,1.34811405933247,0,0.773236907268203,2.43221501627049,2.30003004741667,6.85359603028783,8.11294693996427,0,4.28961493153816,11.6211157949082,11.4788405396557,35.5025182060663,0,0,0,0,0,0
95,42.860863,-4.714969,"A","4C","A","1",0,0,0,0,0,0,1.15373487261575,0.514074842947757,0,2.27145934780753,2.61784814482631,6.55711720819735,17.5671594992917,5.54625380222038,0,18.2464139076728,28.2434560376922,69.603283246877
96,42.861046,-4.702734,"A","4",NA,NA,0.328324297174996,0,0.233704377213203,0.887453912518435,0.692892185596583,2.14237477250322,5.54416517609232,1.58216221772748,1.1984188591424,10.5790783411552,11.5021091161229,30.4059337102403,0,0,0,0,0,0
100,42.86246,-4.604846,"A","4","A","4",62.2825908898563,1.38966683471506,17.4201888896911,15.0339992187969,27.1972658105211,123.32371164358,53.823784825829,2.10100218973401,14.0882122160001,11.3525514851598,18.8554355416163,100.220986258339,99.061185377524,7.97136194465099,23.450576476176,17.7211478259282,31.3858725564981,179.590144180777
102,42.86262983,-4.56755122,"A","1","A","1",56.3203776506442,7.34608772495135,14.6596543225854,11.7741128446215,19.620244421642,109.720476964444,67.1254046008339,7.69736837804624,15.3576813750405,11.3260255056293,20.5544725474027,122.060952406953,83.5698550829452,9.07206239083913,17.008897090225,11.4656665504779,23.1177137732909,144.234194887778
103,42.863136,-4.555899,"A","3E","A","1",15.4253162082592,0.0988299781572746,5.0763154420345,4.58340443335215,6.79405854615728,31.9779246079604,93.4208594645545,9.78658572256178,20.3035283905736,17.0814854539337,40.3709476001929,180.963406631816,97.3108193058527,14.2829439205609,18.5771106836177,14.9793317672723,38.6245195436423,183.774725220946
104,42.863302,-4.543662,"A","4","A","1",18.5700827797764,0.633686228456512,6.72234765250936,6.94959228921751,11.6456918621179,44.5214008120777,35.6480262389375,0.0385906742523241,11.5774315360556,10.5306664970687,16.0813925466566,73.8761074929707,50.9428043679683,0.25242851497167,13.8934645787584,11.8082091911536,19.9429028723998,96.8398095252518
105,42.849767,-4.849284,"A","1",NA,NA,0,0,0,0,0,0,3.70243849857779,0,1.88158592700169,5.85467586226958,5.8544155076833,17.2931157955324,0,0,0,0,0,0
106,42.849964,-4.837051,"A","1",NA,NA,2.1417182435513,0,0.520836911563061,1.04263774921231,1.72245437161204,5.42764727593871,12.613595867776,0.0564642146706401,2.91914124536552,3.88688891647711,9.15646108154629,28.6325513258355,0,0,0,0,0,0
107,42.851306,-4.751421,"A","1",NA,NA,6.35123850388444,0,3.93464089982802,11.9294942888551,10.954121856211,33.1694955487786,38.4405610234406,0,8.68371080711126,17.369036244587,32.7147730111083,97.2080810862471,0,0,0,0,0,0
108,42.852406,-4.678019,"A","1","A","1",4.00100844936622,1.71544327805895,1.71544327805895,2.37067017313329,1.68078287978501,11.4833480584024,24.0594336676153,7.11039293708334,7.11039293708334,9.82626279213053,9.18069836396112,57.2871806978736,66.1200031755924,12.5967850872293,12.5967850872293,17.4082250725625,19.490514346662,128.212312769275
112,42.834223,-4.689762,"A","1",NA,NA,2.84552745954672,0,0.389689519419389,0.594431687408084,2.16446978484941,5.99411845122361,9.0316324066802,0,1.55613218995341,1.72748119207018,5.92413519615431,18.2393809848581,0,0,0,0,0,0
128,42.94497,-4.496672,"A","4","A","1",46.801355690841,1.22773076202615,8.35234275617253,7.71693177688031,23.0262859429233,87.1246469288432,85.5203518573258,6.57771979936996,14.2323554158175,11.0353955551869,32.0238487015608,149.389671329261,125.907439435458,9.97590741758907,21.1453714962488,10.1929530684322,39.7675640738133,206.989235491541
129,42.94513,-4.484419,"A","1",NA,NA,28.6513846947654,0,4.46086378096324,6.95064833774811,21.2030044681307,61.2659012816075,39.5233407483206,0,6.18295938973254,8.20417683987056,26.6125006320953,80.522977610019,0,0,0,0,0,0
144,42.918438,-4.459274,"A","1",NA,NA,68.9370981608563,42.6382473923011,11.6390739024065,9.58724492140031,46.5372534676051,179.338917844569,86.6668396440384,63.5756832087428,14.1402150757711,10.6951426897851,48.871813637298,223.949694255635,0,0,0,0,0,0
145,42.918594,-4.447025,"A","1",NA,NA,53.2053618382873,0,7.89237887737405,6.71850430113449,29.7394367510156,97.5556817678114,70.644595771161,0,11.4927592404724,5.4072941218136,30.5084063012975,118.053055434745,0,0,0,0,0,0
146,42.918901,-4.422528,"A","4","A","1",2.6860175671113,0,0.185288526444405,0.93482697452826,2.93580037006424,6.74193343814821,35.2686703807359,30.321331514649,5.07640116606995,4.20217564661008,22.3250781882092,97.1936568962742,36.2526355706608,25.6082665062597,5.51454235718136,4.98388984558969,25.7385515354264,98.0978858151179
147,42.919053,-4.410279,"A","4","A","1",32.6008560492302,6.17944295644956,6.49087878034275,6.65871145895009,28.6101471368694,80.540036381842,48.7575221991387,6.97353078246795,8.04562183779127,6.952612683374,24.7870158960457,95.5163033988177,59.2650927870789,10.7913431853477,9.42498978266961,7.36938192149122,26.4456503037631,113.29645798035
152,42.908962,-4.4958,"A","1",NA,NA,16.5072695602316,0,2.64220385057402,2.49245748081429,9.79446131791215,31.4363922095321,31.570516577529,0,6.28257110952313,4.01379667766502,16.1447284806108,58.011612845328,0,0,0,0,0,0
157,42.911631,-4.275352,"A","4","A","4",12.7354222202495,0,3.53247493268077,4.58541784006889,10.6571914126877,31.5105064056869,17.3799143107747,0,2.87543981980852,4.28364415247235,13.0616166781239,37.6006149611795,89.6377451754703,0,16.3547345508402,9.49037508975287,41.5277516090203,157.010606425084
159,42.899799,-4.507827,"A","1",NA,NA,15.2759405711503,0,3.55709142622566,3.36669629057338,10.065574716442,32.2653030043913,29.3913824949556,0,6.14935303652878,5.63160482092325,17.7254300565007,58.8977704089082,0,0,0,0,0,0
163,42.890797,-4.507608,"A","4C",NA,NA,0,0,0,0,0,0,5.18809745476576,0,1.7351419904077,2.46709897005381,4.9716240207504,14.3619624359777,0,0,0,0,0,0
166,42.893625,-4.27498,"A","1",NA,NA,0,0,0,0,0,0,0.638045800657685,0,0.230323940684412,0.287370165246726,0.58263441567081,1.73837432225963,0,0,0,0,0,0
169,42.882273,-4.470666,NA,NA,NA,NA,0.463930641066589,0,0.0585211830502344,0.164709450605802,0.462153129031851,1.14931440375448,NA,NA,NA,NA,NA,NA,NA,NA,NA,NA,NA,NA
170,42.885025,-4.238067,"A","3E","A","1",0,0,0,0,0,0,55.2096412426531,12.7277219377783,10.566630505465,8.5523370041915,31.0654362877154,118.121766977803,64.9620997546807,22.5266881242431,11.2407412044148,7.66882366792719,29.3292586053371,135.727611356603
177,42.875619,-4.27461,"A","4",NA,NA,1.13863343992498,0,0.246338814523167,0.519029734213565,1.15591481787128,3.059916806533,1.54198348072421,0,0.443236188946671,1.01817783293609,1.84399240728439,4.84738990989136,0,0,0,0,0,0
179,42.876022,-4.237887,"A","1",NA,NA,24.2413708896914,0.00179570184892589,5.21695040823924,6.50785188391509,17.7820725957202,53.7500414794149,39.2854724384695,0.0149316909624762,7.72861372496678,6.40970913086039,22.1409521267753,75.5796791120344,0,0,0,0,0,0
182,42.86718041,-4.22554958,NA,NA,"A","1",0,0,0,0,0,0,0,0,0,0,0,0,15.6618631414242,0,3.45896780446206,1.92196942212605,7.44931670191503,28.4921170699273
183,42.854627,-4.518967,"A","4",NA,NA,24.287565968033,0,6.1494785142417,7.12575673183473,18.2516546374911,55.8144558516005,41.5876717978408,0,8.93869595184848,7.03377074117175,21.1231472193482,78.6832857102092,0,0,0,0,0,0
189,42.847769,-4.347466,"A","1",NA,NA,6.97375234849973,2.71226068337139,2.71226068337139,3.74822973517736,3.02635595473415,19.172859405154,27.7562426794329,7.45140975122421,7.45140975122421,10.297533629331,9.85087683252076,62.8074726437331,0,0,0,0,0,0
191,42.83818,-4.396202,"A","3E",NA,NA,0,0,0,0,0,0,1.10597253586641,0,0.178453911938388,0.570194865318748,1.28111862955913,3.13573994268268,0,0,0,0,0,0
192,42.839607,-4.273869,"A","1",NA,NA,25.5814814634122,6.7640499125841,6.7640499125841,9.34763135712198,9.09972362214593,57.5569362678483,64.5646643332694,12.36648476337,12.36648476337,17.0899597497628,18.7112080688355,125.098801678608,0,0,0,0,0,0
195,42.81307064,-4.89692111,NA,NA,"A","1",0,0,0,0,0,0,0,0,0,0,0,0,5.17811573191686,0,2.31640144604983,6.98900555841177,7.61716393201262,22.1006866683911
196,42.813167,-4.884886,"A","3E","A","1",15.8201975276644,0,2.10114355349758,3.79001059568913,12.6847048101252,34.3960564869763,67.9952759969073,0,12.4865656052832,23.8635192906105,54.615008201528,158.960369094329,25.1001505720935,0,3.0435332188521,4.75760083693509,13.9955595999949,46.8968442278757
197,42.795166,-4.884339,"A","4","A","1",10.5494422221964,0.00883260403471294,1.97930931195227,3.17507694193629,8.46687328160438,24.1795343617241,0.761054618990139,0.000254750297441394,0.464522056458358,0.364788322112397,1.0081699272033,2.59878967506164,24.1376689737625,0.186311415916094,5.15061302657529,3.7188204160399,11.6100204011232,44.803434233417
199,42.777565,-4.859357,"A","3E","A","6C",0,0,0,0,0,0,8.51589989139097,0,1.61870859090824,1.71232097638538,5.5843631111606,17.4312925698452,0.972812137353471,0,0.298349017747938,0.656896114819208,1.16982066271405,3.09787793263467
201,42.759364,-4.871033,"A","4",NA,NA,17.346376892256,0,4.17497837201167,8.97041786931083,15.8714147119411,46.3631878455196,31.6832420716656,0.702249226989715,4.17999263988241,6.32706327404571,16.2431352599787,59.1356824725621,0,0,0,0,0,0
202,42.750164,-4.882975,"A","1",NA,NA,6.22921891707965,0,0.977055527076323,2.2234914584519,4.32860542389581,13.7583713265037,13.3264004438941,0,1.86112870612455,3.1848181843345,7.57974408493845,25.9520914192916,0,0,0,0,0,0
204,42.740962,-4.894913,"A","3E","A","1",36.1594884575593,0,4.953177922895,10.1360724632912,25.0915733047178,76.3403121484633,45.809789278465,0,5.96414645689554,10.7195509024633,28.4026455616164,90.8961321994403,35.9405926630601,0,4.48437937893878,7.3920298315078,20.7245796201288,68.5415814936354
206,42.741363,-4.870492,"A","1",NA,NA,42.365136445337,0,5.04556440617365,10.7579204015535,27.6149936723553,85.7836149254195,17.9346601647014,0,1.8035489051613,3.02145985133715,9.61446156013945,32.3741304813393,0,0,0,0,0,0
207,42.731961,-4.894639,"A","1",NA,NA,53.8316946792824,0,6.67575911120563,13.4956142670863,35.4522898018551,109.455357859429,61.2400400600932,0,5.98115354668702,10.0640309974772,32.492139605271,109.777364209528,0,0,0,0,0,0
208,42.732163,-4.88243,"A","1",NA,NA,37.2815757873422,2.89674048833202,7.81594692802835,14.28783960541,23.9749871300636,86.2570899391762,44.2690753288566,1.29823083729545,6.14053711260924,9.7240797213367,23.7307583168633,85.1626813169612,0,0,0,0,0,0
209,42.723162,-4.882158,"A","1",NA,NA,10.1706126474276,0.0238461834687822,1.59150402051015,5.05982664309459,7.15301103111326,23.9988005256143,14.805513152289,0.423703531392986,2.81048316593812,5.03258934179229,9.75022885291884,32.8225180443313,0,0,0,0,0,0
210,42.714161,-4.881886,"A","1",NA,NA,29.4178952061676,3.57798241041844,6.81693857728352,13.0406336881071,17.2595720385355,70.1130219205122,44.3053907169604,5.15518957649803,7.59909511096238,11.4603030840283,17.7617883073874,86.2817667958366,0,0,0,0,0,0
214,42.69636,-4.86914,"A","1",NA,NA,13.4983288585125,0.0168921595515699,2.80511218588797,8.21526738608361,11.8658676408062,36.4014682308418,33.1972947425448,0.00281338654591391,5.68823846418715,11.0676960803677,24.2964290143018,74.2524716879473,0,0,0,0,0,0
216,42.68716,-4.88107,"A","1",NA,NA,22.4191158446401,0,3.32504802176997,7.03925510223947,16.3085238601688,49.0919428288183,58.3240125099591,0,5.0221404060515,8.26946811897983,28.8295832058505,100.445204240841,0,0,0,0,0,0
218,42.687558,-4.856669,"A","1",NA,NA,14.0002392478091,0.0142834900322474,3.37890650719883,8.87317606634147,12.6646090631578,38.9312143745394,34.757027253166,0,5.89873061723481,10.4440258829273,24.2507609676719,75.350544721,0,0,0,0,0,0
220,42.668957,-4.892724,"A","1",NA,NA,43.3944191831245,0,6.99942983657446,15.1257368389794,33.5013702778229,99.0209561365013,37.8962444592003,0,4.01552752076616,7.22187686429623,21.7062487238302,70.8398975680929,0,0,0,0,0,0
223,42.79596,-4.835453,"A","3C",NA,NA,1.61434726243227,0,0.525346816721803,0.949957658129181,1.75593722938477,4.84558896666802,7.19223628473327,0,1.72862073916382,3.06673113364684,6.81042734027022,18.7980154978141,0,0,0,0,0,0
224,42.796734,-4.786564,"A","1",NA,NA,0.398834703655251,0,0.0671783672395731,0.138300870898564,0.364197717897196,0.968511659690585,1.15526167781582,0,0.160780004187632,0.332340985966772,0.988475700836509,2.63685836880673,0,0,0,0,0,0
231,42.772443,-4.602519,"A","4",NA,NA,20.5108852794363,0,6.87082758975909,15.9988524699417,22.9391317917426,66.3196971308796,34.4598711933638,0,5.59373312154133,9.65633059038521,23.2839979622628,72.9939328675531,0,0,0,0,0,0
233,42.77362686,-4.54141932,NA,NA,"A","1",0,0,0,0,0,0,0,0,0,0,0,0,8.04308035178454,0.196652420642141,3.0548609229985,7.70291839363012,9.65695207455214,28.6544641636074
235,42.761666,-4.724451,"A","1",NA,NA,4.53437259242459,0,1.10173160770701,1.61292712287506,3.86689454666207,11.1159258696687,5.6845166112143,0,1.21275346459907,1.22014545571971,3.69221232795592,11.809627859489,0,0,0,0,0,0
238,42.763948,-4.565635,"A","4",NA,NA,0,0,0,0,0,0,0.453280471729146,0,0.258551952751507,0.754641785916536,0.729229248541251,2.19570345893844,0,0,0,0,0,0
239,42.764114,-4.553418,"A","4C","A","4",0,0,0,0,0,0,1.36493845189927,0.268659910136843,0.4996275243407,0.664363662047361,0.856389791207758,3.65397933963193,58.6190715852902,6.83319482889363,13.3738185336965,13.0597727103041,21.5272168449294,113.413074503114
240,42.76428,-4.5412,"A","4C",NA,NA,0,0,0,0,0,0,0.717379900422404,0,0.259728760209452,0.281780643645339,0.604688038670225,1.86357734294742,0,0,0,0,0,0
243,42.754268,-4.61427,"A","1",NA,NA,28.9620848943495,7.77222891073504,7.88207466072078,11.1630159633931,11.3714760550573,67.1508804842556,49.7887742923736,9.08565342756818,9.08565342756818,12.5559893816681,14.4046585260298,94.9207290552079,0,0,0,0,0,0
244,42.754439,-4.602055,"A","3E",NA,NA,0,0,0,0,0,0,54.9683090106272,10.0263507627631,10.0263507627631,13.8559933765633,15.2845350633372,104.161538976054,0,0,0,0,0,0
246,42.754778,-4.577624,"A","4","A","1",34.5153687615981,0.140140445610939,0,8.32414592686136,13.1997511778666,56.179406311937,51.1552182628445,0.161316770400871,0,10.2715836767035,19.5659733309888,81.1540920409376,56.861402997478,0.153753248958985,0,10.1430935132384,21.2456372489895,88.403887008665
247,42.754946,-4.565409,"A","4C","A","1",0,0,0,0,0,0,4.94661994959552,0,1.43383126811759,3.01542982134753,5.03018850389234,14.426069542953,31.3476490969116,1.0176334810315,6.30828294406272,8.72879514886677,18.9019858832988,66.3043465541714
248,42.755112,-4.553193,"A","4C","A","4",0,0,0,0,0,0,1.49562236995653,0,0.51808502741091,1.76215407141446,2.13433304038898,5.91019450917089,32.4704644681687,0,6.32220844094424,12.4434329351687,25.5801637232402,76.8162695675219
249,42.755277,-4.540977,"A","4C","A","4",0,0,0,0,0,0,4.75810401307738,0,1.6250463449696,3.90065370300317,5.42493159656635,15.7087356576165,24.681514950874,0,6.49103427490504,14.457659417032,24.1693680156901,69.7995766585012
251,42.742728,-4.785012,"A","1",NA,NA,24.7058744600379,0,6.5514890451823,14.1758695203673,23.6155184160785,69.048751441666,27.7711717628235,0,4.12706719648803,7.03760038254832,17.8660203226249,56.8018596644848,0,0,0,0,0,0
253,42.744209,-4.687314,"A","1",NA,NA,4.91202425857689,0,0.925477267613842,2.33896650846939,5.2644433329387,13.4409113675988,7.55438439333671,0,1.34888831550385,2.52360693259859,6.65861238442131,18.0854920258605,0,0,0,0,0,0
254,42.745437,-4.601823,"A","4","A","1",31.8507311172726,0.216412070146908,6.73776263196742,13.1957155366368,25.4429543287806,77.4435756848043,21.7243349783863,0,3.14891002915563,5.37378430074474,13.8447813352356,44.0918106435223,52.8808892267853,0.0114252493919337,5.94600554394701,8.48421177634257,26.9046849844973,94.2272167809642
256,42.745944,-4.565182,"A","4C",NA,NA,0,0,0,0,0,0,2.56688595553897,0.425709790863439,0.759900736103426,0.955545833662582,1.08934121243969,5.79738352860811,0,0,0,0,0,0
258,42.733536,-4.796964,"A","4","A","1",39.3868219142529,9.35385635788531,9.9262197683798,14.3100474216736,14.3258794404072,87.3028249025988,52.1587178545681,7.10968741920684,8.64328744913034,12.885542108137,17.7612007198906,98.558435550933,61.4331485906516,6.6242785808721,8.16997195957189,11.7712048228864,18.2180839445765,106.216687898558
261,42.736774,-4.577167,"A","4C","A","1",0,0,0,0,0,0,5.09979757247266,1.14214665268002,1.13150806118614,2.13984794440133,1.88198123130797,11.3952814620481,29.3268538853541,4.19950791631474,4.28266775357049,7.85827096026832,9.53927544140111,55.2065759569087
262,42.736942,-4.564956,"A","4C","A","1",0,0,0,0,0,0,2.84207037147147,0,1.39403738715039,5.11055995989431,4.87514071326187,14.221808431778,28.4871464663197,1.30547986395168,6.90419670903653,13.5683623647006,22.7346498624233,72.9998352664318
263,42.72484493,-4.78452548,NA,NA,"A","1",0,0,0,0,0,0,0,0,0,0,0,0,14.6979178300037,0,4.00470269573208,9.66398353385954,15.2044829080481,43.5710869676434
264,42.724915,-4.772288,"A","1",NA,NA,22.6909959131829,1.33781837876673,2.06844024912362,7.02182457585172,9.55490182072187,42.6739809376469,42.2259246735582,1.52875970866682,4.69641487896578,9.2881523414117,19.5058277368261,77.2450793394286,0,0,0,0,0,0
265,42.727772,-4.576939,"A","1",NA,NA,24.3255131765081,0.298168942008312,5.01618435498449,9.10791698651168,17.9363985935379,56.6841820535505,45.4985706725502,1.06951968084814,6.60661303667328,9.52414743536598,23.9390730690325,86.6379238944701,0,0,0,0,0,0
268,42.716103,-4.759825,"A","1",NA,NA,3.176238686967,0.88206479739936,1.1290510368567,1.79055575721357,1.66704851807385,8.64495879651048,16.1587096724463,3.87512483869896,4.15502648312342,5.84984760901014,6.1710494276391,36.2097580309179,0,0,0,0,0,0
269,42.71877,-4.576711,"A","4",NA,NA,0,0,0,0,0,0,11.6510541308821,0.200501968891555,3.64862681536315,8.86508156814545,12.6738581952274,37.0391226785097,0,0,0,0,0,0
270,42.718938,-4.564503,"A","1",NA,NA,3.95210049966408,1.7971274995021,1.7971274995021,2.48355431792997,1.79796251861255,11.8278723352108,45.6716929666206,10.9926827310503,10.9926827310503,15.1914233519314,14.3835227851795,97.2320045658321,0,0,0,0,0,0
271,42.705953,-4.832798,"A","3E","A","1",0.939625597744806,0,0.0973175596798667,0.141862935363787,0.686418699757381,1.86522479254584,23.0165857371341,0,3.62448147175003,3.75238884288576,13.6458018774554,44.0392579292252,40.9555136233442,0,6.99199855500613,5.27089693053655,20.8244224320497,74.0428315409366
272,42.706913,-4.771775,"A","1",NA,NA,14.682056698151,0,5.20179762580222,13.0734404660336,17.5614930334644,50.5187878234512,23.690694866613,0,4.39434479985008,7.72941485610485,17.153329969463,52.967784492031,0,0,0,0,0,0
274,42.707288,-4.747365,"A","3E","A","1",2.0782285117517,0,1.33784710946941,4.53502177442949,3.91261458927672,11.8637119849273,18.7164032009422,0.302252763869617,4.88473340232193,10.589317822046,17.2868062111746,51.7795134003544,21.087265553323,0.188231461867619,3.62199082348818,5.39721274307131,12.9208020982363,43.2155026799865
276,42.709258,-4.613103,"A","4C",NA,NA,0,0,0,0,0,0,0.65409664033048,0,0.230967614203857,0.293087010802587,0.597291312690029,1.77544257802695,0,0,0,0,0,0
279,42.6981,-4.759316,"A","1",NA,NA,9.07474494129404,2.22881730232452,2.88008734964697,5.19514524736206,4.88870658103725,24.2675014216648,28.8487312786488,4.4016299994965,5.80629387349202,9.0623958764614,11.6014726559018,59.7205236840005,0,0,0,0,0,0
284,42.689286,-4.74686,"A","1",NA,NA,9.40256542462405,1.03682202680797,3.76098246117443,9.33164724839701,10.0549179407967,33.5869351018002,29.3101547477622,2.50401700645548,6.41856450134385,11.5843527730577,18.6224703582814,68.4395593869006,0,0,0,0,0,0
285,42.689471,-4.734659,"A","1",NA,NA,28.3384772718407,0.89846279848533,4.60944070921683,12.223164973324,18.8465137057917,64.9160594586585,52.7100193676883,3.45221148414296,6.76215151935523,12.1415195158523,23.0132611543949,98.0791630414337,0,0,0,0,0,0
286,42.689655,-4.722457,"A","4","A","1",20.7240694465963,2.94337300294596,5.44723768904565,11.0879056992065,12.6567498045218,52.8593356423163,48.7599630307144,5.48300486147083,7.59799395434343,12.1593004750074,18.1918916002343,92.1921539217703,67.597475483821,5.35881938733688,9.07103235143495,13.0239956709591,25.142758487931,120.194081381483
288,42.690557,-4.661447,"A","1",NA,NA,2.77162775703923,0,0.296672236909839,0.662934450658395,2.40200141523036,6.13323585983783,3.50348928708921,0,0.323186131609197,0.834563604512182,3.17712961864716,7.83836864185774,0,0,0,0,0,0
289,42.690908,-4.637042,"A","1",NA,NA,0.560782441984293,0,0.0736728231572384,0.171887338539247,0.512081029398173,1.31842363307895,0.920925753357637,0,0.154412570227935,0.170617282093374,0.593610019067578,1.83956562474652,0,0,0,0,0,0
291,42.69218251,-4.53947652,NA,NA,"A","1",0,0,0,0,0,0,0,0,0,0,0,0,4.03142410817391,0,1.02942360024424,1.03575172580488,2.80762079861666,8.90422023283968
292,42.680098,-4.758808,"A","1",NA,NA,19.0978018035792,0.359003145263796,4.28521262237156,11.1854013970894,17.8516841894531,52.7791031577571,22.1914376161522,0,2.8775736398962,5.8923294477791,15.0354645584066,45.9968052622342,0,0,0,0,0,0
294,42.68047,-4.734408,"A","1",NA,NA,13.3737151552706,2.70953497850243,4.58917438710527,8.33244244332796,9.1171669561298,38.1220339203361,28.5552661976074,3.43165402424254,6.05601973718552,9.41519649541364,14.3237087519521,61.7818452064012,0,0,0,0,0,0
296,42.680837,-4.710008,"A","1",NA,NA,22.0171580856183,3.81699397976525,3.77119532793731,7.78957484502626,7.85770083081179,45.2526230691589,39.1005565964744,6.95645589691679,6.92930155456614,11.2048822649524,12.1472219192015,76.3384182321113,0,0,0,0,0,0
299,42.670529,-4.795147,"A","1",NA,NA,29.8371987667393,2.06110659114289,6.95583637862707,14.1914726678184,22.1586551726555,75.2042695769831,53.5067043208432,3.5632218311265,8.42409772270048,14.4308895247976,27.7791726603513,107.704086059819,0,0,0,0,0,0
300,42.670719,-4.78295,"A","1",NA,NA,11.3269558287206,1.17186923750068,3.86194067430301,9.05982668222828,10.9202566937876,36.3408491165402,41.4265494328931,3.67980926829554,7.3456016452737,12.0181083879456,20.8888786813365,85.3589474157444,0,0,0,0,0,0
302,42.671283,-4.746356,"A","3E",NA,NA,12.7436631871867,0.00844861423738255,2.47992514629127,6.10120633962468,10.397876729961,31.731120017301,43.1938421906877,0.0677759437718612,3.4181261829203,10.4017282763914,22.2283753003827,79.309847894154,0,0,0,0,0,0
304,42.671652,-4.72196,"A","1",NA,NA,4.97011341287847,0.660248313106362,2.69769685588582,7.91576748628913,6.91946185157164,23.1632879197314,32.7280535547835,3.81802424282922,6.8071201332424,12.1412636994029,18.1901808658443,73.6846424961023,0,0,0,0,0,0
305,42.67186295,-4.70984871,NA,NA,"A","1",0,0,0,0,0,0,0,0,0,0,0,0,1.56578930729708,0,0.450830140857913,0.697550653482602,1.47263124476484,4.18680134640243
306,42.672197,-4.685364,"A","3E","A","1",1.98281967576425,0.867215947582152,0.867215947582152,1.19845582007514,0.851934023777456,5.76764141478116,33.5934997595271,4.98852899018273,7.76585533151649,8.95703241159172,14.6797846844368,69.9847011772549,44.7647830072079,2.68384893047763,8.38561099313393,6.51477788085658,17.2592589605612,79.6082797722372
311,42.67376,-4.575573,"A","4",NA,NA,0,0,0,0,0,0,1.80284077998724,0,0.353917885798946,0.513440212612178,1.41109048460961,4.08128936300797,0,0,0,0,0,0
313,42.818619,-4.518085,"A","4C","A","1",0,0,0,0,0,0,6.947699831504,0,2.41118368460161,2.26695207981917,5.3127155046433,16.9385511005681,35.9071301825223,0,9.4043492407985,5.60016587857791,18.8578334009358,69.7694787028345
319,42.794038,-4.321844,"A","1",NA,NA,2.69802009589457,0,1.37288358226461,3.17747662482393,3.62780443128963,10.8761847342727,18.0538154678475,0,5.14041285834305,12.1396622650309,18.6644080969917,53.9982986882132,0,0,0,0,0,0
320,42.794317,-4.297395,"A","1",NA,NA,5.18114473043673,1.79251716277259,1.79251716277259,2.47718302724811,2.05369002777367,13.2970521110037,27.7890046495743,6.62275792524219,6.62275792524219,9.1523717968798,9.3004893248311,59.4873816217696,0,0,0,0,0,0
321,42.78261,-4.517205,"A","1",NA,NA,30.351717869054,0,6.07258179594764,4.18709669669981,15.5115823842424,56.1229787459439,47.3125491914611,0,8.99719212666146,5.47911864678573,22.4111162490195,84.1999762139279,0,0,0,0,0,0
325,42.764606,-4.516765,"A","4C","A","1",0,0,0,0,0,0,2.17681256899608,0.00589487143897276,1.44439488990239,1.04712808714071,2.48111212620532,7.15534254368348,19.4971035032678,0.106577352976838,6.0776890041141,5.31703744288787,13.185696828168,44.1841041314147
326,42.764927,-4.49233,"A","3E",NA,NA,1.02354011310973,0,0.137953397460608,0.541387820619115,1.24620039314339,2.94908172433285,10.052235912446,0.930467114079801,2.8586495971997,4.12826054491196,7.51708772073907,25.4867008893766,0,0,0,0,0,0
327,42.765243,-4.467894,"A","1","A","1",1.77676185791363,0,1.11575674713737,1.02256993640763,3.15592665671371,7.07101519817234,16.8857126303067,1.16754563033777,10.5240480659454,9.3561622132689,28.8577061053434,66.7911746452022,31.4773026865857,2.57423126477019,19.6544804695663,17.7304735822574,54.7460532648856,126.182541268065
330,42.755765,-4.50433,"A","1",NA,NA,0,0,0,0,0,0,9.54591924346336,4.45969024548445,4.45969024548445,6.16310360220499,4.6408347245954,29.2692380612326,0,0,0,0,0,0
332,42.756083,-4.479897,"A","1",NA,NA,12.3230432200882,1.08844784781143,4.49388842059451,9.17019046348134,11.6774868491198,38.7530568010953,25.9021594183876,0.940684897236163,5.32728405039946,8.36324194981065,16.7591410720539,57.2925113878878,0,0,0,0,0,0
333,42.757305,-4.382164,"A","4C","A","1",0,0,0,0,0,0,1.28960617195472,0.523673306474065,0.523673306474065,0.723694396662816,0.567501245237113,3.62814842680278,7.14948314504963,1.98692453185086,1.98692453185086,2.74584580217393,2.75840116168805,16.6275791726133
335,42.746601,-4.516326,"A","1",NA,NA,0.320786249563082,0,0.0334992204924291,0.155355914600292,0.390569890911202,0.900211275567005,1.14572318387207,0,0.1328355275542,0.234121695936471,0.896761988471297,2.40944239583404,0,0,0,0,0,0
336,42.746922,-4.491898,"A","4",NA,NA,11.3056940949606,1.3181810928823,3.48415069259112,5.56896711235148,8.22067264829645,29.8976656410819,36.3765255181899,2.51677904318469,5.66918134826344,8.96401845643457,17.6172201303368,71.1437244964094,0,0,0,0,0,0
339,42.748302,-4.381964,"A","1",NA,NA,17.4306552874102,6.75266941061226,6.75266941061226,9.33190398395552,7.20599835186312,47.4738964444534,52.413169744221,11.8388465120288,11.8388465120288,16.3607859667192,15.8654198275558,108.317068562553,0,0,0,0,0,0
341,42.749845,-4.247591,"A","1",NA,NA,6.5921198961122,2.35108516266744,2.35108516266744,3.24910041673812,2.71133922587417,17.2547298640594,14.9192500201739,3.09090669920906,3.09090669920906,4.27150254017375,4.79014882218252,30.1627147809483,0,0,0,0,0,0
342,42.739002,-4.406191,"A","4C","A","1",0,0,0,0,0,0,1.49446460527119,0.602355833859513,0.602355833859513,0.832430327022744,0.642533549289293,4.17414014930226,15.9976012267022,4.79195396128425,4.79195396128425,6.62227802711067,6.15422703517889,38.3580142115602
343,42.739151,-4.393978,"A","4",NA,NA,0,0,0,0,0,0,6.76706072975682,0.698591205798817,3.1779129677981,4.33071433271639,9.03855516327155,24.0128343993417,0,0,0,0,0,0
344,42.740299,-4.296268,"A","4","A","1",1.97465198180752,1.05318001562656,1.05318001562656,1.45545030950312,0.963377972447438,6.49984029501121,33.3642439172552,8.79503660449099,9.21477877125889,13.3346350169199,12.7137555299982,77.4224498399232,85.3801404785514,16.3283864766441,16.8995011344226,23.8197919811376,25.1073507455955,167.535170816351
346,42.741235,-4.210767,"A","4",NA,NA,0,0,0,0,0,0,19.5622482888555,5.80124387528488,5.80124387528488,8.01707406949159,7.0997816456839,46.2815917546007,0,0,0,0,0,0
351,42.711994,-4.405581,"A","3C",NA,NA,7.07675183161375,2.82418780164314,2.82418780164314,3.90290828633985,2.93760882956811,19.565644550808,33.5667638039695,8.76902261365529,8.76902261365529,12.1184189670476,11.2596424800824,74.4828704784101,0,0,0,0,0,0
353,42.713698,-4.259079,"A","1",NA,NA,17.458462738184,0,3.01671642420624,3.25055120246381,10.9608674748981,34.6865978397521,4.55657490394015,0,0.865568021889404,0.983321308849535,3.05615648134045,9.46162071601954,0,0,0,0,0,0
355,42.702991,-4.405378,"A","4C","A","1",0,0,0,0,0,0,7.23506488334731,2.08841827568033,2.44520660682161,3.21309562156814,3.43545531492898,18.4172407023464,12.6208364151499,2.91259888580538,3.62333141742389,4.67646158174341,5.76004789563087,29.5932761957534
356,42.704489,-4.28330905,NA,NA,"A","4",0,0,0,0,0,0,0,0,0,0,0,0,28.0445123724939,0,7.17124905395589,6.97320852625529,18.7715674031176,60.9605373558227
357,42.70456,-4.271104,"A","1",NA,NA,0.405236241734041,0,0.20778804210349,0.515116302994468,0.570137569539235,1.69827815637123,3.06640230657565,0.129562070860746,1.26016973774911,2.23769769648103,3.01443942823647,9.70827123990301,0,0,0,0,0,0
358,42.704828,-4.246689,"A","3C",NA,NA,15.8342206591575,5.23321519539264,5.23321519539264,7.23208241973647,6.70040528842326,40.2331387581025,34.8949821389668,7.59973655593186,7.59973655593186,10.502515010117,11.3436830566098,71.9406533175572,0,0,0,0,0,0
359,42.695004,-4.319741,"A","1","A","4",0,0,0,0,0,0,19.6310193911673,5.30760248100491,5.30760248100491,7.33488250733885,6.53076936241011,44.111876222926,15.229578768586,3.02470910806796,3.56760372922941,4.54278602007563,6.39528547224787,32.7599630982069
361,42.683746,-4.50259,"A","1",NA,NA,37.4655908151342,0.0490774197988802,4.2976389032426,11.4503512835406,23.6912702697558,76.9539286914721,39.3402508459203,0.0257756211996256,5.26283532651157,10.188138883618,23.9809096115345,78.797910288784,0,0,0,0,0,0
362,42.685574,-4.35616,"A","3C",NA,NA,4.6739068569093,2.14548155767367,2.14548155767367,2.96496491655479,2.25463100344821,14.1844658922597,11.4866400218296,3.22408614308824,3.22408614308824,4.45555090791465,4.28079173532854,26.6711549512493,0,0,0,0,0,0
364,42.68586,-4.331754,"A","4","A","1",15.5660948759134,5.29648663115649,5.29648663115649,7.31952087223162,6.33964976624409,39.8182387767021,53.6936611959303,11.12488380714,11.1129868145757,16.0359741348772,15.1922186057692,107.159724558292,53.7004251419798,9.09028359019382,9.087551598281,12.7236020328399,13.5498414963663,98.1517038596608
366,42.68628,-4.295144,"A","4",NA,NA,2.69611849180322,0.587013611676467,1.03926246334618,2.0588746579252,1.52931818599502,7.91058741074609,16.8842862862524,1.68249476442124,4.41206655908374,8.54982669679438,7.89139618154436,39.4200704880961,0,0,0,0,0,0
369,42.677277,-4.294957,"A","4","A","1",0,0,0,0,0,0,26.3820181929615,5.23204723070338,6.58298773278847,8.86387490900739,11.7060487472992,58.7669768127599,56.6700447459972,9.34410893966485,10.9534335146189,15.0122104347856,20.166548258401,112.146345893468
381,42.659957,-4.892451,"A","1",NA,NA,46.4575582535896,6.14972275566803,8.47765616632331,14.5668292021839,19.9749649378588,95.6267313156236,38.1924862346468,3.41780664489904,5.38987564547283,8.8182468982312,15.5338092218739,71.3522246451238,0,0,0,0,0,0
383,42.650956,-4.892178,"A","4",NA,NA,15.0770859552683,2.75654396269503,4.4190333188934,8.11966202233646,9.46838017991798,39.8407054391112,15.4325918034778,0.775002994012575,3.26112842777302,5.50700923966007,10.2403611719958,35.2160936369192,0,0,0,0,0,0
385,42.641955,-4.891905,"A","1","A","4",17.4363233407218,1.75719335977312,4.98479129647064,11.1121721232124,14.872593734778,50.1630738549559,40.4415614079129,2.94496637026352,7.21950863267062,12.762739636366,23.2879765454444,86.6567525926574,54.0610521023886,6.00772527770452,7.96918147645448,11.6643503042255,18.290893528716,97.9932026894891
387,42.642356,-4.867522,"A","1",NA,NA,1.51537168299144,0.523150912204355,0.627511660861241,1.03084814222737,0.884004592597134,4.58088699088154,21.4046174480424,3.61816167715314,5.26885815522715,8.50316866901307,10.9147437799645,49.7095497294003,0,0,0,0,0,0
388,42.632955,-4.891632,"A","1","A","4",10.0139081610915,2.17516889234242,3.56808530641321,6.94530767723478,7.13937064981114,29.841840686893,38.2834133080544,4.56231814689066,7.45645977325759,12.3629841465448,18.6060918305231,81.2712672052705,41.0333721850854,3.51520532150151,6.0100656013675,8.7038510809334,16.0368311973609,75.2993253862487
389,42.633156,-4.879442,"A","1",NA,NA,1.13489726172041,0,0.645363258166249,2.34515967278899,2.10536684074626,6.23078703342191,14.9592819175011,0,4.37997348755,11.1734085571748,16.6118827309985,47.1245466932244,0,0,0,0,0,0
391,42.633553,-4.855063,"A","3C","A","1",0.89895796492091,0.274663298252247,0.597800383666106,1.73936855848306,1.27994883683202,4.79073904215434,17.8054172108352,2.10425801621549,4.99484451960428,9.9124198832028,13.5131162161507,48.3300558460085,26.4000690699361,4.92959425605474,6.64311047689,11.0973870521545,12.8289378032423,61.8990986582776
392,42.6236709,-4.89115871,NA,NA,"A","1",0,0,0,0,0,0,0,0,0,0,0,0,29.5299340645382,5.21403194726529,7.19202478623905,11.698485957451,14.1002117141994,67.734688469693
393,42.624155,-4.879171,"A","1",NA,NA,1.4485865424439,0.463852943612809,0.878887863568476,2.31175443160698,1.65422267537599,6.75730445660816,15.4474752228607,3.08470499475053,4.73475866063901,8.41592616285434,9.69999363455445,41.382858675659,0,0,0,0,0,0
394,42.624354,-4.866984,"A","1",NA,NA,8.90741835879315,0.82403964659195,3.89561602251171,10.5209355969268,11.0313499871233,35.1793596119469,46.0495110490234,3.96595303285518,9.3140357709193,15.9599044487706,26.9178838577646,102.207288159333,0,0,0,0,0,0
395,42.614953,-4.891087,"A","1",NA,NA,13.5941336434877,3.47894645855853,3.57999643348593,5.63867503068744,5.09685104289827,31.3886026091178,35.1826457543346,5.9141397378489,6.44674741523973,10.371141659468,12.1133624255413,70.0280369924325,0,0,0,0,0,0
397,42.615353,-4.866715,"A","3C",NA,NA,17.4968559639965,3.967039454925,4.04852684528232,6.25953159802666,6.56822281402609,38.3401766762566,49.2986806196538,7.65641030727863,7.8786304476615,12.1393501833685,14.9325491193736,91.905620677336,0,0,0,0,0,0
399,42.605953,-4.890814,"A","1",NA,NA,9.41778737382132,2.22857541444779,4.04236481684746,9.07723319965804,8.36946622812766,33.1354270329023,30.8793021276697,3.36093132982564,6.94028559316627,12.3956334014215,18.8394602126848,72.4156126647679,0,0,0,0,0,0
400,42.606153,-4.87863,"A","4","A","1",12.2518877940984,2.61720230173953,3.12340682630071,5.64541475885359,5.80257922642444,29.4404909074167,28.9162534519042,4.07441655168738,4.75624209476696,8.57350679900386,11.2689772773951,57.5893961747575,37.4399489566258,4.77787942472821,5.7428192364833,9.03065465802745,13.094638955298,70.0859412311628
401,42.60655,-4.854261,"A","1",NA,NA,17.2987371431757,0.200325351275267,0.874722724458402,6.05658267726592,8.09238595403694,32.5227538502122,35.3601516233741,0.0888414939213554,1.71151624806409,8.72795835013965,16.3603403059191,62.2488080214183,0,0,0,0,0,0
406,42.578951,-4.889998,"A","1",NA,NA,5.83783569888879,0.196652420642141,2.71758589686763,7.901972436337,8.30675329797,24.9607997507056,15.9658022340331,0.481606056810432,3.80280610602787,7.7079246643659,13.2600695839564,41.2182086451937,0,0,0,0,0,0
409,42.543148,-4.876739,"A","4","A","1",17.6536803279173,3.30821960454743,4.65080635143739,5.82047239230655,7.92423114692385,39.3574098231325,58.7317680897031,3.33570784037161,11.3618698128203,8.4005803280346,22.1521286518583,103.982054722788,88.2989214929411,4.14779576021709,15.7852273135982,10.5061576288426,30.8023084888474,149.540410684446
410,42.543346,-4.864567,"A","4","A","1",41.8398126162595,4.85606614255185,4.78672011428662,10.7863547306866,13.1976172848796,75.4665708886642,40.8898096647676,4.55234163430484,4.51175461970198,8.79727562919484,11.3295096287105,70.0806911766797,84.268793672188,7.50829017713427,7.77452797734246,15.6293500114949,23.5782900033198,138.759251841479
413,42.524946,-4.888369,"A","1",NA,NA,1.53538278705302,0.734942401702432,0.734942401702432,1.01565936511661,0.759999255579238,4.78092621115373,31.3274427719895,8.71690042596258,8.71690042596258,12.0463883045932,10.9851526949688,71.7927846234767,0,0,0,0,0,0
414,42.525344,-4.864031,"A","1",NA,NA,4.45411903193502,1.96030730001323,1.96030730001323,2.70906191172653,2.11981598821875,13.2036115319068,26.0148123576957,7.03560717612424,7.03560717612424,9.72291202842506,9.46810284112545,59.2770415794947,0,0,0,0,0,0
415,42.515945,-4.888098,"A","1",NA,NA,0.492010772863515,0.259779207551764,0.259779207551764,0.359003895273071,0.248667039555033,1.61924012279515,20.5838986790674,6.10551780745993,6.10551780745993,8.4375677953381,7.45746059424049,48.6899626835658,0,0,0,0,0,0
417,42.507342,-4.863496,"A","4","A","1",4.0718830307833,1.78474758450722,1.78474758450722,2.46644579816736,1.83498547926006,11.9428094772251,36.3081911876267,8.83783594563454,8.83556569324937,12.3453770817654,12.5107204369808,78.8376903452568,58.822375831606,10.6056146047753,10.6056146047753,14.6565115459467,17.2817504849374,111.971867072041
419,42.663374,-4.672924,"A","1",NA,NA,0.771027231914415,0,0.426666315178572,1.07226836122497,1.13030766287998,3.40026957119793,3.32069420992617,0,1.3262967756724,2.5921787301272,3.58435628127791,10.8235259970037,0,0,0,0,0,0
420,42.663552,-4.660727,"A","3E","A","1",0,0,0,0,0,0,38.4426149900304,1.40287107258146,6.07833171560637,8.67346203913219,20.2274911481781,74.8247709655285,33.2479857973591,1.45503328420026,4.73753436044594,5.46016221774633,13.8327333146535,58.7334489744051
422,42.66459,-4.587543,"A","1",NA,NA,0.995013941074794,0,0.182932127385551,0.274585248668154,0.778801278454819,2.23133259558332,1.97353672441124,0,0.32663071510161,0.471611110468766,1.47317746452953,4.24495601451114,0,0,0,0,0,0
423,42.664758,-4.575345,"A","1",NA,NA,12.6576368094895,0,2.91517695978435,7.11418650963191,12.4274151855391,35.1144154644449,16.8079281687291,0,2.85901493106907,5.61139705686914,12.5952618983832,37.8736020550505,0,0,0,0,0,0
426,42.65328,-4.745852,"A","3E",NA,NA,0,0,0,0,0,0,13.9315291976649,0.130583670723785,2.59299633048654,4.29222875830801,8.97427791990021,29.9216158770834,0,0,0,0,0,0
428,42.65455,-4.660488,"A","1",NA,NA,30.3072962752646,6.08764789676228,6.84223649236273,10.0293645664302,11.2854650039975,64.5520102348173,48.2286507304707,7.74713972703213,8.84397229222095,12.5362693299889,16.2527520189848,93.6087840986975,0,0,0,0,0,0
429,42.655075,-4.623901,"A","4",NA,NA,42.6780414346011,7.1232005796615,8.79794262839684,13.469866818213,16.5739688194415,88.6430202803139,6.40756003490441,1.86525019986412,2.2757474548268,4.00378212412975,3.55999634392007,18.1123361576451,0,0,0,0,0,0
430,42.655587,-4.587314,"A","1",NA,NA,25.9110256098496,0.143386862069871,5.17849079598532,10.1933918091679,20.78176355254,62.2080586296127,22.3075909164358,0,3.89328633650366,6.46458146516189,15.6234135245679,48.2888722426692,0,0,0,0,0,0
432,42.655923,-4.562922,"A","1",NA,NA,6.18172242602686,2.07725520765497,2.07725520765497,2.87067898178806,2.12775598805139,15.3346678111762,33.6093691775722,7.94143169949262,7.94143169949262,10.9747232699322,9.8282538140681,70.2952096605577,0,0,0,0,0,0
434,42.643716,-4.782178,"A","3E","A","1",0,0,0,0,0,0,36.9056717486978,4.31113538720781,6.56041411104506,10.6051348690608,15.9984903739539,74.3808464899654,48.8755639794602,4.67992700642624,6.68902060891311,10.8100227098412,17.8239798070211,88.8785141116619
435,42.643905,-4.769986,"A","1",NA,NA,55.9471312014589,6.78302810023845,6.66510710197202,15.7412353914149,16.3809987012075,101.517500496292,52.7171304599071,8.11701645538377,8.08029160522347,13.3828237184359,14.4785506116996,96.7758128506498,0,0,0,0,0,0
437,42.644279,-4.7456,"A","1",NA,NA,9.86796204355431,2.49735555818639,3.31690788462093,5.61861904601296,5.72251134437941,27.023355876754,37.5483877314861,6.04714070848492,7.86095627999246,12.1270158841591,15.2690541056055,78.8525547097281,0,0,0,0,0,0
438,42.644464,-4.733407,"A","1",NA,NA,10.9929167254638,1.09707711956601,3.34002387990269,8.16930512649466,9.55202165437998,33.1513445058071,22.6995788294363,1.89469333390419,4.27389262334511,7.8003045330287,12.5977831664084,49.2662524861227,0,0,0,0,0,0
440,42.646585,-4.587085,"A","1",NA,NA,21.3404779753289,2.03196841272017,4.59352096244318,6.91913482233176,11.5728679838829,46.4579701567068,39.80527352996,2.59300872203303,4.60974755550492,10.1099695444012,18.097718633222,75.2157179851211,0,0,0,0,0,0
442,42.634524,-4.794112,NA,NA,"A","1",2.84680998976126,0,0.694268439769784,1.16199023951393,2.59948261932316,7.30255128836813,0,0,0,0,0,0,11.1897015010257,0,2.90928608862325,3.98253574266937,9.35297223891352,27.4344955712318
443,42.634714,-4.781921,"A","1",NA,NA,23.4297016773228,0,5.40040098243295,11.8051680732353,21.3783455966127,62.0136163296038,47.8300468962136,0,6.63652969178014,12.1912689836982,31.2933148109861,97.951160382678,0,0,0,0,0,0
444,42.635463,-4.733158,"A","4","A","1",6.30308805240116,2.31321365110656,2.99342864939385,5.70306839497616,4.3596353865871,21.6724341344648,26.2621701980113,4.19279445250444,6.49018608588366,10.9453229043096,14.0884004470727,61.9788740877817,40.2442494562735,5.55144566900709,7.26734920926061,10.8111442354996,15.2449601992944,79.1191487693351
445,42.63619,-4.684392,"A","4","A","1",16.8889591484345,0,2.98864603492479,2.65579784523186,9.79448850246063,32.3278915310518,1.28809026860183,0,0.146782081667248,0.155230535872901,0.830276801487767,2.42037968762974,3.59740119942576,0,0.618084943463037,0.725662544008097,2.4493714392449,7.39052012614179
446,42.636722,-4.647817,"A","1",NA,NA,26.4998079050764,0.17194234248758,4.49551970081982,10.7126761895682,21.7270713068779,63.6070174448299,22.6246597124996,0.535689633162037,3.0712177468781,6.13978645484003,13.6602439301469,46.0315974775267,0,0,0,0,0,0
447,42.637919,-4.562471,"A","1",NA,NA,6.92462348326124,0.0481282666249696,2.67944966238106,2.24857592521912,6.34374395497696,18.2445212924634,24.6052532599738,0,5.18995458521023,4.7985287846125,16.0511444633528,50.6448810931494,0,0,0,0,0,0
448,42.638084,-4.550278,"A","4","A","1",10.6172252111955,0,3.04779965893693,5.5757077660441,9.93447749005183,29.1752101262283,14.7165524847382,0,3.62322528114244,6.5022879551925,12.1354660087925,36.9775317298656,31.9570406602469,0.00505916009374672,6.61204598553333,8.24409094344066,20.6448994671187,67.4631362164334
449,42.625523,-4.793853,"A","4","A","1",0.798938276552368,0.385684518524536,0.385684518524536,0.5329997184984,0.34550679919584,2.44881383129568,25.4188157390613,7.37230986122117,7.37230986122117,10.1882209214573,8.62495138273284,58.9766077656938,47.4485988789801,9.14988673214609,9.14988673214609,12.644757096248,12.584035429272,90.9771648687923
450,42.626461,-4.732908,"A","1",NA,NA,10.858621899475,0,3.88269600586901,11.6334449452842,14.4638321260644,40.8385949766926,39.5117398627395,0,6.65414250685106,14.2633329384845,30.9643116578536,91.3935269659287,0,0,0,0,0,0
451,42.626645,-4.720718,"A","1",NA,NA,25.6787847366509,1.26023811603887,3.70931334059919,9.51315024276404,14.6431030039947,54.8045894400478,52.598000386412,2.54672054438928,6.22775603246752,13.7184825304494,25.108342707924,100.199302201642,0,0,0,0,0,0
455,42.628916,-4.562246,"A","4","A","1",7.64191675172423,0.0322542701999564,0.482436024727542,2.11952922167267,4.43054133770864,14.706677606033,13.947836021346,0.048589462834512,0,3.01128975707561,5.35317215277383,22.3608873940299,30.6199335413104,0.0853575110692192,0.432955774291654,5.9028857053988,12.0857718702139,49.126904402284
456,42.629082,-4.550055,"A","4","A","1",9.28556781879015,0.485339517444355,1.98190790965274,4.23652011418395,7.02482971213502,23.0141650722062,41.3664856119465,4.12514140025351,7.79177529721247,12.2648955794428,20.5600752996357,86.108373188491,44.2290370970401,3.82756530889369,6.67272666507071,8.53293533950592,16.398563896159,79.6608283066694
457,42.617089,-4.757033,"A","3C",NA,NA,1.25035791814431,0,0.377506118956839,0.671544733079667,1.31186056069067,3.61126933087149,7.84214990344095,0,2.27514809624752,3.22514282315449,7.00458570746115,20.3470265303041,0,0,0,0,0,0
459,42.618893,-4.635154,"A","4","A","1",0.467318701653578,0,0.173836986592123,0.287115517337779,0.512081029398173,1.44035223498165,0.611864175899295,0.342087698343697,0.397671982894549,0.239282597360617,0.671461335889487,2.26236779038764,1.73961191109712,0.97260120484066,1.07893895064253,0.656539349373922,1.90905462971047,6.3567460456647
460,42.619747,-4.57421,"A","1",NA,NA,4.62926684722537,0,0.783351757673377,1.87746014533753,4.59169403567225,11.8817727859085,8.66054904911381,0,1.43063968269331,2.15476216888426,6.68107567224424,18.9270265729356,0,0,0,0,0,0
462,42.62008,-4.549832,"A","1",NA,NA,22.153323893536,0,5.19918221056355,8.17594849778566,17.3661929727101,52.8946475745953,37.5697819265178,1.22354895632561,7.7479983726052,11.4767238119677,24.6397167956111,82.6577698630273,0,0,0,0,0,0
464,42.606747,-4.842076,"A","4C","A","4",0,0,0,0,0,0,9.62397639485759,3.1801829125058,3.1801829125058,4.39487849712893,3.54330284070408,23.9225235577022,37.5974530805106,7.85783709971041,7.85783709971041,10.8591990629395,10.880814353289,75.05314069616
466,42.610745,-4.573983,"A","4","A","1",16.0711594614022,0,3.03337543315592,5.85112958462691,12.6821362438664,37.6378007230514,31.5698674861985,0,4.65687041299344,7.03039548496677,19.2409253570571,62.4980587412158,39.8199984690673,0,4.8371964677254,6.36709494375468,20.5250754948157,71.5493653753631
467,42.611077,-4.549608,"A","1","A","4",4.6894531382479,1.77619026885101,1.95070406183863,2.7846118082826,2.39726278139889,13.598222058619,36.621081117399,8.7977766407487,9.72295291294262,13.2154030066754,13.1798855371976,81.5370992149634,43.565813475087,8.2301229422811,8.56550103630943,11.6471933352545,12.2256426340808,84.2342734230127
469,42.597746,-4.841811,"A","1",NA,NA,12.218795116909,0,5.23588024670359,15.1280616306758,17.335706679785,49.9184436740733,32.7710773536925,0,6.11730366632142,12.7470205782274,26.4666475960109,78.1020491942523,0,0,0,0,0,0
471,42.598709,-4.780894,"A","1",NA,NA,10.9359114156847,0.0105222807230028,3.86483189197024,11.0002302569948,12.7848764177446,38.5963722631173,20.133759036567,0.0136860956255608,3.69972876001478,7.94444231831207,15.1942663149654,46.9858825254848,0,0,0,0,0,0
474,42.602239,-4.537199,"A","4","A","1",13.1239718659539,0,2.96067176749954,6.64223826037874,11.8437307451313,34.5706126389635,16.1991142335662,0,4.09236293145288,5.24508614862525,12.2450927293689,37.7816560430132,25.311676106919,0,5.81719542479702,6.94179909365526,17.534396303151,55.6050669285223
476,42.590271,-4.744092,"A","1","A","4",25.6867127473749,4.02068235491247,6.10638346124135,9.49410796634956,12.6762117156953,57.9840982455736,63.2783752758978,6.17461980012341,10.4833252516728,15.1367933967051,26.1642538125663,121.237367536965,52.1902398015609,4.60635589169423,6.71940274775751,9.68328370886107,17.5932270520769,90.7925092019506
477,42.590639,-4.719727,"A","1",NA,NA,10.8530660812216,4.54707934403174,4.54707934403174,6.28387164626267,4.51727467222409,30.7483710877718,41.6123009115922,10.8233790784895,10.8233790784895,14.9574528531908,12.9879869204486,91.2044988422106,0,0,0,0,0,0
480,42.593073,-4.549162,"A","1",NA,NA,9.92059716064625,0.00378009216941331,3.28129174016909,8.39596844358554,11.0183746153555,32.6200120519258,19.7423226250676,0.00343198933911732,4.29902081306158,8.7961942826904,16.3151721303068,49.1561418404655,0,0,0,0,0,0
481,42.593237,-4.536978,"A","1",NA,NA,3.40211400427331,0,1.16793866475569,2.4720293769718,3.70986877839886,10.7519508243997,7.52386449351902,0,1.92739019990552,3.23489126781128,6.33832150550279,19.0244674667386,0,0,0,0,0,0
483,42.58407,-4.548939,"A","4",NA,NA,2.25231675143768,0.917061067483698,0.917061067483698,1.26733967099475,0.922009487277546,6.27578804467737,29.0629853998434,5.65549323006809,7.21967069409804,11.2155445000186,12.3789301442888,65.5326239683169,0,0,0,0,0,0
484,42.584234,-4.536757,"A","1",NA,NA,18.5936685387562,0.341703896198431,4.09478222327145,8.8755188495269,15.5323409290102,47.4380144367632,34.4822918422919,0.471357178757063,5.78269014892271,9.6449714218965,22.26886017611,72.6501707679783,0,0,0,0,0,0
485,42.574736,-4.573077,"A","3C",NA,NA,27.5848556062395,0.566790744118038,4.69814215286758,10.0703894220973,18.2802017393623,61.2003796646846,47.6099831283768,1.0727462754833,5.7379639655972,11.500755144837,25.0588846151768,90.9803331294711,0,0,0,0,0,0
488,42.575395,-4.524355,"A","4","A","4",8.71198898394296,3.22822867436723,3.22822867436723,4.46127571121767,3.41726937512134,23.0469914190164,33.5605744243934,7.61537429480275,7.61537429480275,10.5241257049098,9.67723829423977,68.9926870131484,52.2344815502021,8.56625591634373,9.30300262210876,11.7194632332616,14.0775796336943,95.9007829556104
489,42.563634,-4.718985,"A","3C",NA,NA,10.6249761727489,4.13779587167234,4.13779587167234,5.71825917006542,4.51305144134992,29.1318785275089,39.4533497390068,10.3051517553104,10.3051517553104,14.2412845754769,13.4577860774415,87.762723902546,0,0,0,0,0,0
491,42.5659,-4.560672,"A","4",NA,NA,29.9650079179617,3.82813584267062,7.18599569327476,11.7882468624052,16.9217375845291,69.6891239008414,25.2575644798606,2.02084975548275,5.36272910099653,9.00395493610021,15.2509810417286,56.8960793141687,0,0,0,0,0,0
492,42.56623,-4.536315,"A","4","A","1",0.92754499485241,0.366971609505977,0.366971609505977,0.50713926841517,0.382667408472268,2.5512948907518,11.2800758938505,2.37460741575635,2.88889788301467,4.16921747796722,5.0160277071411,25.7288263777298,26.0321066445102,4.02566099342207,5.62772812484861,7.47428916922084,10.2561284717428,53.4159134037445
493,42.566392,-4.524136,"A","4",NA,NA,1.69369143764024,0.77066421938359,0.77066421938359,1.06502540874508,0.805622526841145,5.10566781199364,29.5773178470434,6.93904435698648,7.24764304865637,10.0867895470459,9.80921581832127,63.6600106180534,0,0,0,0,0,0
496,42.55739,-4.523917,"A","4","A","1",3.18172299626608,0.985846059663262,0.982839212611415,1.51057339676972,1.20203591121641,7.86301757652689,14.8335329781905,3.90219375270719,3.90219375270719,5.39266699030552,5.01190820548823,33.0424956793986,36.2222478821044,6.90624111828093,6.90624111828093,9.54413359915982,10.0290061953608,69.6078699131868
497,42.545263,-4.742838,"A","4","A","1",26.6138457171876,0,5.56138307410549,7.47743595068706,17.9161724236754,57.5688371656556,29.4105770082475,0.746191484680794,6.26273537368688,6.38647792378134,16.253894460533,59.0598762509295,38.1830067040415,1.06112218521638,7.2857359505888,7.49320187022889,20.7672234460612,74.7902901561368
498,42.545448,-4.730665,"A","1",NA,NA,23.0329845096255,0.376269510744662,3.75186553370168,7.39562584896624,14.6740825213666,49.2308279244047,42.902570419828,0.721494144730471,5.05141986074636,9.75712179167731,22.5506061885278,80.9832124055099,0,0,0,0,0,0
500,42.548225,-4.535873,"A","4",NA,NA,0.512282106343097,0.209629357659553,0.209629357659553,0.289698920374047,0.191310830359089,1.41255057239534,35.8872840112097,7.69724761928622,7.69724761928622,10.637271182123,9.4733409181521,71.3923913500573,0,0,0,0,0,0
501,42.548387,-4.523698,"A","1",NA,NA,3.26076963019121,0.989878110708672,0.98656230827967,1.5669029338732,1.35769041971411,8.16180340276687,19.6237060063985,4.22144687681839,4.21512911086027,6.23437212687429,6.33975255874256,40.634406679694,0,0,0,0,0,0
503,42.539222,-4.535652,"A","4","A","4",2.64637549444621,1.18524626219291,1.18524626219291,1.63796028556409,1.18010916182683,7.83493746622295,25.8068162228071,7.33569043751308,7.33569043751308,10.1376144242023,8.13593254406653,58.7517440661021,48.6693822565168,9.47794733920089,9.47794733920089,13.0981230023506,12.3554658181434,93.0788657554126
507,42.516541,-4.851597,"A","4",NA,NA,6.26490729449842,2.86851875980885,2.86851875980885,3.96417179858421,3.12546717403423,19.0915837867346,34.9352519701621,8.82748585701164,8.82748585701164,12.1992127006687,12.066768275756,76.85620466061,0,0,0,0,0,0
509,42.50754,-4.851331,"A","4","A","1",6.32120989819822,2.86103732758907,2.86103732758907,3.95383277517108,2.95507166576471,18.9521889943121,27.2729391840941,6.59032990489645,6.58493915983994,9.42572074558356,9.74436979295189,59.618298787366,37.3253417920051,7.1426222799613,7.13391726316538,10.4248849336518,12.5632565359724,74.5900228047561
511,42.509806,-4.705337,NA,NA,NA,NA,0.629563446979671,0,0.0626634454899973,0.198295918246485,0.627151326493158,1.51767413720931,NA,NA,NA,NA,NA,NA,NA,NA,NA,NA,NA,NA
513,42.511213,-4.607999,"A","4","A","1",16.2497702863778,4.03814909708421,6.61118089904636,12.4881284874389,12.2965795076681,51.6838082776155,33.2054988933067,4.08683640279511,7.28215965253796,12.5242660745747,18.3698240101409,75.4685850333553,48.4033416699636,8.19080724550369,8.72266687097569,12.3456159043533,14.3264058456939,91.9888375364903
515,42.51143902,-4.58340482,NA,NA,"A","1",0,0,0,0,0,0,0,0,0,0,0,0,1.33297450080362,0,0.361473695802585,0.725778363382503,1.43740006994224,3.85762662993095
517,42.502717,-4.57127,"A","1",NA,NA,2.30313937675809,0.821977018423847,0.821977018423847,1.13593753025944,0.969686491794561,6.05271743565979,15.0073905722317,4.26590270135318,4.26590270135318,5.89529739918289,5.50502029818959,34.9395136723105,0,0,0,0,0,0
518,42.657522,-4.440955,"A","1",NA,NA,25.1086206838809,0.0967539145861082,0,5.87124243796156,9.80327558693216,40.8798926233608,31.5211667096592,0.103814149319247,0,6.59895599703357,12.4879956118933,50.7119324679053,0,0,0,0,0,0
520,42.657827,-4.416561,"A","4C","A","1",0,0,0,0,0,0,0.527849973835764,0,0.200876354634614,0.278667572958461,0.525827560142906,1.53322146157174,5.6174009271631,0,1.95073085210601,2.35894980673464,5.56074189154921,15.487823477553
521,42.638734,-4.501507,"A","1",NA,NA,49.1952719646563,0.155324656871096,0,9.66698492584846,17.3000225173326,76.3176040647084,47.4680587127173,2.3005324077469,0.353691876230459,8.76101038891206,17.5487072313274,76.4320006169341,0,0,0,0,0,0
523,42.63931106,-4.4647083,NA,NA,"A","1",0,0,0,0,0,0,0,0,0,0,0,0,1.54762995486094,0,0.314498475937882,0.655174050905226,1.51685228654798,4.03415476825202
524,42.630048,-4.476907,"A","3E","A","1",37.5990534894378,0.133855276545891,0,8.1415695845715,13.7174096153576,59.5918879659128,46.6044106148537,0.121355712991884,2.17258790289087,10.5954754417351,20.9807403877593,80.4745700602309,30.5838087827475,0.00709539145985212,7.31404980408621,8.29298580394151,20.0568127210823,66.2547525033174
526,42.621202,-4.464505,"A","3C",NA,NA,3.24361237630732,0,0.465463309136875,0.972075420570662,2.85328704686054,7.5344381528754,6.37073102742343,0,0.973647800982348,1.27621415062155,4.44807806608292,13.0686710451102,0,0,0,0,0,0
531,42.584559,-4.512392,"A","1",NA,NA,1.16992262722964,0.00583216634204445,0,0.331054036115721,0.460883212676158,1.96769204236357,5.54112946018618,0.332352813625121,0.462811622263823,1.72158929709903,2.6426689949355,10.7005521881096,0,0,0,0,0,0
535,42.576033,-4.475632,"A","1",NA,NA,9.29034930678016,0.0318613289099428,0,2.03728279742623,3.91696420167177,15.2764576347881,22.9420652318516,0.0747562229234873,0,4.69379323408647,9.10569134832787,36.8163060371894,0,0,0,0,0,0
538,42.576801,-4.414725,"A","1",NA,NA,28.357983048549,6.58205364199784,6.57809344551451,9.33735006934648,9.83156348079128,60.6870436861991,45.620682881789,8.5076317691083,8.5076317691083,11.7571878575009,13.6167771174042,88.0099113949107,0,0,0,0,0,0
540,42.56703,-4.475419,"A","4","A","1",26.726128895313,0.389213899324132,0.392601285526731,6.95594495253314,9.74998630609131,44.2138753387883,40.2814312363524,0.314678491358315,1.39975200629744,9.60355264174541,16.7964397750287,68.3958541507824,57.1746757816956,0.37191360587848,1.85339879415825,12.4075296920531,23.9318929426887,95.7394108164741
541,42.567186,-4.46324,"A","4","A","1",29.7910587513452,0.124000057537433,0.0954790415660049,7.37992112015737,11.6052257748662,48.9956847454723,31.3472990990982,0.105263051746066,0,6.51379296336271,11.5160584890533,49.4824136032603,22.4768965272472,0.066247448824159,0.151227356342074,4.37181698931025,8.55166200456392,35.6178503262876
543,42.567647,-4.426701,"A","1",NA,NA,42.0989775528178,8.34032348760499,9.05742030310502,12.4787553304527,13.4554163238729,85.4308929978534,58.0691960978908,8.94655743095264,10.2232885552358,13.5257545543221,17.1461422184203,107.910938856822,0,0,0,0,0,0
544,42.567948,-4.402342,"A","1",NA,NA,36.005991664829,4.41370797819932,4.35437505397915,9.6189138965128,11.5761201002412,65.9691086937614,41.156817155166,3.07110626263038,3.00136928877747,8.57132121654003,12.7523623011097,68.5529762242236,0,0,0,0,0,0
545,42.568096,-4.390162,"A","4","A","1",31.2422663228071,3.37913299383585,3.32144311395299,8.11377987702108,10.6069041689481,56.6635264765651,46.7060936170452,2.72903699891199,2.63236153934899,9.85830382615313,16.4101145493077,78.335910530767,30.3931822929971,1.35296278954136,1.29469108635325,5.6823045225144,10.7024672936652,49.4256079850713
547,42.557551,-4.51174,"A","4","A","1",0,0,0,0,0,0,24.1623651861946,5.07658766551223,5.84370018424681,7.82130040341546,10.4144089013723,53.3183623407414,52.3613914073746,8.63415274349933,10.4471362906792,13.4997943809544,18.5287021357965,103.471176958304
548,42.557711,-4.499562,"A","1",NA,NA,4.0031492397495,0.375628326111203,1.43509443816655,3.70769072919382,4.08973517925659,13.6112979124777,25.783984326371,1.39321265095248,5.22124595372927,9.33436002610327,15.1918599348451,56.9246628920011,0,0,0,0,0,0
550,42.548549,-4.511522,"A","1",NA,NA,4.39596767030523,1.53943579603605,1.53943579603605,2.12743526515538,1.74210989392447,11.3443844214572,30.8702875564323,6.60589514694467,6.60074596281752,9.41003825443485,9.17998071676831,62.6669476373976,0,0,0,0,0,0
552,42.549181,-4.462819,"A","4",NA,NA,24.6944006486176,0,6.95067505570734,7.27909137865775,18.2944134034458,57.2185804864285,2.1262502451956,0,0.529351400188608,1.15004725258431,2.31426486552681,6.11991376349533,0,0,0,0,0,0
554,42.530543,-4.511088,"A","1",NA,NA,8.95326454451805,2.6973837048113,2.69404943869121,3.91438512941521,3.521845141315,21.7809279587508,26.7253690954576,5.83885453600885,5.91584398484249,8.55952678072441,8.53715365270321,55.5767480497365,0,0,0,0,0,0
558,42.512698,-4.498485,NA,NA,"A","1",11.3934769906829,1.59911580894278,2.02336301628301,3.88695943474021,5.03282996602276,23.9357452166717,0,0,0,0,0,0,2.18013319629828,1.07508740706427,1.07508740706427,1.48572539939783,1.03715625083036,6.853189660655
559,42.512856,-4.486317,"A","1","A","4",4.97676730649549,0.756812957484492,1.21004011599977,2.40622021991777,3.29395713694764,12.6437977368452,19.198816563244,2.22815985147559,3.28364760320616,6.0514770447762,8.70785084316896,39.469951905871,21.3976953299652,3.3957817993929,4.41763900453451,5.81972362938537,7.97765360107332,43.0084933643513
560,42.513014,-4.474148,"A","4C","A","1",0,0,0,0,0,0,7.57760899038509,1.72385296556883,3.829950669687,4.20687543940434,8.21885349799298,25.5571415630382,21.9875354001243,5.93331109505567,9.14696315885011,10.4988891223091,18.5279472563411,66.0946460326802
562,42.515217,-4.291605,"A","4","A","1",0.457864325076124,0,0.116843461414565,0.361179861655024,0.627151326493158,1.56303897463887,1.19335334443061,0,0.165634245867429,0.214176398468194,0.8172870127087,2.39045100147493,11.2895951929967,0,3.25045959928069,3.46467400736057,8.57662958159862,26.5813583812366
563,42.503536,-4.510437,NA,NA,NA,NA,29.7945434125757,7.89697613140631,8.37491506415887,11.9395600053812,10.1445531949021,68.1505478084241,NA,NA,NA,NA,NA,NA,NA,NA,NA,NA,NA,NA
564,42.503695,-4.49827,NA,NA,NA,NA,17.7011396703497,2.73152090189592,3.03290204981302,6.55632221268555,7.81892637523683,37.840811209981,NA,NA,NA,NA,NA,NA,NA,NA,NA,NA,NA,NA
566,42.480141,-4.874855,"A","4",NA,NA,0,0,0,0,0,0,17.9217620621872,5.13878413916993,5.13878413916993,7.1015826875285,6.57457850912753,41.8754915371831,0,0,0,0,0,0
567,42.480339,-4.862695,"A","1",NA,NA,0.85530622322966,0.522701072694326,0.522701072694326,0.722350810633234,0.501120020287295,3.12417919953884,17.6470503846328,4.89708765072406,4.89708765072406,6.76756834649006,5.97702958290648,40.1858236154775,0,0,0,0,0,0
568,42.47114,-4.874586,"A","1",NA,NA,0.442132685765442,0.231254822031062,0.231254822031062,0.319584398968071,0.215707556730286,1.43993428552592,21.616537009001,5.95910898206616,5.95910898206616,8.23523698097435,7.46259656376261,49.2325885178703,0,0,0,0,0,0
569,42.462139,-4.874317,"A","4","A","1",0,0,0,0,0,0,17.1840990712658,5.09693662677847,5.09693662677847,7.04375119247697,6.5363351105794,40.9580586278791,37.2728937899399,7.58453184229336,7.80312044908505,10.7688219681717,12.0068970406299,75.43626509012
570,42.462337,-4.862161,"A","3C",NA,NA,8.31519602932133,2.55621197924044,2.80599077349388,4.0747560740228,4.09925600910211,21.8514108651806,31.3319000147966,6.9811749830828,7.21918940253235,10.024164453978,11.7242003027709,67.2806291571606,0,0,0,0,0,0
571,42.452939,-4.886203,"A","4","A","1",4.99947844237128,0.655564206387982,0.640915579140805,1.74434185740958,2.11420854668805,10.1545086319977,26.2443577107581,4.29816806790609,4.27709594294527,7.21354827759084,8.61293502725249,50.6461050264528,43.5757062251992,6.39631743966637,7.07805946508356,10.9154527999606,14.7964441474779,82.7619800773876
572,42.453138,-4.874049,"A","4",NA,NA,0.785159511106217,0.436041667730124,0.436041667730124,0.602591172294989,0.401835027644781,2.66166904650624,10.1629432760225,3.71014982613399,3.71014982613399,5.12727039312183,4.3445626288127,27.055075950225,0,0,0,0,0,0
573,42.453336,-4.861894,"A","1","A","1",0,0,0,0,0,0,0.75278928887863,0.214047136360192,0.214047136360192,0.295804103991052,0.319986080515967,1.79667374610603,2.31190379736143,0.384485867828075,0.554108923635614,0.978504959259969,1.6112398681109,5.84024341619598
574,42.44449007,-4.86148878,NA,NA,"A","1",0,0,0,0,0,0,0,0,0,0,0,0,0.448222598616093,0,0.0712319573483015,0.146882506105509,0.402586725734413,1.06892378780432
575,42.435136,-4.873512,"A","1","A","1",0,0,0,0,0,0,5.35072474648389,2.00394380547913,2.00394380547913,2.76936571966405,2.30169759877439,14.4296756758806,20.2962526450253,4.42323274557337,5.09733052323842,6.82821147816969,8.25083468786362,44.8958620798704
577,42.408133,-4.872708,"A","1","A","1",0,0,0,0,0,0,5.80173843763496,1.91772180206615,2.23998621748714,3.05788912162842,3.13648283761912,16.1538184164358,22.6348843627858,4.93403783200326,5.21709016876932,7.12055045398545,8.37261879348913,48.279181611033
579,42.398732,-4.896729,"A","4",NA,NA,5.81231581428451,0,1.14330600384992,3.22740123179697,6.79959967139306,16.9826227213245,4.32522410749953,0,0.943407113224359,1.15661080243742,3.15399240690158,9.5792344300629,0,0,0,0,0,0
580,42.381129,-4.871905,"A","1","A","4",0.472571363860164,0,0.146350452046872,0.327006112274332,0.575374244631787,1.52130217281316,1.64918846785555,0,0.416595090233774,0.771716854261706,1.64286973809365,4.48037015044468,0.446079474497964,0.0139615486056654,0.280125432237183,0.256729655602675,0.792336968688692,1.78923307963218
582,42.489538,-4.8508,"A","4",NA,NA,24.3151171490086,8.08264376143259,8.08264376143259,11.1698723766439,9.2651666194005,60.9154436679182,57.1260155528928,11.9795414773481,11.9795414773481,16.5552204677364,16.4153243800558,114.055643355381,0,0,0,0,0,0
584,42.493881,-4.55888,"A","3C",NA,NA,7.39714895405727,2.55368500061037,3.81043932482566,7.76749525928241,6.15599627044327,27.684764809219,23.8083474827846,5.17055782626153,5.9699995260185,9.15421118805895,9.68785300397395,53.7909690270976,0,0,0,0,0,0
585,42.480536,-4.850534,"A","1",NA,NA,13.163696333577,5.24150716792773,5.24150716792773,7.24354157563909,5.82969338114721,36.7199456262188,58.5967071563092,11.7978957103019,11.7929253377969,16.578139615378,15.8324502756867,114.598118095473,0,0,0,0,0,0
586,42.484713,-4.570819,"A","1","A","1",0,0,0,0,0,0,8.78002129505954,2.33483289649867,2.78024598288371,3.92130723438104,4.26148769733841,22.0778951061614,29.0320878155611,4.93806796098788,7.15300829239795,9.06704752253045,13.0386871988951,63.2288987903726
587,42.484879,-4.558656,"A","1",NA,NA,2.96380423887455,1.55833942042291,1.55833942042291,2.15355927582437,1.59944848199463,9.83349083753938,15.3694073346062,4.93940365956374,5.11368468844709,7.14174702896717,6.54557785930121,39.1098205708854,0,0,0,0,0,0
588,42.471535,-4.850269,"A","4",NA,NA,0,0,0,0,0,0,24.3203596038702,7.97433401617927,7.97433401617927,11.0201928822439,9.98383672142969,61.2730572399023,0,0,0,0,0,0
591,42.462924,-4.82569,"A","1",NA,NA,9.55143315445092,1.4727056494961,1.44732027314376,3.49251240790852,4.02060896963955,19.9845804546388,23.3705813665562,2.84582424715186,2.80109281547236,6.69043211601857,9.189176907317,44.897107452516,0,0,0,0,0,0
592,42.453533,-4.849739,"A","4","A","1",12.6014385705257,2.98506596258874,2.96319235622822,5.33781974761585,5.08409440147619,28.9716110384347,40.2675767074344,6.23958143042099,6.38623125254188,11.7969633814065,13.9838951265809,78.6742478983847,58.303031068232,6.81350378452385,7.36091940568551,13.5649083286754,18.7484794276941,104.790842014811
594,42.444532,-4.849474,"A","4",NA,NA,17.7435773655084,1.54353164484181,1.49029710612798,5.1740352088972,6.73349153002608,32.6849328554015,21.1171752114267,1.35212462778252,1.30093678433273,5.1018075989171,8.71467207912595,37.586716301585,0,0,0,0,0,0
598,42.399526,-4.848151,"A","4",NA,NA,13.2713697029006,0.213717683419725,0.159058690161187,3.38227885644958,4.84111430217149,21.8675392351026,0.93859770486124,0.194106785073869,0.367943771665992,0.555362897862128,0.749137865721995,2.80514902518522,0,0,0,0,0,0
604,42.363521,-4.847095,"A","4",NA,NA,6.33596190231481,2.08592239194727,2.08592239194727,2.88265666449527,2.27439493972751,15.6648582904321,47.0244400072217,9.522349930796,9.522349930796,13.1594855089695,12.9965577111962,92.2251830889794,0,0,0,0,0,0
605,42.363716,-4.834958,"A","4",NA,NA,9.44613096506197,4.01349713037824,4.01349713037824,5.54648355829623,4.29650573958887,27.3161145237035,23.15664906563,5.87003039411485,5.87003039411485,8.11213413390151,7.81677674217667,50.8256207299379,0,0,0,0,0,0
608,42.354714,-4.834696,"A","1",NA,NA,2.01006357161414,0.845113694789876,0.845113694789876,1.16791144001672,0.927456513527323,5.79565891473793,15.6940386322308,4.45010841055501,4.45010841055501,6.14986191093975,5.97092667456465,36.7150440388452,0,0,0,0,0,0
611,42.345906,-4.822299,"A","1","A","1",7.12224167236724,2.34755707573124,4.47256854670334,4.09902440304772,12.6506949984705,30.69208669632,12.2701829407936,3.99641585794189,5.6984482728987,5.21658931490482,16.4144956288573,43.5961320153964,6.33042139418877,4.23939003072719,2.50830789876362,2.35639559265483,7.58853290719805,23.0230478235325
613,42.495924,-4.400731,"A","3C",NA,NA,1.56566044236499,0,0.197798460682726,0.299945174139243,1.13285283778311,3.19625691497007,6.55503788865459,0,1.74939950772634,1.79618502106527,4.76167079869715,14.8622932161433,0,0,0,0,0,0
616,42.486005,-4.473514,"A","1","A","4",5.16318985989588,0.26641352233207,0.860860568415733,1.49599888097343,3.42686071874994,11.2133235503671,14.2046674403362,0.765401295265344,2.03044334740888,3.42306770744715,7.48741038756476,27.9109901780223,11.6949139848884,2.76131098880311,6.36855771489856,6.65086899375096,19.5768651943858,47.0525168767267
621,42.468765,-4.412289,"A","1",NA,NA,17.8406622273415,0.0860756009860198,0,4.79892802631765,6.46515329454053,29.1908191491857,25.6878886199296,0.0835279864298354,0,5.22304694583959,9.46612810187216,40.4605916540712,0,0,0,0,0,0
624,42.460779,-4.326973,"A","1",NA,NA,11.69544603742,4.17415409824557,4.17415409824557,5.76850470390942,4.95488305916774,30.7671419969883,26.2724227498712,5.58091464839908,5.58091464839908,7.71258838166476,8.16716912135572,53.3140095496898,0,0,0,0,0,0
625,42.460919,-4.314813,"A","4","A","1",39.9259424744002,0.141479028759168,0,8.55525194898222,14.2572427568923,62.8799162090338,24.9312710186358,0.237695848390059,1.5714250682242,5.74546864892079,12.3897525104172,44.875613094588,41.503029200251,0.490832487822512,2.1334981772195,9.0820662818309,20.5363915420387,73.7458176891626
628,42.451634,-4.33894,"A","4","A","1",34.4430564245605,8.21135383211536,8.21135383211536,11.3477442593533,10.1614093975056,72.3749177456502,43.6883203155926,7.70654591482147,7.70654591482147,10.6501210339183,10.7689824137902,80.5205155929441,71.7502069409162,10.0961037570586,10.0961037570586,13.9523890692556,15.0513569940409,120.94616051833
629,42.451776,-4.326783,"A","1","A","1",4.60265172960225,0.468496448232458,1.18304969161202,1.7249180901311,3.04947292714113,11.028588886719,36.5758933077807,7.29821694063389,9.39926881871797,12.9437697638917,15.4602285431621,81.6773773741864,33.7094395794076,4.61332644627283,7.0569123711276,8.35876509680942,11.8837872851218,65.6222307787392
630,42.442772,-4.326593,"A","4C",NA,NA,0,0,0,0,0,0,7.52844728086874,3.45084947999613,3.45084947999613,4.76892826410214,3.71689629736938,22.9159708023325,0,0,0,0,0,0
1014,42.91377468,-4.79002978,NA,NA,"A","4",0,0,0,0,0,0,0,0,0,0,0,0,0.0764082899098164,0.00012776212249024,0.331660995077915,0.207098970672183,0.575531376326126,1.19082739410853
1015,42.916811,-4.581752,"N","N","A","4",0,0,0,0,0,0,6.91656086791551,0,0.830048031682723,1.50562348797321,5.67548194974135,14.9277143373128,19.36941377599,0,4.78906113872806,7.95170088127132,17.9482807663079,50.0584565622973
1016,42.904163,-4.826411,"N","N","A","1",0,0,0,0,0,0,1.957740922577,0.00953258950246607,0.733234621416573,0.717281518299638,2.34152919445611,5.75931884625179,2.94112696609171,0.02270337501067,0.699174190334162,0.77099267657389,2.62768836512803,7.06168557313846
1017,42.908476,-4.532539,"N","N",NA,NA,0,0,0,0,0,0,37.1973933219906,0,9.51870617729991,21.941001243283,36.5081934130338,105.165294155607,0,0,0,0,0,0
1018,42.895743,-4.789421,"N","N","A","1",0,0,0,0,0,0,3.63518649114182,0,1.55504962250685,4.84491738568994,5.33620088551077,15.3713543848494,55.1568457191375,0,12.5722360550801,13.0216558122154,34.33448542204,115.085223008473
1019,42.898467,-4.605779,"N","N",NA,NA,0,0,0,0,0,0,21.7612678367552,0,4.27164342709143,5.42282324450939,15.8053322930669,47.2610668014229,0,0,0,0,0,0
1021,42.877741,-4.7889,"N","N","A","1",0,0,0,0,0,0,29.3379235920406,10.4136193390042,9.56539865150386,8.52602977015939,26.1226384133542,83.9656097660622,46.9926459143703,16.8749802903856,14.2563573160681,12.2697878449655,33.6118154934549,124.005586859244
1022,42.880635,-4.593072,"N","N","A","1",0,0,0,0,0,0,1.79968864471958,0,0.954886843797494,2.87848276971576,2.89747343265483,8.53053169088765,43.5041298096513,0,8.1126667473427,13.6116110677173,30.2007071741947,95.429114798906
1024,42.86877037,-4.78872838,NA,NA,"A","4C",0,0,0,0,0,0,0,0,0,0,0,0,1.44432021480676,0,0.978220739668058,3.12520905240109,2.62811363865574,8.17586364553164
1025,42.850354,-4.812586,"N","N","A","1",0,0,0,0,0,0,8.84946833819359,0,3.31144528536088,6.89667337938092,9.611833912029,28.6694209149644,25.4684584248975,0,6.48737351332234,10.643924863516,20.1945343744165,62.7942911761523
1026,42.850739,-4.78812,"N","N",NA,NA,0,0,0,0,0,0,10.6448582255841,0,4.7101356052733,13.3586983970866,14.9805529199411,43.6942451478851,0,0,0,0,0,0
1027,42.841929,-4.775629,"N","N","A","1",0,0,0,0,0,0,0.729806030475987,0.00332615214978175,0.203902571109108,0.242541491984429,0.942825088766963,2.12240133448627,1.74242101784851,0.0101267332204539,0.36975928638363,0.468450292575892,1.82620998517631,4.4169673152048
1031,42.836296,-4.542989,"N","N","A","1",0,0,0,0,0,0,24.2799008451462,1.64437665646317,14.8250489208176,13.1267099898353,40.2925951814557,94.168631593718,31.1250059972798,2.96438137899137,18.7701271538322,16.4913348919179,50.6993167918595,120.050166213881
1036,42.95491,-4.423357,"N","N",NA,NA,0,0,0,0,0,0,29.7255075580985,0,5.58796844839593,6.38360358023988,22.2087302697841,63.9058098565184,0,0,0,0,0,0
1037,42.945445,-4.459911,"N","N","A","1",0,0,0,0,0,0,44.0245684237455,0,8.08357352285896,4.96700879265897,20.6247677284765,77.69991846774,68.7012005765806,0,12.022606191446,6.76643914109077,29.960053573713,117.45029948283
1038,42.936286,-4.471951,"N","N",NA,NA,0,0,0,0,0,0,11.6423975278769,0,1.82089480774523,2.31247852812943,7.99344135977749,23.769212223529,0,0,0,0,0,0
1039,42.926805,-4.508486,"N","N","A","1",0,0,0,0,0,0,45.4966642772501,0,8.56440663497895,7.23698552375219,25.7876780372616,87.0857344732428,64.7881175670979,0,11.7596673284025,7.38539095689358,30.7911724640046,114.724348316399
1040,42.927126,-4.483986,"N","N","A","1",0,0,0,0,0,0,5.43488846110901,0,1.33652308096091,2.07329552816381,4.76944305076557,13.6141501209993,27.8050325325636,0,5.18230779340384,3.90216514726426,14.7980113781497,51.6875168513814
1041,42.928205,-4.398234,"N","N","A","1",0,0,0,0,0,0,60.740464637643,0.284953047295001,10.4913692911741,9.82000313979931,36.1994007581354,117.536190874047,80.4269588297846,0.321617819109437,13.789956982184,10.8092486607498,42.7653527986949,148.113135090523
1042,42.917641,-4.520514,"N","N","A","1",0,0,0,0,0,0,52.4376322515937,0.0995066545762359,8.43132056397678,5.12213839909842,24.9496629247349,91.0402607939801,76.8615705366779,0.070858810121744,12.6092345199884,5.33971382331699,30.5781996325291,125.459577322634
1048,42.902352,-4.299658,"N","N","A","1",0,0,0,0,0,0,2.71835960424139,0,1.35482532843818,3.61628566359082,3.93757207379032,11.6270426700607,23.9019441746888,0,6.34258052047641,11.8737621213299,21.0505353451465,63.1688221616416
1050,42.882115,-4.482907,"N","N",NA,NA,0,0,0,0,0,0,0.798388039625046,0,0.0954872009094208,0.122503328086088,0.546788743612938,1.56316731223349,0,0,0,0,0,0
1051,42.874921,-4.335813,"N","N","A","4",0,0,0,0,0,0,5.01904231822756,0,0.891110489105648,1.44277917102498,4.00039976081539,11.3533317391736,67.6911257969831,0,10.8286290205963,5.37350701521284,29.5998198181665,113.493081650959
1053,42.865188,-4.396811,"N","N","A","1",0,0,0,0,0,0,21.5778954398464,0,3.59131954731167,4.57436134617229,14.9601261168764,44.7037024502067,29.184804065155,0,5.15401963136298,4.53386489226321,17.0944469730702,55.9671355618514
1054,42.857058,-4.323188,"N","N",NA,NA,0,0,0,0,0,0,27.5720416832759,6.02777918294806,6.02777918294806,8.33013629889175,9.02685171217618,56.98458806024,0,0,0,0,0,0
1055,42.846106,-4.482045,"N","N","A","1",0,0,0,0,0,0,113.213905780994,7.19511830531714,19.5297284549334,7.45087520618758,33.6067427952118,180.996370542644,112.974467682075,8.44842680645207,18.9612607883265,6.97728144893679,34.5128619094896,181.87429863528
1057,42.836785,-4.506294,"N","N","A","1",0,0,0,0,0,0,5.54594726979998,0,0.971134181420315,1.57265137297622,4.48866902234655,12.5784018465431,8.1201918794145,0,1.28754897470902,1.34276691049028,4.89164707913923,15.642154843753
1058,42.839332,-4.298336,"N","N",NA,NA,0,0,0,0,0,0,31.2801608187365,0,7.41378418882624,4.00538826030002,15.3026539564468,58.0019872243096,0,0,0,0,0,0
1059,42.840654,-4.175996,"N","N","A","1",0,0,0,0,0,0,18.2959714686661,0,3.71024435616823,2.77954364290701,10.0248484696348,34.8106079373762,43.2591196641534,0,8.53965969572278,3.94283874969866,18.0815628142842,73.8231809238591
1060,42.841025,-4.139293,"N","N","A","1",0,0,0,0,0,0,19.8489689644347,0,5.68601355408437,12.572819544298,19.9859173907396,58.0937194535567,57.5463656935177,0,8.61779298779939,15.0992267402505,37.2404595147281,118.503844936296
1061,42.822567,-4.860706,"N","N",NA,NA,0,0,0,0,0,0,6.81365220353772,0,1.03747243310672,0.643149517710778,3.26481675569237,11.7590909100476,0,0,0,0,0,0
1062,42.804566,-4.860166,"N","N",NA,NA,0,0,0,0,0,0,13.3683129246596,0,4.14650712838629,9.13579406064522,13.8589289099111,40.5095430236022,0,0,0,0,0,0
1064,42.74935,-4.931824,"N","N",NA,NA,0,0,0,0,0,0,66.9815356302002,0,11.0195412756074,4.97671940162125,27.5835103743329,110.561306681762,0,0,0,0,0,0
1065,42.832737,-4.787601,"N","N","A","4",0,0,0,0,0,0,0.907010699411975,0,1.04040787104051,3.9887505498145,2.37450421571238,8.31067333597936,12.843793558084,0,5.87048272860627,13.2520824434163,15.7202623004364,47.686621030543
1066,42.82449,-4.73843,"N","N",NA,NA,0,0,0,0,0,0,27.2686572174184,0,4.09106908120225,5.58228022831551,19.3122585318153,56.2542650587515,0,0,0,0,0,0
1067,42.825041,-4.701745,"N","N",NA,NA,0,0,0,0,0,0,31.2360158887465,0,5.26431971024561,4.0458228397585,16.4364830609075,56.9826414996581,0,0,0,0,0,0
1068,42.813962,-4.835985,"N","N","A","4",0,0,0,0,0,0,5.17967585251896,0,0.959279264867896,1.62084826439274,4.37321750937412,12.1330208911537,4.70675115105452,0,0.461668578267989,3.34294453974683,7.02433496582827,15.5356992348976
1070,42.814926,-4.774856,"N","N","A","1",0,0,0,0,0,0,11.8930740296029,0,1.71443485642403,2.59265153001072,8.83970773335852,25.0398681493962,23.5387390191337,0,4.0932044997804,6.29465014337141,17.8129491298164,51.7395427921019
1072,42.805156,-4.823495,"N","N","A","1",0,0,0,0,0,0,60.5200321760086,1.03229799146547,12.8237710858814,12.1384175904142,34.0001803387388,120.514699182508,115.977087030139,0,21.1824395446686,9.40976663543112,45.1262613524688,191.695554562708
1073,42.806301,-4.75015,"N","N","A","1",0,0,0,0,0,0,44.9430963224257,0.620543725836465,9.706129745349,9.49443081334288,28.1781681532127,92.9423687601668,94.0866984394526,0.00735367110439326,16.607102218612,8.01210613299629,38.6604043982222,157.373664860388
1074,42.807577,-4.664576,"N","N",NA,NA,0,0,0,0,0,0,12.9796910902518,0,1.30126060398621,5.04774455851298,13.7672877279903,33.0959839807413,0,0,0,0,0,0
1076,42.789036,-4.700758,"N","N","A","1",0,0,0,0,0,0,8.0735467971214,0,1.57715242017259,3.22716285305998,7.50357326747677,20.3814353378307,20.7623128735475,0,4.36309781777127,6.84259285271871,16.8082063216127,48.7762098656502
1077,42.790102,-4.627428,"N","N",NA,NA,0,0,0,0,0,0,7.10900382389809,0,1.02706674570575,2.14933021067653,6.23982935758547,16.5252301378659,0,0,0,0,0,0
1079,42.778922,-4.773827,"N","N",NA,NA,0,0,0,0,0,0,13.7488005170386,0,2.16446306196778,2.08343935688119,7.87150791249097,25.8682108483785,0,0,0,0,0,0
1081,42.770297,-4.749136,"N","N",NA,NA,0,0,0,0,0,0,8.66778382801617,0,1.94011953957028,2.09825955394557,6.11234459790894,18.818507519441,0,0,0,0,0,0
1083,42.763611,-4.59007,"N","N","A","1",0,0,0,0,0,0,65.1399099490637,5.55052866575873,5.44810304563486,13.8041111272318,18.8570302751823,108.799683062871,55.8404713188655,5.09225991266384,5.04043213160097,10.2707649247535,14.8396230984077,91.0835513862915
1084,42.753211,-4.687559,"N","N","A","1",0,0,0,0,0,0,27.5995897060121,0,5.3233477728959,4.44462654798859,15.9518165486196,53.3193805755162,45.6410514117852,0,8.13611497890105,6.25356731623193,23.9461271817495,83.9768608886676
1085,42.74176,-4.846069,"N","N",NA,NA,0,0,0,0,0,0,59.6319777615875,0.175914727848363,9.69669640825217,3.72782193764438,19.0252553396702,92.2576661750026,0,0,0,0,0,0
1086,42.745093,-4.62625,"N","N","A","1",0,0,0,0,0,0,8.26885341749082,0,1.70184892172151,3.2275317388503,7.66214326752212,20.8603773455847,13.738008405123,0,2.29484180194342,3.89136700446031,11.1031855403475,31.0274027518742
1087,42.735387,-4.674859,"N","N",NA,NA,0,0,0,0,0,0,19.041650054995,0,4.75704660257836,4.02773414482659,12.2027878821538,40.0292186845537,0,0,0,0,0,0
1088,42.726026,-4.699035,"N","N",NA,NA,0,0,0,0,0,0,7.1168982791107,0,1.9188754541782,1.95254785593885,5.06866906561057,16.0569906548383,0,0,0,0,0,0
1089,42.715148,-4.820857,"N","N",NA,NA,0,0,0,0,0,0,5.61322766252005,0,0.905597140292727,1.30182943135689,4.17469760265009,11.9953518368198,0,0,0,0,0,0
1090,42.717205,-4.686582,"N","N",NA,NA,0,0,0,0,0,0,6.14792229760604,0,1.8351023766281,2.70174428575305,5.69768664296642,16.3824556029536,0,0,0,0,0,0
1091,42.70856,-4.661927,"N","N","A","1",0,0,0,0,0,0,27.6685560230654,0,7.32079556247366,7.11020411079579,18.9268164053849,61.0263721017198,29.8598755272452,0,6.66620632583664,4.04308943602529,14.9848280206562,55.5539993097633
1093,42.699735,-4.649483,"N","N",NA,NA,0,0,0,0,0,0,4.07145551369759,0,0.925502567281483,1.44043499555206,3.58409495328232,10.0214880298135,0,0,0,0,0,0
1098,42.829326,-4.383768,"N","N",NA,NA,0,0,0,0,0,0,14.9310365803315,0,2.69456747887956,2.77545530609664,9.42678587440666,29.8278452397144,0,0,0,0,0,0
1099,42.82135558,-4.29804241,NA,NA,"A","4C",0,0,0,0,0,0,0,0,0,0,0,0,5.27532961759044,0,1.00928574025978,0.63531628933108,2.55977358038794,9.47970522756924
1100,42.810566,-4.444504,"N","N","A","1",0,0,0,0,0,0,17.298030727871,0,4.32891710060185,6.17828348236721,14.6164881362101,42.4217194470501,33.9270637584826,0,7.40332242766723,10.1752913587494,26.4347271888403,77.9404047337396
1101,42.811321,-4.383367,"N","N","A","1",0,0,0,0,0,0,2.27070383929267,1.26952987378636,1.38259182529179,0.845139482864248,2.49187629117183,8.2598413124069,2.51429062894679,1.40571703345661,1.61260013332412,0.973368373234473,2.75918906683121,9.26516523579321
1105,42.784015,-4.40721,"N","N","A","1",0,0,0,0,0,0,1.05699865908071,0.590958341213306,0.522802518585569,0.337862071384727,1.15995307392623,3.66857466419055,2.00483311953352,1.12088397137556,0.942688255857713,0.618332535440536,2.20010907273483,6.88684695494215
1110,42.738078,-4.479469,"N","N",NA,NA,0,0,0,0,0,0,41.1787436349987,8.79324669008627,8.79324669008627,12.1518956177776,12.402098058419,83.3192306913678,0,0,0,0,0,0
1112,42.7229867,-4.23492091,NA,NA,"A","1",0,0,0,0,0,0,0,0,0,0,0,0,6.74603840850388,2.85738885967363,2.85738885967363,3.94879074657393,2.87440537894505,19.2840122533701
1113,42.723228,-4.210417,"N","N","A","1",0,0,0,0,0,0,25.5316344588299,14.274504720164,15.2551470952121,9.36904345340319,28.0184819710536,92.4488116986627,28.1139376106536,15.7182469368654,15.6767929063769,9.80100211866382,30.8523081571458,100.162287729706
1117,42.692908,-4.490604,"N","N","A","1",0,0,0,0,0,0,3.89727089093158,0,0.439323089686383,0.550040190680893,2.6694139219749,7.55604809327376,11.098252064026,0,2.00166094639108,1.66822969364156,6.68775234907722,21.4558950531358
1120,42.813769,-4.163255,"N","N",NA,NA,0,0,0,0,0,0,4.01075652602581,0,1.17843373910035,0.930287698712454,2.71064403122707,8.83012199506569,0,0,0,0,0,0
1121,42.805487,-4.089721,"N","N",NA,NA,0,0,0,0,0,0,9.07114341906691,0,2.95801587421492,7.35705212200996,10.4597350367661,29.8459464520578,0,0,0,0,0,0
1122,42.787125,-4.126078,"N","N","A","1",0,0,0,0,0,0,26.53575050691,0,8.56520670391583,7.68203480125696,12.3828430877403,55.165835099823,58.1050609154196,0,15.7671202015676,12.1040405371746,22.9887463027631,108.964967956925
1123,42.75063966,-4.17437398,NA,NA,"A","1",0,0,0,0,0,0,0,0,0,0,0,0,14.2953174993374,5.13229774365436,5.21948091422503,7.33579886665675,5.58402001112693,37.5669150350005
1126,42.656416,-4.526333,"N","N","A","1",0,0,0,0,0,0,0.607514312149651,0,0.253919775082387,0.244621147532243,0.512081029398173,1.61813626416245,2.88189263612792,0,0.68991570136847,1.02019910273965,2.44267771833223,7.03468515856826
1127,42.647251,-4.538308,"N","N","A","1",0,0,0,0,0,0,1.1010236308159,0,0.322449490338117,0.677006930726581,1.25769376735878,3.35817381923938,1.49320839461395,0,0.320933606206781,0.606510841584316,1.36814964539996,3.788802487805
1130,42.61142266,-4.52531823,NA,NA,"A","1",0,0,0,0,0,0,0,0,0,0,0,0,3.71507017923511,0,0.672375045447033,1.06955941408845,2.99578212797441,8.452786766745
1132,42.591182,-4.683179,"N","N",NA,NA,0,0,0,0,0,0,1.93233174754727,0.767233415747198,0.767233415747198,1.06028418299037,0.855968375988251,5.38305113802028,0,0,0,0,0,0
1133,42.59190542,-4.63453351,NA,NA,"A","1",0,0,0,0,0,0,0,0,0,0,0,0,3.79135659605543,0,0.938415287938709,1.29743110419029,3.13452763799524,9.16173062617966
1134,42.580707,-4.780382,"N","N","A","1",0,0,0,0,0,0,12.9393356141511,0,2.05462332309445,1.06643925637687,5.60672307241138,21.6671212660338,32.5945416720207,0,5.18820533307427,1.78316321134594,11.7531461444238,51.3190563608647
1135,42.573534,-4.658336,"N","N",NA,NA,0,0,0,0,0,0,4.23370804766871,0,1.02074536185833,1.37481859561413,3.33804570844572,9.96731771358689,0,0,0,0,0,0
1137,42.563266,-4.743339,"N","N","A","1",0,0,0,0,0,0,31.2228689882555,0,6.18187853496591,4.39290578929319,16.1926349805708,57.9902882930853,36.6662133552952,0,6.77558585831,4.56992499558122,18.0125425101058,66.0242667192922
1138,42.554815,-4.706563,"N","N",NA,NA,0,0,0,0,0,0,2.89334402834292,0,0.500197731540527,0.498338000062188,1.77249451600197,5.6643742759476,0,0,0,0,0,0
1139,42.546528,-4.657621,"N","N",NA,NA,0,0,0,0,0,0,6.06463384577497,2.10933684939323,2.10933684939323,2.91501445597528,2.46579082358644,15.6641128241231,0,0,0,0,0,0
1140,42.536811,-4.706072,"N","N","A","1",0,0,0,0,0,0,4.3612018204665,0,0.984188778269048,1.96253164551901,4.31966015568709,11.6275823999417,10.859989549049,0,2.39358034849296,4.60513149300968,10.2468994479579,28.1056008385095
1141,42.53839,-4.596519,"N","N","A","1",0,0,0,0,0,0,3.98761490391992,0,0.755822141609211,1.33346377520114,3.53082714664648,9.60772796737675,9.27131693971545,0,2.07898987864897,2.36695546974434,6.58362096256055,20.3008832506693
1142,42.528347,-4.669316,"N","N","A","1",0,0,0,0,0,0,10.0352625507401,0,1.54113477094205,1.83087708504396,6.68829727915636,20.0955716858825,21.4747937969086,0,3.94507832214232,4.39043304321343,14.1581187170066,43.968423879271
1143,42.529046,-4.620632,"N","N",NA,NA,0,0,0,0,0,0,1.91005822895062,0,0.497106513225224,0.467754786197649,1.3081337487545,4.18305327712799,0,0,0,0,0,0
1146,42.666215,-4.465561,"N","N","A","1",0,0,0,0,0,0,0.50256076267428,0,0.0713380074096848,0.160453647427525,0.458915638968212,1.1932680564797,3.08461694456298,0,0.490217445146542,0.677244071591788,2.23191085642115,6.48398931772246
1148,42.650267,-4.294396,"N","N",NA,NA,0,0,0,0,0,0,7.55633768205891,0.231584766143586,1.96484439284215,2.74652252899196,6.60005824635067,19.0993476163873,0,0,0,0,0,0
1154,42.540333,-4.450435,"N","N",NA,NA,0,0,0,0,0,0,0.915728650152248,0,0.142977517943563,0.180589930827512,0.627151326493158,1.86644742541648,0,0,0,0,0,0
1156,42.531635,-4.425881,"N","N",NA,NA,0,0,0,0,0,0,0.399289560524861,0,0.052087551775058,0.426668937638477,0.729226145019861,1.60727219495826,0,0,0,0,0,0
1157,42.533086,-4.30415,"N","N",NA,NA,0,0,0,0,0,0,3.32295237578831,0.682669806841239,1.31728691707185,2.79651544987244,2.7329313992373,10.8523559488111,0,0,0,0,0,0
1158,42.523803,-4.328306,"N","N","A","1",0,0,0,0,0,0,2.15158411125524,0,0.50898764856508,0.910081387137507,2.03271702577448,5.60337017273231,2.88835874123678,0,0.48726794521782,0.838539652045418,2.40098294296078,6.6151492814608
1160,42.51363,-4.425472,"N","N","A","1",0,0,0,0,0,0,0.533883577517113,0,0.0302515047236959,0.20966594738097,0.65002427913961,1.42382530876139,0.632938097975107,0,0.0326408851349335,0.227537456616189,0.753874311901559,1.64699075162779
1161,42.504475,-4.437435,"N","N","A","1",0,0,0,0,0,0,11.4290910643593,0,3.16488649842532,7.79814794816328,12.0482372871446,34.4403627980925,27.5055629375839,0.658701399563427,5.61557946862533,11.5546015890803,21.4155095075969,66.7499549024498
1162,42.505796,-4.327925,"N","N",NA,NA,0,0,0,0,0,0,0.460757547082361,0,0.146530500850894,0.321289266718471,0.560990457494914,1.48956777214664,0,0,0,0,0,0
1164,42.479941,-4.887014,"N","N","A","1",0,0,0,0,0,0,15.7676208274957,0,2.55409400100622,2.17481427700323,8.82535492396293,29.3218840294681,19.458304567136,0,3.23846918468758,2.84752647822161,11.863031916019,37.4073321460642
1166,42.390328,-4.86003,"N","N","A","1",0,0,0,0,0,0,19.0540935439898,0,4.48421860242929,7.99624527954957,15.8142524457414,47.3488098717101,29.9549608269792,0,6.28196436660525,9.17637062995314,20.9426422861022,66.3559381096399
1167,42.466874,-4.558209,"N","N","A","1",0,0,0,0,0,0,22.6535228869432,6.43970341822731,6.43970341822731,8.8993981979341,7.74696174188471,52.1792896632166,41.6135115799173,9.4687179131042,9.4687179131042,13.0853683252112,12.2979448505926,85.9342605819295
1176,42.49721,-4.291234,"N","N",NA,NA,0,0,0,0,0,0,10.9895664230693,0.0385879409739354,0,2.52984303003837,5.21800364111658,18.7760010351982,0,0,0,0,0,0
1177,42.486921,-4.40053,"N","N","A","1",0,0,0,0,0,0,5.01071781442211,0,1.21433894067736,1.71348121592052,4.1629456591248,12.1014836301448,15.0853682439884,0,3.20089616840786,3.39807102083753,10.1200354822167,31.8043709154505
1178,42.479203,-4.290864,"N","N",NA,NA,0,0,0,0,0,0,8.22303869757939,0.729464606871095,1.85291437441366,1.51737672993758,5.50570378679747,17.8284981955992,0,0,0,0,0,0
1300,42.75858398,-4.91997952,NA,NA,"N","N",0,0,0,0,0,0,0,0,0,0,0,0,33.3755588635696,0,7.72973273727682,6.25352396145101,19.5584911143044,66.9173066766018
1301,42.71438943,-4.86976921,NA,NA,"N","N",0,0,0,0,0,0,0,0,0,0,0,0,57.445114090949,0.00817630937180464,6.53741115994553,11.4828916947847,32.5983091955071,108.071902450558
1303,42.86819079,-4.82543789,NA,NA,"N","N",0,0,0,0,0,0,0,0,0,0,0,0,36.0330442012176,0.000670065832808306,4.64526838647386,7.38533674385705,20.1866725779162,68.2509919752976
1304,42.85018931,-4.82490751,NA,NA,"N","N",0,0,0,0,0,0,0,0,0,0,0,0,4.37898663788072,0.024047683618309,3.41819975678744,2.7168502503193,9.02159308449358,19.5596774130994
1307,42.86896095,-4.77649164,NA,NA,"N","N",0,0,0,0,0,0,0,0,0,0,0,0,2.94642888321146,0.00561267086143062,3.99954834053044,2.81010564144315,8.10197333058308,17.8636688666295
1310,42.72550467,-4.73574954,NA,NA,"N","N",0,0,0,0,0,0,0,0,0,0,0,0,1.30988270718008,0,1.0050714464056,4.04988065892555,2.94153826386132,9.30637307637256
1312,42.8518917,-4.71480775,NA,NA,"N","N",0,0,0,0,0,0,0,0,0,0,0,0,20.9215750178263,0.00122043961142572,5.87936191714041,12.8875132774309,20.8253807717091,60.5150514237182
1315,42.8891492,-4.6301157,NA,NA,"N","N",0,0,0,0,0,0,0,0,0,0,0,0,76.290009331914,1.25735076720078,16.8753547568086,11.4544802797761,36.1346707230224,142.011865858722
1318,42.91650037,-4.60633315,NA,NA,"N","N",0,0,0,0,0,0,0,0,0,0,0,0,27.5678263924056,0,5.69641161782407,5.98852621128272,17.926608359186,57.1793725806984
1319,42.94384682,-4.58252977,NA,NA,"N","N",0,0,0,0,0,0,0,0,0,0,0,0,45.0661099506468,13.0882841554598,7.10124683464294,6.37964814804147,27.5097033013903,99.1449923901813
1325,42.91750815,-4.53284757,NA,NA,"N","N",0,0,0,0,0,0,0,0,0,0,0,0,5.11917744889674,0,1.28980496946387,1.43957714500536,3.71601271624451,11.5645722796105
1326,42.80048097,-4.52995489,NA,NA,"N","N",0,0,0,0,0,0,0,0,0,0,0,0,4.29867256641717,0,1.08823311014366,1.12460475283766,2.96544417187717,9.47695460127566
1329,42.73761863,-4.51619173,NA,NA,"N","N",0,0,0,0,0,0,0,0,0,0,0,0,12.19154633012,4.80227101777846,4.80227101777846,6.63653576353262,5.06152280477242,33.4941469339819
1331,42.92699649,-4.49632126,NA,NA,"N","N",0,0,0,0,0,0,0,0,0,0,0,0,0.601937642309918,0,0.108107005729059,0.145542420809246,0.439729669733427,1.29531673858165
1332,42.5578875,-4.48746939,NA,NA,"N","N",0,0,0,0,0,0,0,0,0,0,0,0,2.59340565457137,0,0.35812972826513,0.183270100669562,1.21445136932071,4.34925685282677
1339,42.96379041,-4.43589464,NA,NA,"N","N",0,0,0,0,0,0,0,0,0,0,0,0,65.5806961779525,1.33504149132323,11.4907745409624,5.22401113687684,25.7928497687881,109.423373115903
1348,42.78462548,-4.35840368,NA,NA,"N","N",0,0,0,0,0,0,0,0,0,0,0,0,3.14729017562042,1.75962132546051,1.75355898834756,1.09654570743932,3.45384441350553,11.2108606103733
1354,42.83922226,-4.31065297,NA,NA,"N","N",0,0,0,0,0,0,0,0,0,0,0,0,23.1971580501385,0,5.45872719456431,4.66009972312651,14.297541311944,47.6135262797734
1370,42.74099354,-4.23527826,NA,NA,"N","N",0,0,0,0,0,0,0,0,0,0,0,0,2.11907971022053,1.1847582016233,1.38905358721455,0.83413306630724,2.32548357809915,7.85250814346476
1372,42.72311773,-4.22270976,NA,NA,"N","N",0,0,0,0,0,0,0,0,0,0,0,0,7.08785764636547,0.87764459910149,2.01816310218432,5.00016267610197,4.08729980805355,19.0711278318068
