"Estadillo","CoorX","CoorY","YearNFI2","YearNFI3","YearNFI4","CanopyNFI2","CanopyNFI3","CanopyNFI4","NtreesNFI2","NtreesNFI3","NtreesNFI4","HoNFI2","HoNFI3","HoNFI4","HmNFI2","HmNFI3","HmNFI4","DgNFI2","DgNFI3","DgNFI4","DmNFI2","DmNFI3","DmNFI4","DeadTreesNFI2","DeadTreesNFI3","DeadTreesNFI4","CompositionNFI2","CompositionNFI3","CompositionNFI4","StructureNFI2","StructureNFI3","StructureNFI4","ShannonNFI2","ShannonNFI3","ShannonNFI4","SlendernessNFI2","SlendernessNFI3","SlendernessNFI4","SDIR_NFI2","SDIR_NFI3","SDIR_NFI4","HartNFI2","HartNFI3","HartNFI4"
47,368892,4754814,91,"05/26/03 00:00:00","2019-08-28T22:00:00Z",40,60,90,13,33,51,5.68169011381621,8.60125200723605,13.5775274667517,5.42307692307692,7.57575757575758,12.5803922391405,0.121017957980814,0.170825225232568,0.227114141641011,0.119,0.167818181818182,0.222509803921569,0,0,0,"Pure","Pure","Pure","Even-aged","Uneven-aged","Uneven-aged",0,0,0,45.5720749838397,45.1426507764536,56.5385974793943,0.261962040234356,0.64492333673934,0.835568706244678,58.0066877567763,32.2029067901807,22.5248543095357
49,369907,4753795,91,"2006-03-03 00:00","2019-07-10T22:00:00Z",90,80,95,22,26,31,11.8585289394739,16.4397746003165,19.2251410870473,10.5681818181818,13.6153846153846,16.4419355392456,0.266932107473043,0.290295390010827,0.344474775517369,0.256454545454545,0.275826923076923,0.322709677419355,0,0,3,"Pure","Pure","Pure","Uneven-aged","Uneven-aged","Uneven-aged",0,0,0,41.2087912087912,49.3620581468312,50.949620323532,0.553352512260888,0.816051019546821,0.940179734865424,39.2349519893196,24.9283152957454,22.7830617691537
54,357918,4751766,91,"2005-08-03 00:00","2019-07-30T22:00:00Z",60,75,80,5,13,26,5.13661977236758,8.45492965855137,10.9711422580014,4.7,6.73076923076923,8.03461542496314,0.12885030073694,0.149988845739121,0.181726786688149,0.1272,0.144,0.169865384615385,0,0,0,"Mixed","Mixed","Mixed","Even-aged","Uneven-aged","Uneven-aged",0.689009238476659,0.551079928086973,0.213767452800811,36.9496855345912,46.741452991453,47.2998983468905,0.130907611070305,0.366866845705308,0.803230431936043,107.712745814661,43.4064265334272,25.1513791038659
66,365937,4749769,91,"05/27/03 00:00:00","2019-09-23T22:00:00Z",60,75,70,4,8,9,7.96095444685466,9.64705882352941,10.3770368530768,7.875,11,12.0000000794729,0.31273321297873,0.392048147553333,0.403608514941562,0.300375,0.3765,0.380111111111111,0,0,1,"Mixed","Mixed","Mixed","Uneven-aged","Uneven-aged","Uneven-aged",0.684341143963379,0.875513082688524,1.21633660954124,26.2172284644195,29.2164674634794,31.5697166662542,0.0355241957023269,0.0782314828060707,0.091284155843162,161.053527476212,122.329440201061,97.9715194685281
69,349879,4748713,91,"2004-09-03 00:00","2019-08-20T22:00:00Z",25,70,60,2,10,18,5.75,7.28294212105226,10.9687951750498,5.75,6.5,9.63333336512247,0.154624141064712,0.182737995501757,0.222121119362087,0.15425,0.17105,0.209694444444444,0,0,0,"Pure","Pure","Mixed","Even-aged","Uneven-aged","Uneven-aged",0,0,0.664656023518525,37.2771474878444,38.0005846243788,45.9398597356483,0.0250445924147124,0.351834178438751,0.20456639337307,225.661783532758,59.5710840746275,37.3041347792442
72,357892,4748794,91,"2004-10-03 00:00","2019-07-01T22:00:00Z",50,75,80,24,32,41,9.63661977236758,10.8536776513153,15.4836621954446,7.95833333333333,9.515625,13.7365852797904,0.154916341670808,0.189799071388666,0.230478293777178,0.150104166666667,0.18328125,0.224024390243902,0,1,1,"Pure","Pure","Pure","Uneven-aged","Uneven-aged","Uneven-aged",0,0,0,53.0187369882026,51.9181585677749,61.3173648852918,0.482882909239418,0.523957842206048,0.686530440357687,30.7110878298429,30.8101435634261,22.0493008892539
90,372951,4747849,91,"03/25/03 00:00:00","2019-08-04T22:00:00Z",90,85,95,11,21,32,6.47746482927569,10.9549296585514,17.2668545732841,5.68181818181818,10.2857142857143,15.6437498927116,0.0934852929609786,0.135509488334107,0.200455847694698,0.0923636363636364,0.133309523809524,0.19509375,0,0,0,"Mixed","Mixed","Mixed","Even-aged","Uneven-aged","Uneven-aged",0.668856478524791,0.664528438654915,1.05394979379536,61.5157480314961,77.1566351134131,80.1858075551453,0.205480391759429,0.36947236053089,0.517333986147115,44.2424200919672,25.8463843552432,19.9260846913995
94,358890,4746728,91,"05/21/03 00:00:00","2019-08-27T22:00:00Z",65,80,85,14,46,59,5.6591549430919,8.5,12.9814083911953,5.07142857142857,7.89130434782609,12.3847457433151,0.0989435264611659,0.152929757959546,0.196585234026587,0.0974285714285714,0.151304347826087,0.193305084745763,0,0,0,"Pure","Pure","Pure","Even-aged","Uneven-aged","Uneven-aged",0,0,0,52.0527859237537,52.1551724137931,64.0683909562114,0.305824009897119,0.713582620748198,0.953235819203186,45.8562793421287,28.3466397760596,19.6444744469513
109,363930,4745778,91,"04/30/03 00:00:00","2019-09-17T22:00:00Z",65,60,65,22,29,33,7.20422528454052,9.25242564407927,11.3061031046597,6.61363636363636,8.48275862068965,9.97878781231967,0.149211983128336,0.160513212475828,0.185287000966805,0.146568181818182,0.156224137931034,0.178939393939394,0,0,0,"Pure","Pure","Pure","Uneven-aged","Uneven-aged","Uneven-aged",0,0,0,45.1232749263452,54.2986425339367,55.7662993745214,0.596989876539679,0.778040997868454,0.908541475589881,41.8742633640329,30.2834980494557,25.7336109478776
111,348850,4744750,91,"2004-08-03 00:00","2019-06-18T22:00:00Z",85,85,70,62,58,39,14.7974959855279,17.0707355302631,19.614394988447,14.8064516129032,17.2068965517241,19.9538462956747,0.226624645258872,0.265347332559707,0.331452736701127,0.223717741935484,0.261965517241379,0.327115384615385,0,0,0,"Pure","Pure","Pure","Uneven-aged","Uneven-aged","Uneven-aged",0,0,0,66.1836271223099,65.6838225615375,60.9994125440965,0.997145335437823,0.900443681270541,0.689573072714869,18.8866237053198,19.5532349171074,23.2466881261445
113,363902,4743810,91,"2004-11-03 00:00","2019-07-15T22:00:00Z",55,70,80,6,16,22,7.62085159520641,9.47615031763029,12.9649987963677,9.58333333333333,8.625,11.7818181297996,0.288710134333152,0.254888026886317,0.273584622109039,0.25475,0.22025,0.249272727272727,0,0,0,"Pure","Pure","Pure","Uneven-aged","Uneven-aged","Uneven-aged",0,0,0,37.618580307491,39.1600454029512,47.2647700320187,0.314809757495697,0.782800650200241,0.654039546360822,92.5835136535845,42.7246358023857,36.160303557544
123,381873,4757828,91,"04/28/03 00:00:00","2019-07-03T22:00:00Z",90,90,100,43,43,52,11.817702729841,16.4320938909475,20.2869862812871,10.3255813953488,15.7790697674419,18.9384615467145,0.241510712844388,0.27528981557286,0.293812423809163,0.220290697674419,0.260453488372093,0.278403846153846,0,0,0,"Pure","Pure","Pure","Uneven-aged","Uneven-aged","Uneven-aged",0.360739082636114,0.223070705264478,0.293577328248608,46.8725257323832,60.5830617438278,68.0251433604444,1.23397518373663,0.882885580922495,1.10125533501856,23.7445285695934,22.4907177000842,16.9822500949386
125,378901,4756814,91,"2005-05-03 00:00","2019-07-08T22:00:00Z",60,65,85,9,22,25,6.81830988618379,10.1140846016433,12.3447883827224,6.38888888888889,9.36363636363636,11.8239999771118,0.105606712749606,0.142090680073101,0.171921086548451,0.103555555555556,0.140977272727273,0.16972,0,0,0,"Pure","Pure","Pure","Even-aged","Uneven-aged","Uneven-aged",0,0,0,61.6952789699571,66.4194744478478,69.667687821776,0.277942196200226,0.417675200027518,0.605377317755735,49.135903684073,34.2869172344589,27.1891353216382
131,385851,4755778,91,"05/14/03 00:00:00","2019-05-12T22:00:00Z",70,75,80,14,19,28,11.5537590029999,12.6370265307906,14.7890005837574,11,11.6315789473684,12.4071429286684,0.420134502272784,0.417662779486539,0.390084823651033,0.397,0.385552631578947,0.341625,0,0,2,"Mixed","Mixed","Mixed","Uneven-aged","Uneven-aged","Uneven-aged",0.677711574386536,0.677677923729731,1.25484800021081,27.7078085642317,30.1685891748004,36.3180180861132,0.233470298750693,0.272642423277856,0.578355017469208,66.9632592525459,50.9997409813422,29.169958606521
133,377862,4754828,91,"2004-10-03 00:00","2019-06-25T22:00:00Z",90,90,95,44,52,60,9.95179964046125,13.5176838825658,17.2970892810718,9.72727272727273,12.2980769230769,15.0449999570847,0.14800921347243,0.164991928707017,0.191053199397445,0.145204545454545,0.16075,0.184966666666667,0,2,7,"Mixed","Mixed","Mixed","Uneven-aged","Uneven-aged","Uneven-aged",0.641945688275869,0.664082918317941,0.579335449124711,66.9901393019252,76.5043665510229,81.3389797643791,0.937824036712333,1.00352719912174,1.13093219129526,22.9690463604022,17.8416142965901,14.7431132072225
151,376861,4751808,91,"03/26/03 00:00:00","2019-09-05T22:00:00Z",90,90,95,48,53,61,10.3280124625009,12.4667543007764,14.7074378492605,9.66666666666667,11.2547169811321,12.7934426362397,0.148805136840097,0.167232001880113,0.184545087564699,0.138583333333333,0.158216981132075,0.175319672131148,0,0,3,"Pure","Pure","Pure","Uneven-aged","Uneven-aged","Uneven-aged",0,0,0,69.7534576067348,71.1346967980442,72.9720885324815,1.56358326002246,1.43253683120207,1.4560354311859,18.0089794201506,17.1178015879657,15.5763153678323
154,380891,4751806,91,"05/21/03 00:00:00","2019-03-20T23:00:00Z",60,40,50,2,10,23,4.5,7.1591549430919,10.4552738279134,4.75,6.05,8.26956518836643,0.0792693194117371,0.106680949564578,0.152903280028514,0.07925,0.10485,0.146521739130435,0,0,0,"Pure","Pure","Pure","Even-aged","Even-aged","Uneven-aged",0,0,0,59.9369085173502,57.7014783023367,56.4391689413733,0.0467684478886939,0.32016247343626,0.669351127079549,144.172806145929,43.9575235852558,27.7889763930328
160,377887,4750782,91,"03/24/03 00:00:00","2019-08-13T22:00:00Z",90,85,90,26,29,27,11.8536776513153,16.5658842421045,19.732900433406,11.25,13.9827586206897,17.2518518942374,0.214302535969775,0.243986326637799,0.300224684380067,0.2055,0.233241379310345,0.286611111111111,0,0,1,"Pure","Pure","Pure","Uneven-aged","Uneven-aged","Uneven-aged",0,0.169082560538792,0.657847016684568,54.7445255474453,59.949733885275,60.1925439225185,0.675160827387909,0.76120744667255,0.547887121155462,29.7927722952297,22.2529808859927,25.3278345397192
162,396931,4750791,91,"2004-08-03 00:00","2019-06-13T22:00:00Z",90,85,80,20,34,43,11.0658842421045,12.7316117434234,14.5151174213525,9.175,10.3970588235294,12.0976745139721,0.209024609795115,0.23236177105337,0.255411216540863,0.193275,0.222514705882353,0.244523255813953,0,1,4,"Mixed","Mixed","Mixed","Uneven-aged","Uneven-aged","Uneven-aged",0.140282036377311,0.598479592512661,1.15226693771139,47.4712197645841,46.7252660101778,49.4745355557373,0.722515158776355,0.824115287206111,0.784849166350212,31.2766172096799,27.9687432438554,24.3294054245199
168,398912,4749759,91,"2004-01-03 00:00","2019-04-08T22:00:00Z",90,90,90,34,39,41,20.5812396982591,22.4058215457903,24.9289413928328,18.7205882352941,19.7435897435897,23.2658535096704,0.303983878732757,0.347888244655135,0.388405566574864,0.289602941176471,0.332025641025641,0.374012195121951,0,1,2,"Pure","Pure","Pure","Uneven-aged","Uneven-aged","Uneven-aged",0,0,0,64.6422586705936,59.464051278091,62.2061360915899,0.819596214788138,0.93098941364512,0.866273879215322,20.6174190202055,19.801148946036,20.1552577237283
172,375895,4747785,91,"04/22/03 00:00:00","2019-07-30T22:00:00Z",85,90,95,34,43,23,11.6140846016433,15,16.4926446508049,9.52941176470588,12.1162790697674,15.70434777633,0.131396039200758,0.152430559867093,0.206006358069884,0.126985294117647,0.146918604651163,0.201369565217391,0,3,0,"Pure","Pure","Pure","Uneven-aged","Uneven-aged","Uneven-aged",0,0,0,75.0434279096699,82.4693312227938,77.9876927249467,0.960412627719807,1.03336977119799,0.517460772530064,18.4922108364548,15.5502243014682,25.4507544287999
173,376880,4747795,91,"04/22/03 00:00:00","2019-09-05T22:00:00Z",90,90,95,1,5,14,12,8.48231611743424,9.20343189718733,12,8.4,6.66428576196943,0.2545,0.171156507325897,0.19193641990439,0.2545,0.1567,0.158035714285714,0,0,0,"Pure","Mixed","Mixed","Even-aged","Uneven-aged","Uneven-aged",0,0.226145255943991,0.0789767112990021,47.1512770137525,53.6056158264199,42.1694918271512,0.0146384945324105,0.105296852004466,0.504209292230758,229.431596594998,79.2872667430336,31.6819690426648
174,379899,4747817,91,"05/21/03 00:00:00","2019-03-18T23:00:00Z",50,75,80,7,9,17,6.8951048951049,7.63379035115706,8.5528712788526,7.14285714285714,7.77777777777778,7.82352943981395,0.400180851972848,0.371770613266956,0.337679908475816,0.356857142857143,0.318333333333333,0.269676470588235,0,0,0,"Pure","Pure","Pure","Uneven-aged","Uneven-aged","Uneven-aged",0,0,0,20.0160128102482,24.4328097731239,29.0107973556194,0.199795714502969,0.526749041231745,1.2390274823698,166.923391526302,87.5274157095927,47.1534541837743
175,381914,4747807,91,"2006-11-03 00:00","2019-03-18T23:00:00Z",20,45,45,1,1,2,4,5,6.09999990463257,4,5,6.09999990463257,0.233,0.266,0.262559755103481,0.233,0.266,0.26025,0,0,0,"Pure","Pure","Pure","Even-aged","Even-aged","Even-aged",0,0,0,17.1673819742489,18.796992481203,23.4390005941693,0.0146560946647233,0.0181369831258444,0.0355239921203531,688.294789784993,550.497640783691,319.065879708511
181,398898,4746779,91,"2004-03-03 00:00","2019-04-03T22:00:00Z",80,80,80,16,18,24,11.1657275013189,12.6366197723676,14.1920812986921,10.53125,11.3333333333333,12.3749999801318,0.232876576752579,0.255226098021169,0.259169647624871,0.228375,0.248666666666667,0.250395833333333,0,0,1,"Pure","Pure","Pure","Uneven-aged","Uneven-aged","Uneven-aged",0,0,0,46.1138478379858,45.5764075067024,49.4217488182316,0.325971069896758,0.411582528950217,0.53055810824607,52.2615619101883,44.2321929280871,35.1179519364259
184,377874,4745777,91,"06/13/03 00:00:00","2019-06-02T22:00:00Z",70,60,85,4,12,19,5.63661977236758,10.0464790894703,11.9236623077603,5,7.75,8.92631578445435,0.111596930961384,0.127459715858253,0.137712037466439,0.1075,0.123458333333333,0.132473684210526,0,0,0,"Pure","Pure","Pure","Even-aged","Uneven-aged","Uneven-aged",0,0,0,46.5116279069767,62.7742153223085,67.3818036967154,0.131593654598812,0.338298618148171,0.652560572251551,90.2911522314224,35.1510473860461,22.6905669524342
190,381869,4743777,91,"2006-06-03 00:00","2019-03-17T23:00:00Z",70,75,75,20,28,36,6.54507034144863,7.40187801085407,7.52600951458503,4.85,6.14285714285714,6.616666648123,0.136692995431368,0.14128542539332,0.153131502129524,0.12205,0.128964285714286,0.142597222222222,0,0,7,"Pure","Pure","Pure","Uneven-aged","Uneven-aged","Uneven-aged",0,0,0,39.7378123719787,47.632234837995,46.4010907436307,0.853528939839778,1.18944641369759,0.933467962911407,35.9296848387038,29.4444218369902,34.8709745173963
193,345924,4743793,91,"2006-11-03 00:00","2019-09-11T22:00:00Z",90,90,90,61,46,57,11.7372646232609,12.7025040144721,16.1215861404678,9.67213114754098,11.1739130434783,12.9526315404658,0.184326309908787,0.204442880297524,0.253837460080956,0.168032786885246,0.199826086956522,0.241964912280702,2,1,1,"Mixed","Mixed","Mixed","Uneven-aged","Uneven-aged","Uneven-aged",0.955336067382699,0.722148310186487,0.614813479937973,57.5609756097561,55.9181897302002,53.5310323235607,1.59505677802768,1.04588277133859,1.29297905652767,17.0193954189638,22.320055128985,18.3488407422331
194,346920,4743814,91,"2006-11-03 00:00","2019-08-25T22:00:00Z",90,100,100,28,29,31,17.1083255602624,17.8310422816311,19.4063887249334,15.375,16.448275862069,18.4064516559724,0.366190853342118,0.39586464727924,0.424712654284844,0.338517857142857,0.369948275862069,0.400741935483871,0,0,0,"Mixed","Mixed","Mixed","Uneven-aged","Uneven-aged","Uneven-aged",0.871833677006503,0.873370432343614,0.844414474263258,45.4185788890647,44.4610150533625,45.9309346643439,0.532498652422675,0.544608096753806,0.459482576468056,24.2968952613605,24.0959964207723,25.3801667786591
200,345856,4735793,91,"04/24/03 00:00:00","2019-07-07T22:00:00Z",90,90,70,28,46,30,9.79577471545948,13.3488263631568,16.9379967847211,8.41071428571429,12.4673913043478,16.096666653951,0.16883746410591,0.22423004734075,0.286265378043987,0.166892857142857,0.220880434782609,0.284366666666667,0,0,0,"Pure","Pure","Pure","Uneven-aged","Uneven-aged","Uneven-aged",0,0,0,50.3958912903916,56.4440726342208,56.6053217229551,0.447045635506571,0.704908738630175,0.467400562537721,33.644712535372,24.6893730582793,29.0695382387894
203,346995,4734838,91,"04/23/03 00:00:00","2019-07-03T22:00:00Z",95,80,80,60,46,43,15.0707355302631,16.9147106052613,19.4639436263097,13.5,15.6521739130435,18.2744187643362,0.181667828742461,0.229668238988329,0.279462087123701,0.1788,0.226782608695652,0.276790697674419,0,0,1,"Pure","Pure","Pure","Uneven-aged","Uneven-aged","Uneven-aged",0,0,0,75.503355704698,69.0184049079755,66.0225178009121,1.01643694087798,0.719420389067163,0.622385701332623,15.3809711798178,19.6614423217314,21.5031109688093
205,345868,4733795,91,"03/17/03 00:00:00","2019-07-03T22:00:00Z",95,80,75,45,45,40,10.5852893947387,14.8585289394739,18.4600628508126,10.3222222222222,14.3444444444444,17.635000038147,0.161532160540522,0.214729610337176,0.255866066038465,0.159344444444444,0.212366666666667,0.2531625,0,0,0,"Pure","Pure","Pure","Uneven-aged","Uneven-aged","Uneven-aged",0,0.134742191112784,0,64.7793040931595,67.5456495578925,69.6588161285616,0.637296714739712,0.710317238708251,0.686986658752653,25.1676163528557,21.3903995829662,20.1053051964811
211,346963,4729817,91,"03/20/03 00:00:00","2019-04-11T22:00:00Z",60,70,70,16,24,22,9.57073553026307,12.8633802276324,16.7512539588384,8.875,13.1041666666667,16.5590909611095,0.208172592156124,0.283505566523834,0.358465241753583,0.20459375,0.281145833333333,0.354022727272727,0,0,0,"Pure","Pure","Pure","Uneven-aged","Uneven-aged","Uneven-aged",0,0,0,43.3786467084161,46.6098555020378,46.7740901514296,0.233211841186113,0.371832802050515,0.403432247322661,56.4029860003029,42.5833212964006,37.8964861151071
213,345887,4728809,91,"2004-08-03 00:00","2019-05-08T22:00:00Z",60,60,55,23,30,20,9.60125200723605,12.7413143197405,16.1565884818786,7.56521739130435,11.6833333333333,15.5300000667572,0.162885896312085,0.219369247312987,0.278912038105206,0.154847826086957,0.208766666666667,0.27265,0,1,0,"Mixed","Mixed","Mixed","Uneven-aged","Uneven-aged","Uneven-aged",1.04550218929785,1.07784784079557,0.837528888073341,48.8558191773129,55.9635957209005,56.9594720952034,0.593125538485827,0.503082175019836,0.376399979884183,28.3858993294404,28.9326767645981,34.0726194238088
215,347873,4728789,91,"2004-08-03 00:00","2019-04-03T22:00:00Z",90,80,75,26,32,15,9.49029742368291,13.7025040144721,16.7355719684947,8,12.71875,16.3599999745687,0.171643806045677,0.239614517898019,0.318961622560876,0.161884615384615,0.234046875,0.314433333333333,0,0,0,"Mixed","Mixed","Mixed","Uneven-aged","Uneven-aged","Uneven-aged",0.993159777190697,0.766397947469434,0.700433059072132,49.4179139938228,54.3427465117832,52.0301069900414,0.688511268839096,0.568481805367729,0.25979916323616,29.0763391392196,28.9185626060003,43.4017669269885
217,346936,4727784,91,"2004-04-03 00:00","2019-04-03T22:00:00Z",80,75,75,24,21,28,9.43411575789549,10.4854461355244,13.1637822116712,7.66666666666667,9.69047619047619,12.9928571496691,0.200601231717721,0.220260830229374,0.279828726315631,0.191791666666667,0.206619047619048,0.266053571428571,0,0,0,"Mixed","Mixed","Mixed","Uneven-aged","Uneven-aged","Uneven-aged",1.09334428701637,0.941755455071807,1.17323481570559,39.9739300456224,46.9002074210648,48.8354923405242,0.369906924439446,0.463626457566306,0.487624295422854,39.7962943753171,33.889311721546,34.5058845847552
219,344871,4726777,91,"2004-09-03 00:00","2019-05-20T22:00:00Z",70,75,75,29,28,27,7.95492965855137,11.6511736368432,14.1800313788419,6.8448275862069,10.7321428571429,13.8592592168737,0.136076613815843,0.189195241181469,0.254486611013596,0.134310344827586,0.186357142857143,0.253574074074074,0,0,0,"Pure","Pure","Pure","Uneven-aged","Uneven-aged","Uneven-aged",0,0,0,50.9627727856226,57.5891146032963,54.6556633105369,0.540636240345676,0.43664833260412,0.365291431403919,31.6854693356419,31.3597561035846,35.7385551092652
227,373885,4739823,91,"03/27/03 00:00:00","2019-06-04T22:00:00Z",40,50,70,1,1,5,12,13.5,12.9532259356591,12,13.5,15.9,0.413,0.469,0.370394586893491,0.413,0.469,0.3355,0,0,0,"Pure","Pure","Pure","Even-aged","Even-aged","Uneven-aged",0,0,0,29.0556900726392,28.7846481876333,47.3919523099851,0.0367292314665576,0.0162242741632887,0.172175560961902,229.431596594998,339.813225064079,89.9560029265551
229,361861,4737796,91,"03/14/03 00:00:00","2019-09-05T22:00:00Z",70,75,85,5,6,18,8.1,7.94209706414415,9.58031307937448,8.1,8.33333333333333,7.90555556615193,0.263086772757583,0.235879559662695,0.176724400943641,0.2617,0.226666666666667,0.156638888888889,0,0,0,"Pure","Pure","Pure","Even-aged","Uneven-aged","Uneven-aged",0,0,0,30.951471150172,36.7647058823529,50.4699415466341,0.0890892234929598,0.127121039204803,0.969122577021252,151.975062341138,118.872266195083,28.3091530211704
234,357904,4735777,91,"2003-12-03 00:00","2019-07-14T22:00:00Z",80,80,90,6,13,34,6,8.10923331348472,11.8092957253026,5.58333333333333,7.84615384615385,10.6588234901428,0.10057211343111,0.138191617245487,0.154572988660792,0.1,0.134230769230769,0.146088235294118,0,0,0,"Pure","Pure","Pure","Even-aged","Uneven-aged","Uneven-aged",0,0,0,55.8333333333333,58.4527220630372,72.9615459361497,0.205588282975277,0.305915020415955,0.961917835499157,62.4278391300961,48.8648809182186,20.7027104402663
236,359901,4735801,91,"03/14/03 00:00:00","2019-07-14T22:00:00Z",80,80,80,12,13,31,8.64147106052613,9.68967142006488,11.7135834216609,7.79166666666667,8.92307692307692,10.8774192871586,0.161976657268879,0.175158993708354,0.187637025199736,0.155208333333333,0.168730769230769,0.178951612903226,0,0,0,"Pure","Pure","Pure","Uneven-aged","Uneven-aged","Uneven-aged",0,0,0,50.2013422818792,52.8835194894005,60.7841366204447,0.376311880088712,0.447545033937366,0.789853738250362,46.963927599424,40.8947530853248,26.910111129525
241,352865,4734813,91,"03/28/03 00:00:00","2019-07-18T22:00:00Z",70,70,70,26,32,36,10.3536776513153,15.0097025763171,18.525951738091,9.90384615384615,14.453125,17.955555650923,0.222675881219595,0.256548713088762,0.316634636538007,0.219557692307692,0.252703125,0.311319444444444,0,0,1,"Pure","Pure","Pure","Uneven-aged","Uneven-aged","Uneven-aged",0,0,0,45.1081720241745,57.1940889136215,57.6756639244459,0.452217834595121,0.564488552882603,0.592410188376438,39.5209208947664,27.3367544891689,25.5972998753398
242,353876,4734814,91,"03/28/03 00:00:00","2019-07-18T22:00:00Z",80,70,65,21,28,28,9.73959304967206,13.7122065907892,16.6873864582023,9.26190476190476,13.1607142857143,16.3142856529781,0.194423935426343,0.248482016451895,0.286247956948417,0.193142857142857,0.246982142857143,0.283571428571429,0,0,0,"Pure","Pure","Pure","Uneven-aged","Uneven-aged","Uneven-aged",0,0,0,47.9536489151874,53.2860964500036,57.5314859298975,0.36975559989912,0.408163066410665,0.456138392366672,41.6688273492836,34.2995023967355,29.8666798526944
250,352892,4733753,91,"03/31/03 00:00:00","2019-06-17T22:00:00Z",70,70,90,16,24,25,8.30062600361802,11.8488263631568,14.3215023044506,7.5,11.1875,13.68,0.161848163798667,0.224305316477341,0.278000665466829,0.15865625,0.220208333333333,0.2749,0,0,0,"Pure","Pure","Pure","Uneven-aged","Uneven-aged","Uneven-aged",0,0,0,47.2720110301359,50.8041627246925,49.7635503819571,0.288954064464417,0.381715059742266,0.374583046069912,47.7388059371963,37.8086858158748,37.5121502315706
252,359878,4733793,91,"04/24/03 00:00:00","2019-06-17T22:00:00Z",60,65,70,14,18,24,10.1075120434163,10.3037560217081,11.7896090303353,8.46428571428571,8.88888888888889,10.1499999960264,0.18539966481708,0.167957418545429,0.179717399686285,0.165642857142857,0.153944444444444,0.1681875,0,0,0,"Pure","Pure","Pure","Uneven-aged","Uneven-aged","Uneven-aged",0,0,0,51.0996119016818,57.7408877661494,60.3493124995993,0.792563466873946,0.659004893043557,0.799863224875776,30.8344788980194,30.6424116126988,25.665030560234
255,369882,4733786,91,"05/20/03 00:00:00","2019-07-25T22:00:00Z",85,75,75,51,38,32,10.6269171960505,13.5145538644756,17.3341971547594,9.26470588235294,12.6578947368421,16.987499922514,0.212473077879362,0.277949114994662,0.336839063482103,0.20871568627451,0.275026315789474,0.332171875,0,0,0,"Mixed","Mixed","Mixed","Uneven-aged","Uneven-aged","Uneven-aged",0.68153185119396,0.675989499747711,0.684631440071809,44.389121142374,46.0243038943642,51.1406931201323,1.0295435439046,0.635566507955894,0.664475576727077,25.8690260840982,32.5090079739126,28.9522648085067
259,353892,4732804,91,"04/25/03 00:00:00","2019-07-07T22:00:00Z",80,90,75,37,51,33,8.26040695032794,12.9805948473658,16.1922377463608,7.25675675675676,11.5294117647059,15.8363635323264,0.15291202646567,0.196081678159393,0.279736049832262,0.149472972972973,0.19006862745098,0.277969696969697,0,0,0,"Mixed","Mixed","Mixed","Uneven-aged","Uneven-aged","Uneven-aged",0.692156907750035,0.689969260651625,0.670477648797396,48.5489557906157,60.6592046216537,56.9715465569358,0.781422521577107,1.1224336685527,0.517730217200317,29.3097846486771,18.9281788687958,29.5911162640221
260,369881,4732783,91,"04/21/03 00:00:00","2019-06-13T22:00:00Z",80,80,80,30,34,32,10.4292644697369,13.6883569084195,16.3739680624975,9.95,12.0294117647059,15.5749999582768,0.219098684006393,0.261748855270265,0.310872738230614,0.212733333333333,0.250191176470588,0.2949375,0,0,1,"Mixed","Mixed","Mixed","Uneven-aged","Uneven-aged","Uneven-aged",0.675638293535592,0.866126025881653,1.01139086378272,46.7721717329991,48.080879327573,52.807798120879,0.553026830968886,0.665416161395902,0.555263703207234,34.6552352529309,27.0868672452611,28.2933191496522
267,354892,4730794,91,"2004-02-03 00:00","2019-07-16T22:00:00Z",90,70,80,32,24,28,9.69937399638198,13.2780908328937,17.2478559901887,8.90625,12.9375,16.7821429116385,0.17643790958153,0.251674144480517,0.2936828038645,0.172796875,0.248083333333333,0.29,0,0,0,"Pure","Pure","Pure","Uneven-aged","Uneven-aged","Uneven-aged",0.444477980209007,0.257318763880987,0.393655849559998,51.541730717063,52.1498152502519,57.8694583159949,0.593980019414422,0.378253908163046,0.497650633399971,30.1656930895458,36.934696095376,28.3216275950894
277,370905,4729765,91,"03/25/03 00:00:00","2019-06-10T22:00:00Z",85,90,90,15,43,26,5.54507034144863,10.7073553026306,14.2126134301626,5.26666666666667,9.43023255813953,13.9153846960801,0.116160305899505,0.175236932631622,0.239038136641898,0.113833333333333,0.170290697674419,0.233807692307692,0,0,0,"Mixed","Mixed","Mixed","Even-aged","Uneven-aged","Uneven-aged",0.693147180559945,0.975860827327977,1.0765572039242,46.2664714494876,55.3772618641175,59.5163681687915,0.306659860665236,0.782441294443348,0.463621001911593,55.1542214717571,24.5660888069055,29.1961044092543
280,356902,4728782,91,"03/27/03 00:00:00","2019-07-02T22:00:00Z",90,75,80,28,27,32,7.95492965855137,11.8585289394739,15.8170579905828,7.375,11.7037037037037,15.5312499701977,0.154928670223245,0.220428895901032,0.285995820555126,0.153285714285714,0.218944444444444,0.28475,0,0,0,"Mixed","Pure","Pure","Uneven-aged","Even-aged","Uneven-aged",0.66326570603587,0,0,48.1127679403541,53.455129831684,54.5434590700533,0.452321302216407,0.449843955789187,0.477895034913555,37.9227624351214,34.3161881831939,30.7627031043355
281,357857,4728757,91,"2005-12-03 00:00","2019-07-08T22:00:00Z",60,70,70,32,30,30,7,11.3391237868397,14.4019408157828,6.671875,11.1166666666667,13.8300000826518,0.143757282424231,0.212271426087765,0.277652885812484,0.14146875,0.209116666666667,0.275183333333333,0,0,0,"Mixed","Pure","Pure","Uneven-aged","Uneven-aged","Uneven-aged",0.562333603808796,0,0,47.1614755908991,53.1601179564836,50.2574044551575,0.621475382007869,0.497467016666915,0.462838653973897,35.0302078531602,33.1098054302526,33.5245137750562
283,355888,4727755,91,"03/24/03 00:00:00","2019-07-21T22:00:00Z",90,75,65,47,28,23,14,18.2683882565766,21.6228795866388,12.2659574468085,16.8928571428571,20.1782608861509,0.176184954799984,0.23012946666729,0.285988636137872,0.171851063829787,0.226214285714286,0.281652173913043,0,0,1,"Pure","Pure","Pure","Uneven-aged","Uneven-aged","Uneven-aged",0,0,0,71.3755107094218,74.6763498579097,71.6424823064943,0.850983776110233,0.453063128603933,0.365873634060922,17.6558696311105,22.97687355111,25.7174922780284
290,367892,4727794,91,"2006-05-03 00:00","2019-03-26T23:00:00Z",65,70,65,9,10,15,6.40985931710274,8.26040695032794,8.43953056920155,5.38888888888889,7.4,7.80666669209798,0.134299106475062,0.168413479270514,0.182681735996423,0.126833333333333,0.161,0.1739,0,0,0,"Pure","Pure","Pure","Uneven-aged","Uneven-aged","Uneven-aged",0,0,0,42.4879544459045,45.9627329192547,44.8917003570902,0.327023687912138,0.302635592596938,0.419254730699216,58.4360773381031,56.525765552547,50.1757118813327
293,356886,4726774,91,"03/25/03 00:00:00","2019-07-22T22:00:00Z",70,90,90,15,28,43,6.29577471545948,9.8408450569081,14.7893270832502,5.66666666666667,8.76785714285714,12.8604650275652,0.132678558930974,0.188001163560229,0.241113248987295,0.131666666666667,0.184839285714286,0.235779069767442,0,0,0,"Mixed","Mixed","Mixed","Even-aged","Uneven-aged","Uneven-aged",1.01326188414422,0.975330699972335,0.864361348644808,43.0379746835443,47.4350304318423,54.5445574971942,0.301967931142152,0.5415437431799,0.941457885757868,56.0931459277837,34.7594585179882,21.4547532452022
295,358886,4726778,91,"2006-12-03 00:00","2019-08-29T22:00:00Z",85,70,70,45,37,23,11.9147106052613,15.7926446973694,20.1333023024188,10.1,15.3513513513514,19.0565217888874,0.190050124967073,0.254022809680229,0.312844505757427,0.186877777777778,0.252013513513514,0.30945652173913,0,0,0,"Pure","Pure","Pure","Uneven-aged","Uneven-aged","Uneven-aged",0,0,0,54.0460193828408,60.9147943589469,61.5806113304404,0.759497030812792,0.533988735986262,0.396693763985824,23.33635223082,26.5019147733523,28.5066548573875
297,361863,4726789,91,"2005-06-03 00:00","2019-07-22T22:00:00Z",65,70,70,16,34,45,6.8408450569081,12.1366197723676,17.7341155346253,6.625,11.25,16.9822221967909,0.132465738494903,0.205251244891259,0.261615568259145,0.13121875,0.202029411764706,0.256722222222222,0,0,0,"Pure","Pure","Pure","Even-aged","Uneven-aged","Uneven-aged",0,0.154544784362316,0.162496445924744,50.4882114789236,55.6849614208764,66.1501838438079,0.367669537411166,0.663252308433291,0.910823147602901,48.1774329963889,28.6299582393256,20.2493795673953
298,362873,4726785,91,"2005-06-03 00:00","2019-10-02T22:00:00Z",65,70,55,17,27,19,8.73474176151351,14.0561816657874,16.9102660215588,8.44117647058824,13.1851851851852,16.5210525111148,0.175780653757159,0.22604661924938,0.287913249909906,0.173441176470588,0.222888888888889,0.285710526315789,0,0,0,"Pure","Pure","Pure","Uneven-aged","Uneven-aged","Uneven-aged",0,0,0,48.6688146515177,59.155865736125,57.8244446368576,0.252979981364534,0.429994130838422,0.286809673622964,51.8064640979515,30.2157302242562,37.3420322719106
301,355872,4725777,91,"03/24/03 00:00:00","2019-08-18T22:00:00Z",90,90,70,31,44,33,7.8408450569081,11.8408450569081,14.9926447764691,7.29032258064516,11.1136363636364,14.178787838329,0.136789985013524,0.168060375379586,0.254070692262344,0.135064516129032,0.165306818181818,0.251318181818182,0,0,0,"Mixed","Mixed","Pure","Uneven-aged","Uneven-aged","Uneven-aged",0.595401252137199,0.557286134917413,0.356127535620301,53.9765942202054,67.2303567745927,56.4176763326528,0.451828055140202,0.704463396542468,0.484743595268552,34.5060003185147,22.1639038878048,29.3040136718652
303,357880,4725784,91,"05/22/03 00:00:00","2019-07-21T22:00:00Z",70,60,55,18,24,21,9.02566518881444,11.9244131815784,15.9312000881877,7.22222222222222,10.875,15.0333332788377,0.198354445655022,0.220118528676408,0.316075318781548,0.185972222222222,0.213333333333333,0.306166666666667,0,0,0,"Mixed","Mixed","Pure","Uneven-aged","Uneven-aged","Uneven-aged",0.368268454776222,0.193159078454457,0.0792961029117335,38.8349514563107,50.9765625,49.1017962291921,0.349422223032096,0.469418811289769,0.475382686158949,46.2393583590504,35.8314378278493,35.6631871906138
308,363877,4725797,91,"2005-07-03 00:00","2019-07-24T22:00:00Z",90,90,80,19,28,18,9.32709874669496,12.1778467778399,14.9721114463162,7.44736842105263,10.3392857142857,13.2722222540114,0.249085379570519,0.2430040233353,0.325829624872332,0.163421052631579,0.176125,0.255888888888889,0,0,0,"Mixed","Mixed","Mixed","Uneven-aged","Uneven-aged","Uneven-aged",0.621278090574115,0.555378307648818,0.690020615678999,45.5716586151369,58.7042482003447,51.8671299548859,1.86149389119774,1.81544049791629,0.736615027177643,27.5057857430752,22.0987739558465,33.6431953437488
309,365914,4725803,91,"05/30/03 00:00:00","2019-07-24T22:00:00Z",60,75,70,4,8,16,7.29577471545948,9.52081390065589,11.0606262157605,7.75,8.4375,9.61874994635581,0.175747332838937,0.167913109970604,0.167882538922307,0.16375,0.15525,0.15228125,0,0,1,"Pure","Pure","Pure","Uneven-aged","Uneven-aged","Uneven-aged",0,0,0,47.3282442748092,54.3478260869565,63.1643747759873,0.135212561067522,0.262190240926812,0.669364901489601,99.0794892514743,52.5640156297526,28.3136741793085
310,369891,4725818,91,"03/13/03 00:00:00","2019-03-10T23:00:00Z",50,60,60,12,17,22,10.260813708751,11.4344163547751,15.5969266999759,9.79166666666667,9.70588235294118,13.5954546928406,0.220368205132531,0.227404892854392,0.26030390892186,0.201708333333333,0.209264705882353,0.242522727272727,0,1,0,"Pure","Pure","Pure","Uneven-aged","Uneven-aged","Uneven-aged",0,0,0,48.5436893203883,46.3808854532677,56.0584768517464,0.319910885477436,0.618532684966007,0.757114989578333,54.9188185228838,36.3477047793866,26.8437866039211
312,371910,4725776,91,"03/13/03 00:00:00","2019-03-10T23:00:00Z",60,60,60,24,24,18,10.0159626124973,12.9757435592073,13.7467290298586,8.97916666666667,11.4791666666667,13.4611110687256,0.164592837278338,0.203261787276081,0.240932649648541,0.1619375,0.198791666666667,0.237916666666667,0,0,0,"Mixed","Mixed","Mixed","Uneven-aged","Uneven-aged","Uneven-aged",0.424328806107069,0.578419164522849,0.609988266940672,55.4483468416313,57.7447076084678,56.5791008142582,0.419720936725504,0.413403419464042,0.292784418212067,33.7633638944297,31.53433976735,40.6602408210835
314,379922,4741791,91,"06/16/03 00:00:00","2019-06-19T22:00:00Z",55,65,70,1,2,4,3,4,4.19999980926514,3,3.75,4.17499995231629,0.0825,0.0972175395697711,0.0989264246801632,0.0825,0.097,0.098125,0,0,0,"Pure","Pure","Pure","Even-aged","Even-aged","Even-aged",0,0,0,36.3636363636364,38.659793814433,42.5477702146883,0.0283018863369793,0.0736682848440318,0.151515444744974,305.836706665439,162.191859151284,109.225657843236
317,395892,4739813,91,"03/13/03 00:00:00","2019-03-13T23:00:00Z",80,90,80,34,43,38,6.80062600361802,11.8536776513153,15.4923202826987,6.05882352941176,11.1627906976744,15.7394737444426,0.160250630906347,0.230081709449612,0.285948525456115,0.1555,0.224093023255814,0.281276315789474,0,0,0,"Pure","Pure","Pure","Uneven-aged","Uneven-aged","Uneven-aged",0,0,0,38.9634953659921,49.813200498132,55.957337539301,0.762059259697963,1.05809942481764,0.790434651315263,39.2195545923677,25.5263166881997,26.9039272483402
323,392897,4737784,91,"03/14/03 00:00:00","2019-04-11T22:00:00Z",80,80,70,49,30,29,16.7841564337378,16.4810016057888,19.7901334403706,12.265306122449,15.8333333333333,18.9724138194117,0.32874813571288,0.444429503221077,0.490538664158579,0.287224489795918,0.4113,0.45801724137931,0,0,0,"Mixed","Mixed","Mixed","Uneven-aged","Uneven-aged","Uneven-aged",0.937157712057225,0.690538021049565,0.815830440512787,42.7028563308228,38.4958262419969,41.4229249586252,1.4110482868391,0.693245629334202,0.537449771937751,17.0812322824112,33.5431163631302,31.5773443119343
324,393919,4737785,91,"03/14/03 00:00:00","2019-04-21T22:00:00Z",85,85,75,43,34,33,10.5048512881585,14.0149546603151,16.3067918358021,9.26744186046512,12.5588235294118,15.3575757633556,0.220100479168566,0.294423501999096,0.357758224181775,0.210720930232558,0.283691176470588,0.342439393939394,0,0,0,"Mixed","Mixed","Mixed","Uneven-aged","Uneven-aged","Uneven-aged",1.05614100289547,0.843401827073425,1.05808159278437,43.9796931905971,44.2693484008087,44.8475731331123,0.763568937524638,0.586725020513133,0.541849096435595,27.9717988095684,31.4607010456558,30.6543466593547
328,391892,4735793,91,"06/19/03 00:00:00","2019-06-24T22:00:00Z",95,90,90,19,31,39,8.45492965855137,10.8859153983567,13.3062235551171,6.73684210526316,8.24193548387097,10.1948717801999,0.114614571499439,0.133573798618664,0.188525010243149,0.110052631578947,0.127016129032258,0.172974358974359,0,1,4,"Mixed","Mixed","Mixed","Even-aged","Uneven-aged","Uneven-aged",1.17680627818209,1.04049180711412,0.885798781406779,61.2147297943568,64.8888888888889,58.9386302146154,0.435117921747453,0.830401330035918,0.793916958954896,29.2648993314646,19.0863169067272,19.8033241636534
329,393907,4735792,91,"03/17/03 00:00:00","2019-04-11T22:00:00Z",60,70,70,1,3,7,4,4.5,6.44112684116708,4,4.5,5.02857143538339,0.079,0.0981860478886893,0.105903594974729,0.079,0.098,0.104428571428571,0,0,0,"Pure","Pure","Pure","Even-aged","Even-aged","Even-aged",0,0,0,50.6329113924051,45.9183673469388,48.1532148395126,0.0263996565300599,0.112274618956522,0.264108480081239,229.377529999079,117.714754178964,56.977327529272
331,377904,4734780,91,"2004-02-03 00:00","2019-06-06T22:00:00Z",75,70,95,16,28,41,7.48231611743423,11.868231515791,17.8201253386616,6.78125,11.25,15.2512194586963,0.175814888448049,0.251976596844117,0.275790858370932,0.1709375,0.248553571428571,0.266780487804878,0,0,0,"Pure","Pure","Pure","Uneven-aged","Uneven-aged","Uneven-aged",0,0,0.624725992408103,39.6709323583181,45.2618722609383,57.1676721344441,0.334196325653109,0.506735792116631,0.815648435074692,57.9848307876858,39.6286145077128,20.5036652522737
338,385903,4733807,91,"03/17/03 00:00:00","2019-03-24T23:00:00Z",40,50,50,2,11,24,3.5,7.02253517072431,9.8844756368921,3.5,6.18181818181818,8.45416659116745,0.0952004464275247,0.144398753457223,0.196901387120558,0.09475,0.139636363636364,0.191979166666667,0,0,0,"Pure","Pure","Pure","Even-aged","Uneven-aged","Uneven-aged",0,0,0,36.9393139841689,44.2708333333333,44.0368959713552,0.0558357156610697,0.272426591457288,0.463084350163482,185.365036473337,58.4285509875069,40.8361770765111
345,399933,4732794,91,"03/21/03 00:00:00","2019-04-04T22:00:00Z",70,85,90,5,33,51,5,9.21220659078919,14.2521440005582,4.8,8.25757575757576,13.1784313613293,0.100673233781378,0.174551394706371,0.220699645068435,0.0996,0.170621212121212,0.213549019607843,0,0,1,"Pure","Pure","Pure","Even-aged","Uneven-aged","Uneven-aged",0,0,0,48.1927710843374,48.3971228132493,61.7115048597737,0.152695827319808,0.689451783360505,1.08240071256369,82.0633108568452,32.600328168907,20.3011527433165
352,395886,4729801,91,"03/18/03 00:00:00","2019-05-28T22:00:00Z",65,85,55,3,11,17,8.55555555555556,10.2796057424588,17.8531931307834,10.5,9.13636363636364,15.2235293949352,0.303014988628175,0.223218350092867,0.266161163030752,0.275833333333333,0.186136363636364,0.242058823529412,0,0,0,"Mixed","Mixed","Mixed","Even-aged","Uneven-aged","Uneven-aged",0.263956795124353,0.692185841086317,0.649349014894485,38.0664652567976,49.0842490842491,62.8918589827212,0.0577636707248001,0.520186417703289,0.424061256250454,145.940090470467,40.7811835907689,27.3140689446431
354,397911,4729768,91,"03/20/03 00:00:00","2019-05-29T22:00:00Z",75,75,85,34,31,42,8.43239448782706,12.5852893947387,17.0474494857206,6.57352941176471,11.4354838709677,15.2642857460749,0.144520759754438,0.216542125083051,0.269777664188936,0.140029411764706,0.21291935483871,0.266333333333333,0,0,3,"Mixed","Mixed","Mixed","Uneven-aged","Uneven-aged","Uneven-aged",0.492008628585262,0.59427739142892,0.540701581767019,46.9439193446755,53.7080524202712,57.3127124383286,0.869886491116131,0.547956064045601,0.740205423656577,26.5857225991283,31.0074156445295,23.6776884280953
363,389904,4726785,91,"06/18/03 00:00:00","2019-05-05T22:00:00Z",85,80,99,44,37,51,7,13.1269171960505,16.8240066353218,6.55681818181818,12.1351351351351,16.0803922017415,0.152403229356145,0.210413412248492,0.243889781438657,0.150602272727273,0.20822972972973,0.242137254901961,0,0,0,"Pure","Pure","Pure","Uneven-aged","Uneven-aged","Uneven-aged",0.300877451341719,0,0,43.5373123066476,58.2776299565189,66.4102358319555,0.812975275893077,0.769937094121142,0.926675193360095,35.0303061133725,25.1518639288462,20.138345680741
365,391912,4726792,91,"2006-04-03 00:00","2019-04-22T22:00:00Z",65,80,80,17,21,27,7.63661977236758,9.78779340921081,12.511964962555,6.82352941176471,9,11.9925925996568,0.192059159084474,0.251759782521431,0.349914539831064,0.188676470588235,0.247690476190476,0.342666666666667,0,0,0,"Pure","Pure","Pure","Uneven-aged","Uneven-aged","Uneven-aged",0,0,0,36.1652377240842,36.3356724021917,34.9978383258468,0.274490694814101,0.344379667544329,0.520330204527983,63.7173286996761,55.1510695638093,45.7120178924915
368,376882,4725806,91,"03/18/03 00:00:00","2019-06-09T22:00:00Z",75,80,90,58,29,32,7.06588424210452,9.19765272631355,11.4073552468131,5.39655172413793,8.68965517241379,11.1875,0.146104031193648,0.245574818292329,0.314337783582407,0.137931034482759,0.242155172413793,0.311671875,0,0,0,"Pure","Pure","Pure","Uneven-aged","Uneven-aged","Uneven-aged",0,0,0,39.125,35.8846564613742,35.8951220734947,1.41303520600166,0.544079425072461,0.605275352743679,24.3704944147217,45.7699354750051,42.6545372192466
371,409896,4741812,91,"05/28/03 00:00:00","2019-05-06T22:00:00Z",80,90,80,6,44,45,4,9.63661977236758,16.2611897505492,3.83333333333333,7.95454545454545,13.1577777968513,0.0907225624270685,0.169214394670301,0.219937756346351,0.0903333333333333,0.161681818181818,0.2047,0,0,1,"Mixed","Mixed","Mixed","Even-aged","Uneven-aged","Uneven-aged",0.450554186265836,0.621412321629504,0.621795719118675,42.4354243542435,49.1987630025302,64.2783478107048,0.157989390419901,1.05451107138834,1.01097620124259,93.6417586951441,23.2440658123856,15.3720574499686
382,345937,4724840,91,"2006-02-03 00:00","2019-05-20T22:00:00Z",70,90,70,21,29,37,10.7957747154595,14.2732395447352,17.041063839683,9.57142857142857,12.1034482758621,13.3945945018047,0.160008853921692,0.202472837684466,0.199985033223773,0.155571428571429,0.192706896551724,0.184189189189189,0,0,0,"Mixed","Mixed","Mixed","Uneven-aged","Uneven-aged","Uneven-aged",0.853232564730753,0.809292479250662,0.400305594574289,61.524334251607,62.8075512212579,72.7219364001133,0.416526671358754,0.604901408767202,0.928592867186425,31.0330273554212,21.9408518038673,15.4004050726952
384,345955,4723788,91,"2006-02-03 00:00","2019-05-21T22:00:00Z",70,70,70,16,18,23,7.15915494309189,11.3183098861838,14.8882000903847,6.46875,10.5277777777778,14.2782607285873,0.120570194803691,0.187638208321819,0.262075163463362,0.11896875,0.184694444444444,0.259260869565217,0,0,0,"Mixed","Mixed","Mixed","Even-aged","Uneven-aged","Uneven-aged",0.66326570603587,0.686118926179174,0.661563238157982,54.3735224586288,57.0010527898932,55.0729493136856,0.336052534900711,0.315979152737609,0.391473243572752,42.1380609900669,39.450446794535,34.9384776274284
386,345918,4722804,91,"2006-04-03 00:00","2019-04-21T22:00:00Z",80,70,70,2,35,26,4.8408450569081,9.04820035953875,13.1463223486847,4.75,8.4,12.4499999926641,0.118364901892411,0.147294651246114,0.20921621131481,0.1145,0.144428571428571,0.205730769230769,0,0,0,"Pure","Pure","Pure","Even-aged","Uneven-aged","Uneven-aged",0,0.109562564044969,0.0922160573371918,41.4847161572052,58.160237388724,60.5159842604721,0.0407743205484968,0.505733951356873,0.484558717450541,169.525359662401,30.7683853224041,28.4920720034939
398,347903,4719775,91,"2006-06-03 00:00","2019-05-23T22:00:00Z",85,90,80,20,49,30,6.1591549430919,11.1414710605261,15.2561816099699,5.75,10.265306122449,14.4499999364217,0.122858149912816,0.173892985505923,0.239821704605734,0.12085,0.171071428571429,0.236366666666667,0,0,0,"Mixed","Mixed","Mixed","Even-aged","Uneven-aged","Uneven-aged",0.65438955857297,0.690264544287864,0.692247002247875,47.5796441870087,60.005964807635,61.1338313485618,0.413364091814705,0.804557480464661,0.48392331584878,43.457525563463,23.3439175362583,28.0910106078858
402,344928,4717802,91,"04/14/03 00:00:00","2019-05-28T22:00:00Z",70,85,95,9,33,35,5.1591549430919,9.13661977236758,13.7063849063804,4.62222222222222,8.72727272727273,13.2085714612688,0.106762977353263,0.16246967082934,0.235015561794776,0.105222222222222,0.16,0.232542857142857,0,0,0,"Pure","Mixed","Mixed","Even-aged","Uneven-aged","Uneven-aged",0,0.691124366039245,0.653418194793702,43.9281942977825,54.5454545454545,56.800589893649,0.20731916100108,0.558018434086001,0.585779691441635,64.9377313825952,32.3915471645325,28.3999296544986
404,344906,4716775,91,"04/15/03 00:00:00","2019-05-28T22:00:00Z",75,70,70,25,44,31,7.32629119243246,10.7732395447352,15.3170579905828,6.66,9.73863636363636,14.4096774747295,0.17394197308298,0.229503045137255,0.304978687779982,0.17058,0.224181818181818,0.302,0,1,0,"Pure","Pure","Pure","Uneven-aged","Uneven-aged","Uneven-aged",0,0,0,39.04326415758,43.4407948094079,47.7141638236075,0.559074401298809,0.990155590950264,0.64821655636639,45.3941269766187,28.9753584834164,31.6435335476994
407,344905,4714759,91,"04/28/03 00:00:00","2019-03-11T23:00:00Z",70,70,70,23,45,30,6.97746482927569,12.0048512881586,16.3102661797584,6.28260869565217,11.1222222222222,15.3066666285197,0.148564398274898,0.206435690820276,0.280093778938412,0.14554347826087,0.202411111111111,0.276483333333333,0,0,0,"Mixed","Mixed","Mixed","Uneven-aged","Uneven-aged","Uneven-aged",0.691761544697554,0.656284722469061,0.688503499833388,43.1665421956684,54.9486743152001,55.3619867207898,0.463159991742291,0.74499447284947,0.535022090323853,42.6626485911224,25.8370611552336,29.0487368828886
411,345899,4710808,91,"05/21/03 00:00:00","2019-03-17T23:00:00Z",60,50,60,9,9,9,6.93724577598561,10.4805948473658,13.3383951609883,6.61111111111111,10.1111111111111,13.5333332485623,0.211435569382259,0.307418778794588,0.381629874500295,0.207888888888889,0.304055555555556,0.378611111111111,0,0,0,"Mixed","Mixed","Mixed","Uneven-aged","Uneven-aged","Uneven-aged",0.693012527818772,0.686961576597323,0.668118198220058,31.8011758417958,33.2541567695962,35.7446806271638,0.153774879084912,0.170368977518002,0.206330226580551,101.607763264702,87.5423658041147,74.2699207223661
412,346899,4710829,91,"2006-02-03 00:00","2019-03-17T23:00:00Z",60,70,70,2,20,32,4.6591549430919,8.3938967046054,11.9970893601716,4.75,7.825,10.6625000238419,0.120260134708057,0.180375129937583,0.240749675493032,0.1185,0.177075,0.2379375,0,0,0,"Mixed","Pure","Pure","Even-aged","Uneven-aged","Uneven-aged",0.500402423538188,0.279640778720701,0.321255964556256,40.084388185654,44.1903148383453,44.8121881748016,0.0398015835771911,0.477837012907904,0.585315226045455,176.136232721573,43.8195252486034,34.8864067876878
418,356864,4724825,91,"2006-12-03 00:00","2019-08-18T22:00:00Z",40,70,60,10,44,29,5.31830988618379,10.1816901138162,14.4810015518219,4.65,8.98863636363636,13.5275862463589,0.101629720062588,0.170378739203949,0.248538087693783,0.0996,0.167147727272727,0.245568965517241,0,0,0,"Mixed","Mixed","Pure","Even-aged","Uneven-aged","Uneven-aged",0.522072335200825,0.497161512342517,0.207198284095683,46.6867469879518,53.7765993609355,55.0867094213872,0.276029838350066,0.818508329721366,0.535556684386041,56.7234542712617,26.0736109449408,30.9362815834974
424,371876,4724791,91,"04/25/03 00:00:00","2019-03-12T23:00:00Z",50,70,70,8,12,22,7.43239448782706,9.76525823848649,12.1517371937201,6.625,8.96666666666667,10.9545454762199,0.149174813557785,0.200503428898361,0.244477945649686,0.148125,0.196166666666667,0.239386363636364,0,0,0,"Pure","Pure","Pure","Uneven-aged","Uneven-aged","Uneven-aged",0,0,0.261764482909016,44.7257383966245,45.7094307561597,45.7609418924973,0.157863053063758,0.29476849150239,0.428555264732721,74.4416110842559,52.5681398045269,40.8473852688522
431,370880,4723808,91,"2006-12-03 00:00","2019-03-12T23:00:00Z",60,70,70,12,25,33,9.58841941282883,11.4292644697369,14.912206669889,8.625,10.42,14.0484847733469,0.17417914628336,0.234663141545493,0.270803686022987,0.171166666666667,0.23126,0.267636363636364,0,0,0,"Pure","Pure","Pure","Uneven-aged","Uneven-aged","Uneven-aged",0,0,0,50.3894839337877,45.0575110265502,52.490941748239,0.210616372819848,0.478420990662456,0.610387733154156,56.5718593224845,39.9993325656615,30.4477078899689
436,355869,4722843,91,"05/29/03 00:00:00","2019-03-25T23:00:00Z",40,80,80,39,32,32,11.0402190532901,13.6414710605261,16.1488264189743,10.3846153846154,13.078125,15.3343749940395,0.169009311683994,0.212870155552628,0.265791418456277,0.165679487179487,0.2098125,0.26296875,0,0,0,"Pure","Pure","Pure","Uneven-aged","Uneven-aged","Uneven-aged",0,0,0,62.6789445175269,62.3324396782842,58.3125371134005,0.677284416046487,0.529936678769583,0.507861060576034,24.2729668530137,26.7255545104395,27.5593204062309
439,364896,4722817,91,"2006-11-03 00:00","2019-07-11T22:00:00Z",80,80,50,50,62,27,12.5561816657874,14.061032953946,18.6259507620581,11.42,12.5806451612903,17.1592592663235,0.191214565344798,0.226454981996351,0.309267743285712,0.18476,0.21983064516129,0.302111111111111,0,2,0,"Pure","Pure","Pure","Uneven-aged","Uneven-aged","Uneven-aged",0.559937687710085,0.54315970714623,0.278111123842897,61.8099155661399,57.2288051652665,56.797842367382,0.794631889247004,1.07871949616524,0.463555592301286,20.9252376040698,18.273919017233,27.8181493764681
452,360862,4720787,91,"05/20/03 00:00:00","2019-04-09T22:00:00Z",70,65,65,32,25,24,10.5,13.2974959855279,17.7298319436924,10.125,13.5,17.4791666666667,0.213688916710718,0.263017413872162,0.340602606297525,0.21175,0.26084,0.3374375,0,0,0,"Pure","Pure","Pure","Uneven-aged","Uneven-aged","Uneven-aged",0.157286715722739,0,0,47.8158205430933,51.7558656647753,51.7997159967895,0.507330647285022,0.375351885334514,0.461802275438684,35.5093473372915,38.6043466632385,32.1206371801284
453,366901,4720793,91,"06/17/03 00:00:00","2019-06-27T22:00:00Z",70,80,70,32,33,27,11.7219091671063,14.561032953946,18.8101070733674,10.375,12.7727272727273,17.7518520002012,0.188475918554599,0.23909238103015,0.294933419981904,0.18325,0.234030303030303,0.29037037037037,0,0,0,"Pure","Pure","Pure","Uneven-aged","Uneven-aged","Uneven-aged",0.383661172274819,0.311128977326059,0,56.6166439290587,54.577236825068,61.1352045925296,0.637924437395424,0.633780089074606,0.549719562489813,28.0662258201118,27.2842682827149,27.2386612723042
454,370877,4720814,91,"2005-12-03 00:00","2019-03-27T23:00:00Z",50,60,60,12,12,13,8.22676045526484,8.01455386447565,7.89183132800703,7.91666666666667,7.83333333333333,7.53076927478497,0.276199316617547,0.290486481326297,0.301030058555364,0.268125,0.282708333333333,0.290807692307692,0,0,0,"Pure","Pure","Pure","Uneven-aged","Uneven-aged","Uneven-aged",0,0,0,29.5260295260295,27.7081798084009,25.8960456479843,0.409381577225582,0.417808953941125,0.342871275630184,72.5819471016876,76.7946224427361,88.5893563924465
458,362936,4719770,91,"04/21/03 00:00:00","2019-04-25T22:00:00Z",80,90,90,2,9,24,5.5,7,7.48985907191147,5.75,5.83333333333333,7.15833336114883,0.0830060238777885,0.0878157793970486,0.10307880278376,0.083,0.0874444444444444,0.1011875,0,0,3,"Pure","Pure","Pure","Even-aged","Even-aged","Even-aged",0,0,0,69.2771084337349,66.7090216010165,70.7432574295129,0.050357034865008,0.248056640265466,0.588157799453408,117.959568664851,43.6901955402705,30.1570125778726
461,371894,4719803,91,"03/24/03 00:00:00","2019-03-27T23:00:00Z",40,60,65,11,12,18,8,9.44381833421258,12.4091391868929,7.45454545454545,9.70833333333333,12.2888889312744,0.16434587972267,0.25160219924847,0.2816782295457,0.162227272727273,0.251083333333333,0.277694444444444,0,0,0,"Pure","Pure","Pure","Uneven-aged","Uneven-aged","Uneven-aged",0,0,0.360668471879643,45.9512468478565,38.6657816130103,44.2532761354285,0.19333694343768,0.16109694017972,0.271093181091941,61.3037235343583,80.0700084139169,50.5554717562903
465,353868,4718832,91,"06/13/03 00:00:00","2019-04-08T22:00:00Z",80,70,75,37,26,28,10.6366197723676,13.3633802276324,15.38585299818,9.62162162162162,12.8846153846154,14.1750000204359,0.194511324619944,0.236971639004138,0.270784689770832,0.189554054054054,0.233423076923077,0.262803571428571,0,0,0,"Mixed","Mixed","Mixed","Uneven-aged","Uneven-aged","Uneven-aged",0.806676342875208,0.626323213452738,0.692221932740144,50.7592500178228,55.1985500082386,53.9376232346544,0.799910356151703,0.487078312133451,0.628819926197676,26.5852013429829,31.9731050907733,26.234762379722
472,354883,4717798,91,"06/16/03 00:00:00","2019-06-12T22:00:00Z",80,80,80,26,26,31,8.9469483523027,11.4244131815784,14.5189984481781,7.26923076923077,9.51923076923077,11.8903226237143,0.179456604996648,0.224673309838632,0.252084023370601,0.174269230769231,0.218961538461538,0.237129032258065,0,2,0,"Mixed","Mixed","Mixed","Uneven-aged","Uneven-aged","Uneven-aged",0.776329118395798,1.16204326677951,0.834111310224025,41.7126462149636,43.4744422975584,50.1428378907827,0.41735498911925,0.413007076275826,0.734797185144841,42.0609754350054,37.1763490295413,20.5324766425876
475,354882,4716797,91,"06/13/03 00:00:00","2019-04-14T22:00:00Z",80,70,75,27,24,22,12.0097025763171,14.3856088388936,15.8696826877232,11.0740740740741,14,15.504545471885,0.222220069434017,0.271492000342551,0.33635769650775,0.217074074074074,0.265645833333333,0.327045454545455,0,0,0,"Mixed","Pure","Pure","Uneven-aged","Uneven-aged","Uneven-aged",0.246865310813258,0.0680426866533024,0.150881147948234,51.0151851219928,52.7017488824406,47.4079222211911,0.437052473094692,0.369413002212143,0.37079965111312,34.3578207284256,35.9288793034244,38.1032544907227
478,370892,4716793,91,"05/23/03 00:00:00","2019-03-28T23:00:00Z",80,70,70,28,20,18,9.57073553026306,11.9372457759856,13.7643505122476,8.66071428571429,10.78,12.7499998940362,0.16729392974215,0.20940666178515,0.227530797671192,0.159660714285714,0.19565,0.224805555555556,0,0,0,"Mixed","Mixed","Pure","Uneven-aged","Uneven-aged","Uneven-aged",0.18974407983486,0.266384330079622,0,54.2444916675987,55.0983899821109,56.7156797461142,0.460414203421063,0.308781594784661,0.276756948524958,31.1942775365388,36.4578607334396,38.6640704479822
479,371880,4716791,91,"05/23/03 00:00:00","2019-03-31T22:00:00Z",80,70,70,34,22,21,9.54507034144863,11.8342724986811,13.8755867393218,9.17647058823529,11,13.5190476462955,0.160990340411723,0.213729916653536,0.26166561267607,0.158397058823529,0.210727272727273,0.256452380952381,0,0,0,"Pure","Pure","Pure","Uneven-aged","Uneven-aged","Uneven-aged",0.111587230002403,0.223718045926249,0.515987896741837,57.9333395227927,52.2001725625539,52.71562539638,0.57121980223309,0.358943118751272,0.336480318684083,29.508528188258,37.60693771284,38.9033642508476
486,371893,4714777,91,"05/29/03 00:00:00","2019-04-24T22:00:00Z",80,70,70,42,34,37,11.4951487118415,14.9341157578955,18.5290227408162,10.952380952381,13.8823529411765,17.5216216783266,0.208445236613041,0.275175759341937,0.342278681699497,0.204428571428571,0.272191176470588,0.335905405405405,0,0,0,"Mixed","Mixed","Mixed","Uneven-aged","Uneven-aged","Uneven-aged",0.94983094327576,0.429323235838632,0.510089748381348,53.5755881667831,51.0022151385812,52.162368918058,0.804047540617952,0.653164448724043,0.789188130672156,26.5648335125215,29.5130144780416,25.5513779294196
490,361938,4713829,91,"2004-10-03 00:00","2019-04-25T22:00:00Z",70,75,75,6,16,26,8.63661977236758,10.4629109648,11.0059781902832,7.75,9.4375,10.5923076776358,0.145169297718216,0.159435184714667,0.167756176087155,0.142416666666667,0.15371875,0.158692307692308,0,0,0,"Pure","Pure","Pure","Even-aged","Uneven-aged","Uneven-aged",0,0,0,54.4177881802224,61.3945923968286,66.7474550699298,0.138947507964926,0.438672730797189,0.83515466169813,70.8232421308965,35.4724695500951,25.4585043308933
495,357928,4712810,91,"05/27/03 00:00:00","2019-06-24T22:00:00Z",90,90,85,27,22,23,10.2780908328937,10.9951487118415,13.6874691761771,9.66666666666667,10.8181818181818,12.9043478343798,0.214723142157006,0.273851797179025,0.322213860252985,0.208314814814815,0.270840909090909,0.318108695652174,0,0,0,"Mixed","Mixed","Mixed","Uneven-aged","Uneven-aged","Uneven-aged",1.32376945475957,1.00525282919357,1.0324132205457,46.4041248110943,39.9429386590585,40.5658443505412,0.526964040345588,0.362090843111405,0.451020372220608,35.1651704705761,50.5755989477616,41.3860561280023
499,365895,4711778,91,"2006-05-03 00:00","2019-03-14T23:00:00Z",70,80,80,4,33,22,2.3,9.61893588980181,11.1337091325392,3.4,8.57575757575758,10.2272727055983,0.104263788057024,0.165607513370766,0.216003156542592,0.103625,0.162515151515152,0.212545454545455,0,0,0,"Pure","Mixed","Mixed","Even-aged","Uneven-aged","Uneven-aged",0,0.495485089202856,0.614260261417379,32.810615199035,52.7689725899683,48.1180495130802,0.106445347132018,0.552387087889471,0.356270446929166,199.456763524926,30.9921050808194,40.6428783077337
504,347892,4709783,91,"2006-03-03 00:00","2019-03-06T23:00:00Z",70,80,80,22,39,33,7.3408450569081,12.5,15.0926446182696,6.88636363636364,11.5512820512821,14.2333333853519,0.167213662991124,0.230085393846586,0.281575249644072,0.165863636363636,0.228525641025641,0.279787878787879,0,1,0,"Pure","Pure","Pure","Uneven-aged","Uneven-aged","Uneven-aged",0,0,0,41.5182241710058,50.54698457223,50.8718728167025,0.430926469530078,0.64574475995654,0.605616333093384,49.9944814458153,30.9862933160884,31.1623037322057
508,368879,4708799,91,"03/18/03 00:00:00","2019-06-05T22:00:00Z",80,80,90,3,11,30,5.1591549430919,8.36338022763242,12.7356496226697,5.33333333333333,7.45454545454545,10.4166667143504,0.114470520222457,0.153407212109707,0.208496502768432,0.113666666666667,0.146454545454545,0.19085,0,0,0,"Mixed","Mixed","Mixed","Even-aged","Uneven-aged","Uneven-aged",0.686961576597323,0.837897227781477,0.52910348770695,46.9208211143695,50.9000620732464,54.580386242339,0.08408540620698,0.285778479045466,0.680362164922681,118.56077595613,45.7497027943873,21.1927550265359
514,368910,4707768,91,"03/17/03 00:00:00","2019-06-20T22:00:00Z",80,85,80,10,35,30,5.8408450569081,8.02253517072431,13.7141472391193,5.1,7.74285714285714,12.506666692098,0.116612284944597,0.160694208269709,0.212757726064178,0.11555,0.159257142857143,0.207933333333333,0,0,0,"Pure","Pure","Pure","Even-aged","Even-aged","Uneven-aged",0,0,0.449322955183159,44.1367373431415,48.6185862935056,60.147483289987,0.270644319383166,0.56600279703748,0.547835352876325,59.3719461171359,38.6623621851938,27.249372827124
527,381904,4719769,91,"03/14/03 00:00:00","2019-05-23T22:00:00Z",85,80,75,36,34,29,6.54507034144863,10.7780908328937,12.7751801930653,6.58333333333333,9.83823529411765,12.0827586733062,0.157758121819449,0.213696647968425,0.25140352574819,0.155611111111111,0.210338235294118,0.246568965517241,0,0,0,"Pure","Pure","Mixed","Uneven-aged","Uneven-aged","Uneven-aged",0,0.493115861080583,0.658882734016675,42.3063191717244,46.7734041809411,49.0035663975776,0.717807103160692,0.583620686636601,0.451992345184754,39.2587169383426,33.6052667535821,35.6624949642358
528,375897,4717807,91,"2004-11-03 00:00","2019-04-23T22:00:00Z",20,60,60,1,5,5,12.5,13.7,16.9799997329712,12.5,13.7,16.9799997329712,0.433,0.582684176891736,0.7186904062251,0.433,0.5783,0.7104,0,0,0,"Pure","Pure","Pure","Even-aged","Uneven-aged","Uneven-aged",0,0,0,28.8683602771363,23.6901262320595,23.9020266511419,0.0113787451236659,0.091679967366437,0.128381858984103,367.104978258984,149.750508450162,120.823457245078
530,375915,4716812,91,"2004-01-03 00:00","2019-05-19T22:00:00Z",80,90,85,14,41,38,6.81830988618379,11.0092958178941,13.8877933859286,6.28571428571429,9.47804878048781,13.1026316191021,0.132410684182638,0.176725897035287,0.235807054825048,0.131678571428571,0.171890243902439,0.229855263157895,0,0,0,"Pure","Pure","Pure","Even-aged","Uneven-aged","Uneven-aged",0,0.266777649007951,0.651339780924068,47.7352861404936,55.1401206101454,57.0038355402002,0.272604293748886,0.968076853695108,0.776546343930306,56.1169776822782,22.8469371952166,22.7719711439015
532,376914,4715806,91,"2004-01-03 00:00","2019-04-24T22:00:00Z",45,40,45,9,11,15,6.39702672269553,8.84397507499823,10.8096173757052,5.94444444444444,8.04545454545454,9.74666649500529,0.179975847144987,0.217725379570437,0.288109556708323,0.167277777777778,0.198590909090909,0.257766666666667,0,0,0,"Mixed","Mixed","Mixed","Uneven-aged","Uneven-aged","Uneven-aged",0.742283778524989,0.684709422703346,0.96981605929835,35.5363666555961,40.512703135729,37.8119739881235,0.178059682352283,0.258579988171945,0.244005317588146,70.9775663711725,49.9967661915657,53.0025746305724
534,375886,4714758,91,"2004-10-03 00:00","2019-04-02T22:00:00Z",75,90,80,32,48,30,6.97746482927569,10.4805948473658,12.4463224045022,6.234375,9.54166666666667,11.9700000445048,0.15106921013231,0.195163953510888,0.253466072680349,0.14959375,0.190979166666667,0.250733333333333,0,0,0,"Pure","Pure","Pure","Uneven-aged","Uneven-aged","Uneven-aged",0,0.544851426920301,0,41.6753707959056,49.9618195701974,47.739962953356,0.422228126439124,0.815948624290666,0.476747348577005,44.4534305918061,25.1551039235268,35.5261618566396
536,381923,4714793,91,"2005-08-03 00:00","2019-05-09T22:00:00Z",75,80,80,30,25,26,10.0804381065802,12.8536776513153,16.5807648489241,9.46666666666667,11.86,16.3538462198698,0.199691741608577,0.262850908311156,0.320080653898357,0.196916666666667,0.25932,0.315326923076923,0,1,0,"Pure","Pure","Pure","Uneven-aged","Uneven-aged","Uneven-aged",0.0847340479336179,0.155135049107426,0.160175019058939,48.0744815911976,45.7349992287521,51.8631459067651,0.601902526131689,0.440990751360634,0.580948328535345,35.2514580929067,40.6505646246857,32.1809005130185
537,382949,4714815,91,"2005-08-03 00:00","2019-05-22T22:00:00Z",90,80,85,37,39,46,11.300626003618,12.3633802276324,16.6228794517215,10.6621621621622,12.3974358974359,15.7173913043478,0.174235453462386,0.226622158148983,0.262291998336404,0.172527027027027,0.224871794871795,0.26020652173913,0,0,0,"Pure","Pure","Pure","Uneven-aged","Uneven-aged","Uneven-aged",0,0,0,61.799953003838,55.1311288483466,60.4035256276369,0.544362484196595,0.606509461383152,0.695390922989091,27.1052415128332,28.9842420950244,22.6382078847743
539,375907,4713789,91,"2004-11-03 00:00","2019-04-02T22:00:00Z",70,80,80,17,30,34,7.38591539835673,9.86338022763242,12.2517371611847,6.76470588235294,9.33333333333333,11.2529411315918,0.153700912776194,0.212002201246434,0.241636789904381,0.148823529411765,0.2042,0.227176470588235,0,0,0,"Mixed","Mixed","Mixed","Uneven-aged","Uneven-aged","Uneven-aged",0.690185676018804,1.02122506479388,0.934106460990768,45.4545454545455,45.7068233757754,49.5339200510255,0.37353085431401,0.601353016852653,0.738336062377549,48.7247765453374,33.7174106236315,25.1571925037536
542,380917,4713787,91,"04/30/03 00:00:00","2019-04-28T22:00:00Z",65,70,70,27,24,21,8.93411575789548,11.0707355302631,12.9898932052548,8.31481481481481,10.5208333333333,11.9190476962498,0.19008085511561,0.249529139914894,0.319673401041334,0.1865,0.246333333333333,0.313738095238095,0,0,0,"Mixed","Mixed","Mixed","Uneven-aged","Uneven-aged","Uneven-aged",0.516910036760594,0.552664834240115,0.5503305829152,44.5834574520902,42.7097428958051,37.9904381302643,0.468639328657927,0.352030135577353,0.351816038347249,39.3668656026492,46.1689437134467,47.7162333985707
549,383915,4712820,91,"03/25/03 00:00:00","2019-04-28T22:00:00Z",85,80,80,39,40,31,10.6414710605261,14.808406911947,15.1054150823347,9.80769230769231,13.5375,13.051613046277,0.196992938829588,0.252853873314213,0.288005222286882,0.193589743589744,0.2464375,0.281564516129032,0,0,0,"Mixed","Mixed","Mixed","Uneven-aged","Uneven-aged","Uneven-aged",0.677904940439938,0.811632489015376,0.8807962040829,50.6622516556291,54.9327922901344,46.3538986577975,0.651152062021109,0.673045012731697,0.572289725609154,29.5731594922714,24.9253048133181,29.3671743493975
553,376886,4710778,91,"04/23/03 00:00:00","2019-04-15T22:00:00Z",80,75,75,26,26,26,8.91471060526129,13.6976527263136,16.3873050958795,7.32692307692308,12.6730769230769,15.8346152672401,0.184809647392204,0.263542691038852,0.3264996760512,0.177134615384615,0.254384615384615,0.316038461538462,0,0,0,"Mixed","Mixed","Mixed","Uneven-aged","Uneven-aged","Uneven-aged",1.12542498046391,1.13210006802594,0.99018515129524,41.3635870155249,49.8185666767463,50.1034437079521,0.524462590599688,0.61721217246909,0.631419354842379,38.8238542844754,29.8723813711525,30.4987082526298
555,376889,4709803,91,"05/22/03 00:00:00","2019-04-15T22:00:00Z",50,80,70,1,3,13,3,6.83333333333333,9.76782469969978,3,6.83333333333333,8.64846152525682,0.0775,0.188144005130822,0.197646002508759,0.0775,0.186666666666667,0.184730769230769,0,0,0,"Pure","Mixed","Mixed","Even-aged","Even-aged","Uneven-aged",0,0.636514168294813,0.520023449600423,38.7096774193548,36.6071428571429,46.8165729037429,0.0179903402047585,0.0583280350240417,0.333469432558087,305.836706665439,155.038944528392,37.8251659173998
557,375873,4708781,91,"05/22/03 00:00:00","2019-05-05T22:00:00Z",75,80,75,17,31,30,7.5,11.2073553026306,12.7599060634625,6.94117647058824,10.1290322580645,11.9733333269755,0.152773188285195,0.196983276676784,0.238202329963416,0.151411764705882,0.1935,0.235433333333333,0,0,0,"Pure","Pure","Pure","Even-aged","Uneven-aged","Uneven-aged",0,0,0,45.8430458430458,52.3464199383179,50.8565764985509,0.253489012561469,0.582978635827109,0.52385116217103,59.3404891287906,32.1102895974876,34.6530814618145
576,345836,4697773,91,"05/14/03 00:00:00","2019-03-06T23:00:00Z",90,70,85,7,35,30,4.79577471545948,10.7652582384865,12.6639436961564,4.64285714285714,9.65714285714286,12.4799999713898,0.130200120693383,0.181129393370753,0.250707199737064,0.129,0.177542857142857,0.247533333333333,0,0,0,"Pure","Pure","Pure","Even-aged","Uneven-aged","Uneven-aged",0,0,0,35.9911406423034,54.3933054393305,50.4174520794092,0.184580711268746,0.818724456476092,0.587030385680289,95.6572364895539,26.3716259892856,34.3657814183714
578,346837,4696847,91,"2005-08-03 00:00","2019-05-26T22:00:00Z",40,50,48,3,14,19,3.6591549430919,7.48716740559278,11.1405007991932,4,7.60714285714286,10.9105262756348,0.107944816148499,0.21353872181477,0.271651334192234,0.103833333333333,0.210785714285714,0.266105263157895,0,0,1,"Pure","Pure","Pure","Even-aged","Uneven-aged","Uneven-aged",0,0,0.332594214311893,38.5232744783307,36.0894611995934,41.0007909883427,0.0768489455878603,0.300603199421653,0.353416749900939,167.162479546173,71.4142341421322,52.9774250017875
581,347913,4706774,91,"05/19/03 00:00:00","2019-04-22T22:00:00Z",70,70,70,16,38,38,7.43239448782706,10.1414710605261,12.6670111884056,6.40625,9.47368421052632,11.600000030116,0.151751492991008,0.211926594789204,0.278530518974133,0.15103125,0.207210526315789,0.272447368421053,0,0,1,"Mixed","Mixed","Mixed","Uneven-aged","Uneven-aged","Uneven-aged",0.658109987543114,0.547412537257418,1.01298437222147,42.416718394372,45.7200914401829,42.5770309228638,0.24811096006794,0.717172066091039,0.665271762414737,56.6415730105202,31.1327520360882,33.0413649646321
599,347828,4694857,91,"05/27/03 00:00:00","2019-05-27T22:00:00Z",70,80,80,11,30,35,5.51283259440722,11.5561816657874,12.3590147612253,5.13636363636364,10.85,11.8857143129621,0.160833341183859,0.231933575260964,0.272353604188169,0.155636363636364,0.228233333333333,0.267514285714286,0,0,0,"Mixed","Mixed","Mixed","Uneven-aged","Uneven-aged","Uneven-aged",0.145165078194685,0.942413763533671,1.10323345854726,33.0023364485981,47.5390682050533,44.4302040963019,0.194013952861029,0.534285267838837,0.603802726591542,90.7816363309689,35.5062451078761,34.9482025762471
602,347874,4692812,91,"04/15/03 00:00:00","2019-05-29T22:00:00Z",60,70,70,9,24,27,5.63661977236758,9.34923312157981,11.8560248691842,4.88888888888889,8.31666666666667,10.6851851145426,0.143106991831675,0.224532175682388,0.268752743310719,0.140555555555556,0.220604166666667,0.264259259259259,0,0,3,"Pure","Pure","Pure","Uneven-aged","Uneven-aged","Uneven-aged",0,0.357627259246796,0,34.7826086956522,37.6994994805931,40.4344776583954,0.241669744526283,0.467409838144528,0.492044650404604,76.7329820711064,47.1429869004103,43.1109000101058
623,383887,4701819,91,"2005-05-03 00:00","2019-03-14T23:00:00Z",50,45,45,22,10,7,9.60105160931632,11.7837496753148,14.142857006618,9.68181818181818,12.1,14.142857006618,0.305785575496651,0.366811804608303,0.49709542056114,0.301136363636364,0.3625,0.494714285714286,0,0,0,"Pure","Pure","Pure","Uneven-aged","Uneven-aged","Uneven-aged",0,0,0,32.1509433962264,33.3793103448276,28.5879292654709,0.40911044484815,0.226823803703866,0.0994644416156666,60.2939845804812,76.3490897008969,122.599237557912
627,383918,4700770,91,"2005-06-03 00:00","2019-03-14T23:00:00Z",70,70,90,54,23,16,12.0561816657874,14.4712990294717,16.6489056765837,10.8611111111111,13.695652173913,16.0875002145767,0.230742862334934,0.311405230192597,0.425832787018567,0.225592592592593,0.306782608695652,0.4183125,0,0,1,"Pure","Pure","Pure","Uneven-aged","Uneven-aged","Uneven-aged",0,0,0,48.1448038088984,44.6428571428571,38.4580910553156,0.996106575842595,0.416620672098885,0.323911211189061,24.5478629071613,40.2237027269531,50.9719944751004
