"ID","Estadillo","CoorX","CoorY","Calidad","VCC_m3_ha_IFN2","VCC_total_IFN2","Porc_VCC_IFN2","VCC_m3_ha_IFN3","VCC_total_IFN3","Porc_VCC_IFN3","VCC_m3_ha_IFN4","VCC_total_IFN4","Porc_VCC_IFN4"
"1",47,368892,4754814,2,21.7244431839417,21.7244431839417,100,84.5640519756363,86.5281290156527,97.7301288467001,220.303983787644,225.956665754314,97.4983336084379
"2",47,368892,4754814,3,NA,NA,NA,1.96407704001643,86.5281290156527,2.26987115329991,5.65268196667006,225.956665754314,2.50166639156213
"3",49,369907,4753795,2,84.0773034811435,86.9976989784771,96.6431347821554,130.917067733863,143.437164704972,91.2713716860895,166.59928704005,188.971023175515,88.1612875034887
"4",49,369907,4753795,3,2.21169995163455,86.9976989784771,2.5422510912406,10.4005643854975,143.437164704972,7.25095508328673,22.371736135465,188.971023175515,11.8387124965113
"5",49,369907,4753795,4,0.708695545699067,86.9976989784771,0.814614126603964,1.18578708660503,143.437164704972,0.826694454707055,NA,NA,NA
"6",49,369907,4753795,5,NA,NA,NA,0.933745499006068,143.437164704972,0.650978775916715,NA,NA,NA
"7",54,357918,4751766,2,8.39862001518583,8.39862001518583,100,30.5149185685986,30.5149185685986,100,69.904374908298,78.0573063970229,89.5551975016193
"8",54,357918,4751766,3,NA,NA,NA,NA,NA,NA,8.15293148872494,78.0573063970229,10.4448024983807
"9",66,365937,4749769,2,5.89094187163934,11.4779150143044,51.3241461040419,28.1305668706728,31.1190536145771,90.3966014490096,39.3599251944553,40.6655139118195,96.7894449331313
"10",66,365937,4749769,3,3.44183548673776,11.4779150143044,29.9865914885095,NA,NA,NA,1.30558871736414,40.6655139118195,3.21055506686876
"11",66,365937,4749769,4,2.14513765592729,11.4779150143044,18.6892624074486,2.98848674390423,31.1190536145771,9.60339855099042,NA,NA,NA
"12",69,349879,4748713,2,3.42575473548496,3.42575473548496,100,21.0459822847442,24.634935800763,85.4314476601654,47.9616893592484,69.9687168140737,68.5473330698574
"13",69,349879,4748713,3,NA,NA,NA,3.58895351601883,24.634935800763,14.5685523398346,19.1850739848875,69.9687168140737,27.4195023982897
"14",69,349879,4748713,4,NA,NA,NA,NA,NA,NA,2.8219534699378,69.9687168140737,4.03316453185287
"15",72,357892,4748794,2,60.4313148084151,61.7051207919589,97.9356559598376,103.655771067833,103.655771067833,100,194.840633563229,196.432114061608,99.1898063583028
"16",72,357892,4748794,3,1.27380598354382,61.7051207919589,2.06434404016242,NA,NA,NA,1.59148049837858,196.432114061608,0.810193641697221
"17",90,372951,4747849,2,7.67785732260294,32.0928430726986,23.9238926423895,69.9158338523031,69.9158338523031,100,147.968119837218,150.900033902562,98.0570487696261
"18",90,372951,4747849,3,24.4149857500957,32.0928430726986,76.0761073576105,NA,NA,NA,2.93191406534449,150.900033902562,1.94295123037392
"19",94,358890,4746728,2,23.7874311377091,23.7874311377091,100,106.672314635403,108.193046482843,98.5944273713728,254.289632346811,257.55258936553,98.7330909672635
"20",94,358890,4746728,3,NA,NA,NA,1.52073184744078,108.193046482843,1.40557262862723,3.26295701871859,257.55258936553,1.26690903273648
"21",109,363930,4745778,2,32.0760998549107,56.8567684151846,56.4156225353536,58.4977378029384,85.1590059034643,68.6923680969821,88.4448895986556,117.515087198961,75.2625826238911
"22",109,363930,4745778,3,24.7806685602739,56.8567684151846,43.5843774646464,16.772254015743,85.1590059034643,19.6952205322311,23.5983565734151,117.515087198961,20.081129271054
"23",109,363930,4745778,4,NA,NA,NA,9.88901408478292,85.1590059034643,11.6124113707868,4.05338544842156,117.515087198961,3.44924685420087
"24",109,363930,4745778,5,NA,NA,NA,NA,NA,NA,1.41845557846852,117.515087198961,1.20704125085401
"25",111,348850,4744750,2,315.294000622881,315.294000622881,100,349.910788745074,349.910788745074,100,299.4935307003,325.344668634293,92.0542303513045
"26",111,348850,4744750,3,NA,NA,NA,NA,NA,NA,20.153610908373,325.344668634293,6.19454162042128
"27",111,348850,4744750,5,NA,NA,NA,NA,NA,NA,5.69752702561975,325.344668634293,1.75122802827426
"28",113,363902,4743810,2,5.82256205416786,20.3213123326779,28.6524903453447,39.2808035238967,46.9953810240402,83.5843920571743,81.8719515235414,93.5107533630905,87.5535150547263
"29",113,363902,4743810,3,14.49875027851,20.3213123326779,71.3475096546553,7.71457750014352,46.9953810240402,16.4156079428257,11.6388018395491,93.5107533630905,12.4464849452737
"30",123,381873,4757828,2,127.979673865781,152.26737258153,84.0493085918688,213.623865557427,230.909161898425,92.5142440434646,317.034491055347,364.498465281423,86.9782787180107
"31",123,381873,4757828,3,15.9335184441566,152.26737258153,10.4641711313599,17.2852963409974,230.909161898425,7.48575595653546,25.704215325334,364.498465281423,7.05194061804575
"32",123,381873,4757828,4,8.35418027159257,152.26737258153,5.4865202767713,NA,NA,NA,NA,NA,NA
"33",123,381873,4757828,5,NA,NA,NA,NA,NA,NA,21.7597589007416,364.498465281423,5.96978066394361
"34",125,378901,4756814,2,15.1731055856435,24.439777216905,62.0836493351842,47.5249487960813,50.1273994959381,94.8083269309277,91.1886412016387,95.5887541820576,95.3968298697162
"35",125,378901,4756814,3,9.26667163126148,24.439777216905,37.9163506648159,2.60245069985688,50.1273994959381,5.19167306907226,4.40011298041889,95.5887541820576,4.60317013028381
"36",131,385851,4755778,2,29.3153991731082,63.1885648919044,46.3935194971709,57.8856018611319,86.0889644343867,67.2392823417568,57.1733164724922,112.296106053005,50.9129999979747
"37",131,385851,4755778,3,30.1294366562264,63.1885648919044,47.6817865823798,28.2033625732548,86.0889644343867,32.7607176582432,51.2917985994807,112.296106053005,45.6754916998371
"38",131,385851,4755778,4,3.74372906256984,63.1885648919044,5.92469392044932,NA,NA,NA,2.13111675140227,112.296106053005,1.89776549366401
"39",131,385851,4755778,5,NA,NA,NA,NA,NA,NA,1.69987422963008,112.296106053005,1.5137428085242
"40",133,377862,4754828,2,116.392051371339,128.368803967512,90.6700442584132,183.867046051011,201.674240098296,91.1703180145336,229.410638000627,281.436365495555,81.5142128476111
"41",133,377862,4754828,3,8.60275217066028,128.368803967512,6.70159096663196,17.8071940472855,201.674240098296,8.82968198546639,30.4016036305867,281.436365495555,10.8023011088334
"42",133,377862,4754828,4,3.37400042551285,128.368803967512,2.62836477495478,NA,NA,NA,21.6241238643407,281.436365495555,7.68348604355548
"43",151,376861,4751808,2,119.29726990918,143.464323234442,83.1546597924773,161.363277345141,175.369449644315,92.0133339486541,204.392518030573,236.915080190229,86.2724812056953
"44",151,376861,4751808,3,16.2338921645545,143.464323234442,11.3156301152488,14.0061722991747,175.369449644315,7.98666605134589,29.1013658693166,236.915080190229,12.2834586324982
"45",151,376861,4751808,4,7.93316116070739,143.464323234442,5.52971009227389,NA,NA,NA,1.9980990780264,236.915080190229,0.84338197316188
"46",151,376861,4751808,5,NA,NA,NA,NA,NA,NA,1.42309721231264,236.915080190229,0.600678188644631
"47",154,380891,4751806,2,NA,NA,NA,16.4630840796311,22.5783301087582,72.9154193438113,26.8576732026606,56.7305023296111,47.3425619371644
"48",154,380891,4751806,3,2.1805940729369,2.1805940729369,100,6.11524602912715,22.5783301087582,27.0845806561887,29.8728291269505,56.7305023296111,52.6574380628356
"49",160,377887,4750782,2,101.429521055648,107.522721431194,94.3331043946415,154.462880652787,163.569083510535,94.4328092679191,148.1428056216,173.130474154755,85.5671460179683
"50",160,377887,4750782,3,6.09320037554625,107.522721431194,5.66689560535853,6.09359713714801,163.569083510535,3.72539663753484,14.1690453104475,173.130474154755,8.18402732368325
"51",160,377887,4750782,4,NA,NA,NA,3.01260572060014,163.569083510535,1.84179409454606,NA,NA,NA
"52",160,377887,4750782,5,NA,NA,NA,NA,NA,NA,10.8186232227074,173.130474154755,6.24882665834845
"53",162,396931,4750791,2,32.5721252314369,72.5690432202854,44.8843250317677,87.4073394721564,125.6296963453,69.5753806742576,154.740737936197,180.452422127608,85.7515438760753
"54",162,396931,4750791,3,39.9969179888485,72.5690432202854,55.1156749682323,38.2223568731437,125.6296963453,30.4246193257424,14.0292086476174,180.452422127608,7.77446402891533
"55",162,396931,4750791,4,NA,NA,NA,NA,NA,NA,11.6824755437943,180.452422127608,6.47399209500934
"56",168,398912,4749759,2,240.059598947366,255.618070579309,93.913391335486,311.574005480367,319.157096240081,97.6240256447221,342.950865394677,378.307243027194,90.6540574402972
"57",168,398912,4749759,3,15.5584716319438,255.618070579309,6.08660866451404,5.72391910888719,319.157096240081,1.79344879882647,35.3563776325169,378.307243027194,9.34594255970283
"58",168,398912,4749759,5,NA,NA,NA,1.85917165082684,319.157096240081,0.582525556451455,NA,NA,NA
"59",172,375895,4747785,2,76.2837178321503,102.794415756285,74.2099823914668,134.938471260938,148.91833270154,90.6123972871623,109.864291597934,114.829962104151,95.6756316772851
"60",172,375895,4747785,3,26.5106979241348,102.794415756285,25.7900176085332,13.9798614406025,148.91833270154,9.38760271283771,4.96567050621748,114.829962104151,4.32436832271493
"61",173,376880,4747795,2,3.53519008073057,3.53519008073057,100,11.2973298444308,11.2973298444308,100,18.2105329645953,42.1786149327654,43.1748007695931
"62",173,376880,4747795,3,NA,NA,NA,NA,NA,NA,12.0939410687009,42.1786149327654,28.6731583955024
"63",173,376880,4747795,4,NA,NA,NA,NA,NA,NA,4.68879685654224,42.1786149327654,11.1165263819506
"64",173,376880,4747795,5,NA,NA,NA,NA,NA,NA,7.18534404292701,42.1786149327654,17.0355144529539
"65",174,379899,4747817,2,4.05932979803344,18.9558823437451,21.4146180294947,14.4994804017831,25.1177611807286,57.7260063007038,22.1183008645453,42.0027577962698,52.6591634097644
"66",174,379899,4747817,3,2.95932871091814,18.9558823437451,15.6116642699812,4.47945477786304,25.1177611807286,17.8338138723122,9.87617438348004,42.0027577962698,23.5131569964607
"67",174,379899,4747817,4,6.78403703084309,18.9558823437451,35.7885584422907,2.24569746768572,25.1177611807286,8.94067529158893,10.0082825482445,42.0027577962698,23.8276795937749
"68",174,379899,4747817,5,5.15318680395047,18.9558823437451,27.1851592582334,3.89312853339674,25.1177611807286,15.4995045353951,NA,NA,NA
"69",175,381914,4747807,3,1.6248717282336,1.6248717282336,100,2.09439416845303,2.09439416845303,100,4.27064099645583,4.27064099645583,100
"70",181,398898,4746779,2,29.7484783199899,54.0816086771475,55.0066446757904,56.8775167858603,73.710022618926,77.1638845912608,59.9970288660551,98.0136420716615,61.2129368911616
"71",181,398898,4746779,3,24.3331303571575,54.0816086771475,44.9933553242096,11.5728844881734,73.710022618926,15.7005575049192,26.0123672923123,98.0136420716615,26.5395374995795
"72",181,398898,4746779,4,NA,NA,NA,5.25962134489232,73.710022618926,7.13555790382004,8.51965855312815,98.0136420716615,8.69231912318808
"73",181,398898,4746779,5,NA,NA,NA,NA,NA,NA,3.48458736016592,98.0136420716615,3.5552064860708
"74",184,377874,4745777,2,4.34115635724324,10.9876617137351,39.509373971867,26.3044866448781,26.3044866448781,100,37.5647484429075,58.8211388893002,63.8626676603513
"75",184,377874,4745777,3,6.64650535649185,10.9876617137351,60.4906260281331,NA,NA,NA,21.2563904463928,58.8211388893002,36.1373323396487
"76",190,381869,4743777,2,11.4183427756016,50.7083110363609,22.5176949147723,17.434873339614,84.2211427477706,20.7013022749273,30.0725488431816,74.7175929612371,40.248283772716
"77",190,381869,4743777,3,39.2899682607594,50.7083110363609,77.4823050852277,50.5497517978423,84.2211427477706,60.0202634975295,37.8966027464717,74.7175929612371,50.7197853203491
"78",190,381869,4743777,4,NA,NA,NA,6.33389705113649,84.2211427477706,7.52055463092627,6.74844137158381,74.7175929612371,9.03193090693493
"79",190,381869,4743777,5,NA,NA,NA,9.90262055917773,84.2211427477706,11.7578795966169,NA,NA,NA
"80",193,345924,4743793,2,92.2858204812637,209.60898625275,44.0276068937158,157.271105961666,186.190898498729,84.4676658363833,211.126652563787,258.12410699777,81.7926907406641
"81",193,345924,4743793,3,105.285375986619,209.60898625275,50.229419009576,28.9197925370629,186.190898498729,15.5323341636167,43.5307455572975,258.12410699777,16.8642696970855
"82",193,345924,4743793,4,4.14755519150808,209.60898625275,1.97871058185782,NA,NA,NA,1.35938338886395,258.12410699777,0.5266394544372
"83",193,345924,4743793,5,NA,NA,NA,NA,NA,NA,2.10732548782178,258.12410699777,0.816400107813249
"84",193,345924,4743793,6,7.89023459336006,209.60898625275,3.76426351485039,NA,NA,NA,NA,NA,NA
"85",194,346920,4743814,2,103.011040338788,169.941259404388,60.6156743217169,152.813492334953,185.654192733593,82.3108221176748,167.430305635071,212.260068234781,78.879794502787
"86",194,346920,4743814,3,66.9302190656,169.941259404388,39.3843256782831,32.8407003986401,185.654192733593,17.6891778823252,40.7907623077894,212.260068234781,19.2173509822256
"87",194,346920,4743814,4,NA,NA,NA,NA,NA,NA,4.03900029192089,212.260068234781,1.90285451498741
"88",200,345856,4735793,2,84.5117948364885,84.5117948364885,100,185.419057503611,188.927030508841,98.1432127547964,172.323154142161,184.318161881299,93.4922269098671
"89",200,345856,4735793,3,NA,NA,NA,3.50797300523011,188.927030508841,1.85678724520361,11.9950077391388,184.318161881299,6.50777309013289
"90",203,346995,4734838,2,286.439435121676,286.439435121676,100,233.838198541506,240.502429811616,97.2290378623909,235.849082061961,276.578206298074,85.2739213326816
"91",203,346995,4734838,3,NA,NA,NA,6.6642312701097,240.502429811616,2.77096213760907,35.2747366677243,276.578206298074,12.7539827305511
"92",203,346995,4734838,4,NA,NA,NA,NA,NA,NA,5.45438756838817,276.578206298074,1.97209593676729
"93",205,345868,4733795,2,141.502403514215,141.502403514215,100,217.273164615346,217.273164615346,100,240.101784423991,264.022819151236,90.9397851276094
"94",205,345868,4733795,3,NA,NA,NA,NA,NA,NA,23.9210347272453,264.022819151236,9.06021487239062
"95",211,346963,4729817,2,46.0726052992927,46.0726052992927,100,121.104310158216,121.104310158216,100,NA,NA,NA
"96",211,346963,4729817,3,NA,NA,NA,NA,NA,NA,146.60911637082,160.870099303556,91.1350940948785
"97",211,346963,4729817,4,NA,NA,NA,NA,NA,NA,14.2609829327357,160.870099303556,8.86490590512149
"98",213,345887,4728809,2,62.3986713718461,66.1134795239038,94.3811637523713,116.195299372047,119.204448247283,97.475640448422,NA,NA,NA
"99",213,345887,4728809,3,NA,NA,NA,1.65822898587673,119.204448247283,1.39107978792606,107.828206769918,127.880123698443,84.3197548230326
"100",213,345887,4728809,4,3.71480815205772,66.1134795239038,5.61883624762874,1.35091988935945,119.204448247283,1.13327976365198,12.4448345903281,127.880123698443,9.7316410325615
"101",213,345887,4728809,5,NA,NA,NA,NA,NA,NA,7.60708233819698,127.880123698443,5.94860414440591
"102",215,347873,4728789,2,65.1482317442885,70.1966356332769,92.8081967982591,145.683814768044,149.765608541874,97.274545328817,14.6130262992375,104.163397499483,14.0289455317642
"103",215,347873,4728789,3,5.04840388898837,70.1966356332769,7.19180320174085,4.08179377383014,149.765608541874,2.725454671183,89.5503712002457,104.163397499483,85.9710544682358
"104",217,346936,4727784,2,52.3436062497676,57.5430137368521,90.9643114786067,85.5400498581989,85.5400498581989,100,83.2643646880594,144.741271274575,57.5263461173467
"105",217,346936,4727784,3,5.1994074870845,57.5430137368521,9.03568852139328,NA,NA,NA,61.4769065865152,144.741271274575,42.4736538826533
"106",219,344871,4726777,2,58.7571536109476,61.7147215532405,95.2076783823104,103.801418354066,103.801418354066,100,77.1821172184859,121.695965348398,63.4220838772463
"107",219,344871,4726777,3,2.95756794229288,61.7147215532405,4.79232161768959,NA,NA,NA,44.5138481299126,121.695965348398,36.5779161227537
"108",227,373885,4739823,2,8.98384298131744,8.98384298131744,100,4.51035432101891,4.51035432101891,100,10.4847787715181,22.6038736928116,46.3848759465171
"109",227,373885,4739823,3,NA,NA,NA,NA,NA,NA,6.86061083316104,22.6038736928116,30.3514827874075
"110",227,373885,4739823,4,NA,NA,NA,NA,NA,NA,5.25848408813249,22.6038736928116,23.2636412660754
"111",229,361861,4737796,2,5.51461106914224,13.9810695963858,39.4434133320372,8.37214100198904,16.8259872002743,49.7572053415834,36.5523526740617,51.5974288916559,70.8414226430045
"112",229,361861,4737796,3,5.11352061561626,13.9810695963858,36.5746023962153,8.4538461982853,16.8259872002743,50.2427946584166,12.4396165714817,51.5974288916559,24.1089853480924
"113",229,361861,4737796,4,3.35293791162733,13.9810695963858,23.9819842717475,NA,NA,NA,2.60545964611249,51.5974288916559,5.04959200890305
"114",234,357904,4735777,2,14.0418026727917,14.0418026727917,100,14.0495674152226,23.0946706903178,60.8346730880763,58.6385337560162,89.3449775180628,65.6315949535734
"115",234,357904,4735777,3,NA,NA,NA,9.04510327509518,23.0946706903178,39.1653269119237,30.7064437620466,89.3449775180628,34.3684050464266
"116",236,359901,4735801,2,30.5221604470758,30.5221604470758,100,43.1096405338373,43.1096405338373,100,79.7848779733747,94.4730094133841,84.4525631911028
"117",236,359901,4735801,3,NA,NA,NA,NA,NA,NA,14.6881314400094,94.4730094133841,15.5474368088972
"118",241,352865,4734813,2,85.982323148599,88.3028086996681,97.3721271324886,154.660181145283,159.99346965449,96.6665586284712,241.228700028669,249.258170785777,96.7786529397232
"119",241,352865,4734813,3,2.32048555106912,88.3028086996681,2.62787286751145,5.33328850920714,159.99346965449,3.33344137152878,8.02947075710746,249.258170785777,3.22134706027685
"120",242,353876,4734814,2,79.6999078496431,83.0503255646746,95.9657982166218,119.312908096868,124.136731730264,96.1141045312217,178.322027272645,178.322027272645,100
"121",242,353876,4734814,3,3.35041771503148,83.0503255646746,4.03420178337817,4.82382363339574,124.136731730264,3.88589546877825,NA,NA,NA
"122",250,352892,4733753,2,40.4819222173153,40.4819222173153,100,93.5169666951726,93.5169666951726,100,124.743727295058,124.743727295058,100
"123",252,359878,4733793,2,34.3691683957957,39.6071731352343,86.7751108579397,37.2808457446832,47.3766641356026,78.6903139443865,47.3146805650097,71.4765398012834,66.1960983233833
"124",252,359878,4733793,3,5.23800473943862,39.6071731352343,13.2248891420603,10.0958183909193,47.3766641356026,21.3096860556135,24.1618592362737,71.4765398012834,33.8039016766167
"125",255,369882,4733786,2,176.188939134906,188.179575459397,93.6280883325308,175.027345316049,188.568230190424,92.8191059221897,241.802168700903,259.102934620721,93.3228213161138
"126",255,369882,4733786,3,11.9906363244913,188.179575459397,6.37191166746919,13.5408848743759,188.568230190424,7.1808940778103,17.3007659198184,259.102934620721,6.67717868388619
"127",259,353892,4732804,2,86.9008497893362,90.9492762985678,95.5486984899787,214.683199797614,217.928604636573,98.5107944666687,171.802875986257,192.101696231426,89.4332946333201
"128",259,353892,4732804,3,4.04842650923155,90.9492762985678,4.45130151002125,3.24540483895952,217.928604636573,1.48920553333129,20.2988202451693,192.101696231426,10.5667053666799
"129",260,369881,4732783,2,NA,NA,NA,140.807856926778,162.174556935156,86.8248753613544,167.205217076137,189.493631090955,88.2379086376155
"130",260,369881,4732783,3,109.825564064058,109.825564064058,100,20.346379949908,162.174556935156,12.5459753579246,22.288414014818,189.493631090955,11.7620913623845
"131",260,369881,4732783,4,NA,NA,NA,1.02032005847011,162.174556935156,0.629149280721064,NA,NA,NA
"132",267,354892,4730794,2,104.311469267025,105.970573286779,98.4343728940071,111.044982105293,111.044982105293,100,187.998012413026,195.490076006929,96.1675478638425
"133",267,354892,4730794,3,1.65910401975385,105.970573286779,1.56562710599287,NA,NA,NA,7.49206359390348,195.490076006929,3.8324521361575
"134",277,370905,4729765,2,19.4565178620962,21.781199437747,89.3271186359826,112.220164521201,129.046270203489,86.9611840344126,117.343802008553,128.956057795461,90.9951839522523
"135",277,370905,4729765,3,2.32468157565077,21.781199437747,10.6728813640174,16.8261056822875,129.046270203489,13.0388159655874,11.6122557869085,128.956057795461,9.0048160477477
"136",280,356902,4728782,2,72.6980519957064,72.6980519957064,100,119.266151911364,119.266151911364,100,185.502418714912,185.502418714912,100
"137",281,357857,4728757,2,65.1282670801394,75.6051137083585,86.1426745965454,122.225979023414,122.225979023414,100,133.268155734942,155.885693342921,85.490947165867
"138",281,357857,4728757,3,10.4768466282191,75.6051137083585,13.8573254034546,NA,NA,NA,22.6175376079791,155.885693342921,14.509052834133
"139",283,355888,4727755,2,188.323155898707,191.131954528254,98.5304400635256,157.436310207306,157.436310207306,100,171.962276299557,171.962276299557,100
"140",283,355888,4727755,3,2.80879862954766,191.131954528254,1.46955993647438,NA,NA,NA,NA,NA,NA
"141",290,367892,4727794,2,14.8118279805718,20.5787919213926,71.9761783740774,23.9438949408323,25.2336102052763,94.8888991549281,18.9166320789349,33.164115469782,57.0394590990106
"142",290,367892,4727794,3,5.76696394082084,20.5787919213926,28.0238216259226,1.28971526444404,25.2336102052763,5.11110084507194,14.247483390847,33.164115469782,42.9605409009894
"143",293,356886,4726774,2,18.6351321623775,30.6100630869875,60.8791040692085,90.0922062603886,97.6369176897702,92.2726857751143,194.891800669981,210.839206018981,92.4362239594258
"144",293,356886,4726774,3,11.97493092461,30.6100630869875,39.1208959307915,7.54471142938154,97.6369176897702,7.72731422488569,15.9474053490007,210.839206018981,7.56377604057425
"145",295,358886,4726778,2,164.712382839338,164.712382839338,100,189.600533908754,189.600533908754,100,188.12597027927,188.12597027927,100
"146",297,361863,4726789,2,30.6594892147901,32.687466515641,93.7958565865589,138.593344278642,140.501955820991,98.6415765309484,271.540106246568,293.681295243728,92.4608106284791
"147",297,361863,4726789,3,2.02797730085089,32.687466515641,6.20414341344104,1.9086115423489,140.501955820991,1.35842346905164,15.2137648580317,293.681295243728,5.18036562233412
"148",297,361863,4726789,5,NA,NA,NA,NA,NA,NA,6.92742413912845,293.681295243728,2.3588237491868
"149",298,362873,4726785,2,50.661860801124,50.661860801124,100,123.633977887886,123.633977887886,100,117.892107559806,117.892107559806,100
"150",301,355872,4725777,2,58.8518415042555,62.7937570374006,93.7224403840063,155.557520764516,157.52333895961,98.7520463900287,158.131154094813,158.131154094813,100
"151",301,355872,4725777,3,3.94191553314506,62.7937570374006,6.27755961599369,1.96581819509385,157.52333895961,1.24795360997135,NA,NA,NA
"152",303,357880,4725784,2,46.7308895434936,48.8223402611709,95.7162014223627,84.7624516982735,96.7895431733721,87.5739764020217,127.73816579821,143.085779614328,89.2738370944443
"153",303,357880,4725784,3,2.09145071767727,48.8223402611709,4.28379857763727,12.0270914750986,96.7895431733721,12.4260235979783,15.3476138161171,143.085779614328,10.7261629055556
"154",308,363877,4725797,2,42.3296755733259,59.2150649647815,71.4846392526998,63.589538748604,80.832843649416,78.667947182956,59.4117377364776,80.4077796685499,73.8880466310345
"155",308,363877,4725797,3,11.351012903997,59.2150649647815,19.1691302048695,10.6784308785758,80.832843649416,13.210509981425,13.8649490077239,80.4077796685499,17.2432929560756
"156",308,363877,4725797,4,5.53437648745859,59.2150649647815,9.3462305424307,6.56487402223629,80.832843649416,8.12154283561904,7.13109292434844,80.4077796685499,8.86866041288993
"157",309,365914,4725803,2,8.90827323743262,8.90827323743262,100,15.811724932616,19.0876047600787,82.8376589486273,44.7888175869141,46.5800849067707,96.1544352625336
"158",309,365914,4725803,3,NA,NA,NA,3.27587982746276,19.0876047600787,17.1623410513727,1.79126731985667,46.5800849067707,3.84556473746636
"159",310,369891,4725818,2,24.9701530401665,39.4236650784646,63.3379798414699,56.8495143578174,62.0778179003634,91.577823255744,71.8014529850527,96.5737561163083,74.3488250561352
"160",310,369891,4725818,3,14.4535120382981,39.4236650784646,36.6620201585301,5.228303542546,62.0778179003634,8.422176744256,24.7723031312555,96.5737561163083,25.6511749438648
"161",312,371910,4725776,2,66.3006285846749,74.0824340908932,89.4957480788622,77.2497024719189,97.619634877661,79.1333655045216,84.4723048806261,84.4723048806261,100
"162",312,371910,4725776,3,7.7818055062183,74.0824340908932,10.5042519211378,20.3699324057421,97.619634877661,20.8666344954784,NA,NA,NA
"163",314,379922,4741791,2,NA,NA,NA,4.38452769625001,8.04123347154305,54.5255614299264,NA,NA,NA
"164",314,379922,4741791,3,3.20274639950625,3.20274639950625,100,3.65670577529305,8.04123347154305,45.4744385700736,9.26244800270862,16.5358986888138,56.0141796766962
"165",314,379922,4741791,4,NA,NA,NA,NA,NA,NA,7.27345068610518,16.5358986888138,43.9858203233038
"166",317,395892,4739813,2,55.7253899161135,65.9637568277788,84.4787995650459,182.954588480573,187.383055673512,97.636676818498,248.536468580527,248.536468580527,100
"167",317,395892,4739813,3,10.2383669116653,65.9637568277788,15.5212004349541,4.42846719293882,187.383055673512,2.36332318150196,NA,NA,NA
"168",323,392897,4737784,2,204.430004082874,254.003147169702,80.483256353628,228.28543465842,233.657436015985,97.7009071702741,160.035683059264,292.904239172697,54.6375441718706
"169",323,392897,4737784,3,47.2150467271564,254.003147169702,18.5883707557417,5.37200135756481,233.657436015985,2.29909282972587,132.868556113433,292.904239172697,45.3624558281294
"170",323,392897,4737784,4,2.35809635967124,254.003147169702,0.928372890630278,NA,NA,NA,NA,NA,NA
"171",324,393919,4737785,2,97.3245554057722,149.17174567494,65.243290520882,172.131888385365,177.294195678175,97.0882818396485,180.515088066804,200.088163217713,90.2177745868897
"172",324,393919,4737785,3,47.1816884087491,149.17174567494,31.6291052271807,5.16230729281056,177.294195678175,2.9117181603515,19.5730751509088,200.088163217713,9.78222541311034
"173",324,393919,4737785,4,2.44290069918215,149.17174567494,1.63764303228406,NA,NA,NA,NA,NA,NA
"174",324,393919,4737785,5,2.22260116123627,149.17174567494,1.48996121965318,NA,NA,NA,NA,NA,NA
"175",328,391892,4735793,2,9.00733600126851,53.9062611750405,16.7092575239461,63.9221319067361,94.1081516924771,67.9241178974786,76.4589448493231,108.135466121032,70.706630851108
"176",328,391892,4735793,3,41.2825402337901,53.9062611750405,76.582087746246,26.4407474677162,94.1081516924771,28.0961287541999,18.0808455237519,108.135466121032,16.7205507798105
"177",328,391892,4735793,4,3.61638493998193,53.9062611750405,6.70865472980786,3.74527231802482,94.1081516924771,3.97975334832149,NA,NA,NA
"178",328,391892,4735793,5,NA,NA,NA,NA,NA,NA,13.595675747957,108.135466121032,12.5728183690815
"179",329,393907,4735792,2,NA,NA,NA,8.13634446553477,12.4769835946778,65.2108292344429,3.08148107544483,27.4237857812147,11.2365269333297
"180",329,393907,4735792,3,3.14166125538971,3.14166125538971,100,4.34063912914298,12.4769835946778,34.7891707655571,24.3423047057699,27.4237857812147,88.7634730666703
"181",331,377904,4734780,2,35.168320791182,38.6938050061213,90.8887631640736,105.180459153481,115.404883934038,91.1403881430178,226.644201554145,252.31966867848,89.8242308026122
"182",331,377904,4734780,3,3.52548421493927,38.6938050061213,9.11123683592644,10.2244247805565,115.404883934038,8.85961185698217,25.6754671243356,252.31966867848,10.1757691973877
"183",338,385903,4733807,2,NA,NA,NA,15.7762019029955,21.8020817949568,72.3609885118623,NA,NA,NA
"184",338,385903,4733807,3,3.35156966577718,3.35156966577718,100,6.02587989196128,21.8020817949568,27.6390114881377,71.5549866566018,71.5549866566018,100
"185",345,399933,4732794,2,10.801358133183,10.801358133183,100,98.4253709241698,98.4253709241698,100,235.314200415798,237.653516012198,99.0156612720681
"186",345,399933,4732794,3,NA,NA,NA,NA,NA,NA,2.33931559639995,237.653516012198,0.984338727931917
"187",352,395886,4729801,2,4.86709307985176,11.4723919419714,42.4243967994648,26.8947554048592,37.2803475543436,72.1419116751921,87.1073548807606,87.1073548807606,100
"188",352,395886,4729801,3,6.60529886211961,11.4723919419714,57.5756032005352,10.3855921494844,37.2803475543436,27.8580883248079,NA,NA,NA
"189",354,397911,4729768,2,72.3007767988174,78.9040295968196,91.6312857128549,119.023005953316,119.023005953316,100,232.90013017288,243.458067281194,95.6633447286348
"190",354,397911,4729768,3,6.60325279800221,78.9040295968196,8.36871428714507,NA,NA,NA,10.5579371083138,243.458067281194,4.33665527136525
"191",363,389904,4726785,2,87.2030144541366,93.2526534129886,93.5126361155002,156.934466377525,175.543444830921,89.3992176857872,4.89125116634302,286.129552707287,1.70945332981623
"192",363,389904,4726785,3,6.04963895885198,93.2526534129886,6.48736388449979,18.6089784533961,175.543444830921,10.6007823142128,281.238301540944,286.129552707287,98.2905466701838
"193",365,391912,4726792,2,31.7271014890756,39.547237674436,80.2258346088848,63.4109120824189,70.5858015367356,89.8352228095298,131.913075783873,149.249857492741,88.3840547655387
"194",365,391912,4726792,3,7.82013618536042,39.547237674436,19.7741653911152,7.17488945431663,70.5858015367356,10.1647771904702,17.3367817088684,149.249857492741,11.6159452344613
"195",368,376882,4725806,2,37.5382832418953,101.201274269469,37.0926982025365,100.195481590908,104.341517373323,96.026475475164,167.713859893322,177.013422905272,94.7464080071901
"196",368,376882,4725806,3,62.6027281713455,101.201274269469,61.859624419998,4.14603578241506,104.341517373323,3.97352452483604,9.29956301195011,177.013422905272,5.2535919928099
"197",368,376882,4725806,4,1.06026285622799,101.201274269469,1.04767737746546,NA,NA,NA,NA,NA,NA
"198",371,409896,4741812,2,3.23718443521924,11.3714187481241,28.4677269118531,110.504623840317,114.087252538898,96.8597467124043,162.758654640199,198.421568547029,82.0266948961362
"199",371,409896,4741812,3,8.13423431290488,11.3714187481241,71.5322730881469,3.58262869858035,114.087252538898,3.14025328759571,35.6629139068297,198.421568547029,17.9733051038638
"200",382,345937,4724840,2,60.5332317965215,70.9593921526619,85.3068634893185,105.266443849358,109.12893378297,96.4606179134,83.2252574082321,147.855797041351,56.2881260482172
"201",382,345937,4724840,3,10.4261603561405,70.9593921526619,14.6931365106815,3.862489933612,109.12893378297,3.53938208659998,56.37856580615,147.855797041351,38.1307780515243
"202",382,345937,4724840,4,NA,NA,NA,NA,NA,NA,8.25197382696936,147.855797041351,5.58109590025847
"203",384,345955,4723788,2,18.26897500999,27.7155684268955,65.9159311784548,70.5963902919383,70.5963902919383,100,55.9041637081748,122.465922605387,45.6487507045618
"204",384,345955,4723788,3,9.44659341690549,27.7155684268955,34.0840688215452,NA,NA,NA,66.5617588972125,122.465922605387,54.3512492954382
"205",386,345918,4722804,2,2.73314682926463,2.73314682926463,100,77.0478841011042,77.0478841011042,100,90.5983557679147,120.984225931303,74.8844364383157
"206",386,345918,4722804,3,NA,NA,NA,NA,NA,NA,30.385870163388,120.984225931303,25.1155635616843
"207",398,347903,4719775,2,34.2034711588775,34.2034711588775,100,166.298100587336,166.298100587336,100,126.286574084668,146.17606979038,86.393466636342
"208",398,347903,4719775,3,NA,NA,NA,NA,NA,NA,19.8894957057121,146.17606979038,13.606533363658
"209",402,344928,4717802,2,15.9852134657294,15.9852134657294,100,91.7639471472562,91.7639471472562,100,58.1132056565418,162.053257902446,35.8605599225443
"210",402,344928,4717802,3,NA,NA,NA,NA,NA,NA,103.940052245904,162.053257902446,64.1394400774557
"211",404,344906,4716775,2,65.0145850152187,65.0145850152187,100,152.132928326616,159.966165386131,95.1031913276117,51.4179648498824,209.344510945357,24.5614105751755
"212",404,344906,4716775,3,NA,NA,NA,7.83323705951512,159.966165386131,4.89680867238832,154.994140484398,209.344510945357,74.037833513989
"213",404,344906,4716775,4,NA,NA,NA,NA,NA,NA,2.93240561107668,209.344510945357,1.40075591083547
"214",407,344905,4714759,2,44.9625809248674,48.5394174021108,92.6310683797208,167.058404617467,168.710989969062,99.0204637220742,182.092486327177,182.092486327177,100
"215",407,344905,4714759,3,3.57683647724344,48.5394174021108,7.36893162027919,1.6525853515947,168.710989969062,0.979536277925785,NA,NA,NA
"216",411,345899,4710808,2,22.2595109925406,22.2595109925406,100,44.0171784481454,44.0171784481454,100,NA,NA,NA
"217",411,345899,4710808,3,NA,NA,NA,NA,NA,NA,58.2234305755879,67.2606539292383,86.563878247217
"218",411,345899,4710808,4,NA,NA,NA,NA,NA,NA,9.03722335365045,67.2606539292383,13.4361217527829
"219",412,346899,4710829,2,3.17971675881833,3.17971675881833,100,58.9441076467881,58.9441076467881,100,41.1160238393816,122.915077014023,33.4507570903533
"220",412,346899,4710829,3,NA,NA,NA,NA,NA,NA,81.7990531746417,122.915077014023,66.5492429096467
"221",418,356864,4724825,2,18.1308252025972,18.1308252025972,100,128.904855731387,130.737614027858,98.5981400149457,144.776348741436,144.776348741436,100
"222",418,356864,4724825,3,NA,NA,NA,1.83275829647131,130.737614027858,1.40185998505432,NA,NA,NA
"223",424,371876,4724791,2,16.9694344042609,16.9694344042609,100,37.932037036285,41.3342476913764,91.7690272712979,88.9397402990246,90.1230803341103,98.6869733805161
"224",424,371876,4724791,3,NA,NA,NA,3.40221065509138,41.3342476913764,8.23097272870213,1.18334003508573,90.1230803341103,1.3130266194839
"225",431,370880,4723808,2,35.0169702296511,35.0169702296511,100,93.0696429826973,97.1725506049557,95.7777092432839,168.738502623987,178.344278905326,94.6139139756546
"226",431,370880,4723808,3,NA,NA,NA,2.83322678205074,97.1725506049557,2.91566575582533,7.62588971229011,178.344278905326,4.27593739429023
"227",431,370880,4723808,4,NA,NA,NA,1.26968084020763,97.1725506049557,1.30662500089081,1.97988656904927,178.344278905326,1.11014863005518
"228",436,355869,4722843,2,140.449046686642,140.449046686642,100,150.322601681502,150.322601681502,100,170.649084611134,179.463710468511,95.0883519379126
"229",436,355869,4722843,3,NA,NA,NA,NA,NA,NA,8.8146258573768,179.463710468511,4.91164806208742
"230",439,364896,4722817,2,184.679898492934,184.679898492934,100,228.056283371356,289.432642836569,78.7942511032282,178.835406854195,187.18870753611,95.5374975382509
"231",439,364896,4722817,3,NA,NA,NA,59.4356750187324,289.432642836569,20.5352355685372,8.35330068191526,187.18870753611,4.46250246174911
"232",439,364896,4722817,4,NA,NA,NA,1.94068444648078,289.432642836569,0.670513328234579,NA,NA,NA
"233",452,360862,4720787,2,118.602002445345,118.602002445345,100,119.74561501937,119.74561501937,100,201.993741646617,201.993741646617,100
"234",453,366901,4720793,2,113.771526626586,113.771526626586,100,128.483611501564,154.892089349639,82.9504024647362,188.123123137345,197.519800066724,95.2426658359288
"235",453,366901,4720793,3,NA,NA,NA,23.2724824831942,154.892089349639,15.0249651747295,9.39667692937933,197.519800066724,4.75733416407116
"236",453,366901,4720793,4,NA,NA,NA,3.13599536488043,154.892089349639,2.02463236053426,NA,NA,NA
"237",454,370877,4720814,2,16.960775599388,34.7455360228562,48.8142580049158,23.4824502944506,39.7558805338772,59.0666084591949,8.09179245919127,42.6144238916686,18.9883887196543
"238",454,370877,4720814,3,17.7847604234682,34.7455360228562,51.1857419950842,10.5504731337511,39.7558805338772,26.5381447777535,16.7833951981326,42.6144238916686,39.3843062170643
"239",454,370877,4720814,4,NA,NA,NA,5.72295710567561,39.7558805338772,14.3952467630516,8.62497206839964,42.6144238916686,20.239560413454
"240",454,370877,4720814,5,NA,NA,NA,NA,NA,NA,9.11426416594511,42.6144238916686,21.3877446498274
"241",458,362936,4719770,2,1.33053262498041,2.615904181788,50.8632018803906,NA,NA,NA,2.352817632883,40.8460302767334,5.76021125417225
"242",458,362936,4719770,3,1.28537155680759,2.615904181788,49.1367981196094,12.6850054714966,13.8586725908753,91.531172183464,22.6148425188842,40.8460302767334,55.3660719675027
"243",458,362936,4719770,4,NA,NA,NA,1.17366711937869,13.8586725908753,8.46882781653598,10.9015759450073,40.8460302767334,26.6894380461178
"244",458,362936,4719770,5,NA,NA,NA,NA,NA,NA,4.97679417995897,40.8460302767334,12.1842787322073
"245",461,371894,4719803,2,29.1515075213052,29.1515075213052,100,39.0277558648508,39.0277558648508,100,72.5431303311597,84.3374427204647,86.015330784457
"246",461,371894,4719803,3,NA,NA,NA,NA,NA,NA,11.794312389305,84.3374427204647,13.984669215543
"247",465,353868,4718832,2,131.319462186633,134.684653019989,97.5014296299543,103.14802754115,110.958791922701,92.9606620203725,128.088265015515,146.922094127465,87.181077683517
"248",465,353868,4718832,3,3.36519083335634,134.684653019989,2.49857037004572,7.81076438155054,110.958791922701,7.0393379796275,15.6422989130275,146.922094127465,10.6466621007027
"249",465,353868,4718832,4,NA,NA,NA,NA,NA,NA,3.19153019892218,146.922094127465,2.17226021578028
"250",472,354883,4717798,2,63.6101694033323,64.5017602073786,98.6177263981948,83.6323834132698,87.0500129992479,96.0739470699359,108.256875742639,159.713707723167,67.7818311815046
"251",472,354883,4717798,3,0.891590804046277,64.5017602073786,1.38227360180519,3.41762958597812,87.0500129992479,3.92605293006406,41.186600678324,159.713707723167,25.7877681668458
"252",472,354883,4717798,4,NA,NA,NA,NA,NA,NA,3.52506588564364,159.713707723167,2.20711542916132
"253",472,354883,4717798,5,NA,NA,NA,NA,NA,NA,6.74516541656067,159.713707723167,4.2232852224883
"254",475,354882,4716797,2,105.736659694065,105.736659694065,100,121.508293503944,121.508293503944,100,130.546018381106,149.14946645585,87.5269764506664
"255",475,354882,4716797,3,NA,NA,NA,NA,NA,NA,11.1777354857931,149.14946645585,7.49431811685485
"256",475,354882,4716797,5,NA,NA,NA,NA,NA,NA,7.42571258895053,149.14946645585,4.97870543247879
"257",478,370892,4716793,2,72.2929170698871,73.8769011756284,97.855914256642,65.8501999640392,80.1895701393942,82.1181605657334,76.376642011494,76.376642011494,100
"258",478,370892,4716793,3,1.58398410574134,73.8769011756284,2.14408574335802,14.339370175355,80.1895701393942,17.8818394342666,NA,NA,NA
"259",479,371880,4716791,2,102.76294127191,102.76294127191,100,82.7392850256965,87.1275051166262,94.9634503076201,83.8992041421191,100.796695987167,83.2360657464415
"260",479,371880,4716791,3,NA,NA,NA,4.38822009092974,87.1275051166262,5.03654969237992,16.8974918450479,100.796695987167,16.7639342535585
"261",486,371893,4714777,2,169.418933001189,169.418933001189,100,187.553161184043,192.339268632703,97.5116327088676,227.094125152698,305.358064871548,74.3697813412024
"262",486,371893,4714777,3,NA,NA,NA,4.78610744865948,192.339268632703,2.48836729113241,78.2639397188507,305.358064871548,25.6302186587976
"263",490,361938,4713829,2,12.2842562914393,12.2842562914393,100,30.9624393502612,47.5306521311509,65.142046157555,35.7309285037833,78.9249844062477,45.2720121170588
"264",490,361938,4713829,3,NA,NA,NA,16.5682127808897,47.5306521311509,34.857953842445,37.2447748683157,78.9249844062477,47.1900946810544
"265",490,361938,4713829,4,NA,NA,NA,NA,NA,NA,1.10477884049285,78.9249844062477,1.39978341307774
"266",490,361938,4713829,5,NA,NA,NA,NA,NA,NA,4.84450219365588,78.9249844062477,6.13810978880901
"267",495,357928,4712810,2,91.719949413298,91.719949413298,100,93.0881976196406,93.0881976196406,100,138.008222898447,142.397829707023,96.9173639671282
"268",495,357928,4712810,3,NA,NA,NA,NA,NA,NA,4.3896068085761,142.397829707023,3.08263603287178
"269",499,365895,4711778,2,8.56527771964721,8.56527771964721,100,90.3441032645637,90.3441032645637,100,64.8428577302823,77.8927949521076,83.2462845506454
"270",499,365895,4711778,3,NA,NA,NA,NA,NA,NA,13.0499372218253,77.8927949521076,16.7537154493546
"271",504,347892,4709783,2,55.1765269478612,55.1765269478612,100,146.835152944055,150.432245643864,97.6088286893461,73.013638190463,187.639807004821,38.9115930974002
"272",504,347892,4709783,3,NA,NA,NA,3.59709269980854,150.432245643864,2.39117131065395,91.1858316030636,187.639807004821,48.596208373163
"273",504,347892,4709783,4,NA,NA,NA,NA,NA,NA,23.4403372112943,187.639807004821,12.4921985294368
"274",508,368879,4708799,2,5.93233135705998,5.93233135705998,100,29.395666524263,29.395666524263,100,50.5499932592438,107.225580515822,47.1435948549469
"275",508,368879,4708799,3,NA,NA,NA,NA,NA,NA,53.3113149849915,107.225580515822,49.7188401578532
"276",508,368879,4708799,4,NA,NA,NA,NA,NA,NA,3.36427227158626,107.225580515822,3.13756498719991
"277",514,368910,4707768,2,18.4296824618052,18.4296824618052,100,81.5736119407994,81.5736119407994,100,80.1178011133454,117.902754625087,67.9524421359858
"278",514,368910,4707768,3,NA,NA,NA,NA,NA,NA,37.7849535117413,117.902754625087,32.0475578640142
"279",527,381904,4719769,2,59.9609104429095,89.7974427294531,66.7735167287149,100.566665932286,118.351265282817,84.9730382619634,113.680409156712,120.668890749097,94.2085474151612
"280",527,381904,4719769,3,29.8365322865436,89.7974427294531,33.2264832712851,17.7845993505312,118.351265282817,15.0269617380367,6.98848159238489,120.668890749097,5.79145258483881
"281",528,375897,4717807,2,4.11416011825436,4.11416011825436,100,40.5482486261993,40.5482486261993,100,73.6715650573259,73.6715650573259,100
"282",530,375915,4716812,2,24.7483320923731,24.7483320923731,100,133.889397563094,141.188144577223,94.8304816697003,77.3257549742974,183.521593831346,42.1344177325306
"283",530,375915,4716812,3,NA,NA,NA,7.2987470141296,141.188144577223,5.16951833029971,98.3654679224909,183.521593831346,53.5988522489007
"284",530,375915,4716812,4,NA,NA,NA,NA,NA,NA,7.83037093455781,183.521593831346,4.26673001856872
"285",532,376914,4715806,2,21.0492114069715,21.0492114069715,100,34.0689179101313,37.3999035450902,91.0935983272177,15.9994453304177,52.7583704054692,30.3258899155823
"286",532,376914,4715806,3,NA,NA,NA,3.3309856349589,37.3999035450902,8.90640167278234,36.7589250750515,52.7583704054692,69.6741100844177
"287",534,375886,4714758,2,53.9808977641388,58.1553129051389,92.8219539497461,139.948744556488,166.373631986551,84.1171421729864,94.8088294195324,133.01555952184,71.2764955922062
"288",534,375886,4714758,3,4.17441514100013,58.1553129051389,7.17804605025392,26.4248874300627,166.373631986551,15.8828578270136,38.2067301023072,133.01555952184,28.7235044077938
"289",536,381923,4714793,2,110.529995790829,112.718499835789,98.0584340209026,106.272066833028,113.003798897602,94.0429152557307,155.005841202009,201.948516420457,76.755127469858
"290",536,381923,4714793,3,2.18850404496067,112.718499835789,1.94156597909743,6.73173206457383,113.003798897602,5.95708474426933,46.942675218448,201.948516420457,23.244872530142
"291",537,382949,4714815,2,131.96305693959,131.96305693959,100,161.241018761989,168.228904341272,95.8462039524987,241.265577942072,252.438610853416,95.5739603884003
"292",537,382949,4714815,3,NA,NA,NA,6.98788557928251,168.228904341272,4.15379604750131,11.1730329113442,252.438610853416,4.42603961159969
"293",539,375907,4713789,2,30.1025993334743,39.2700653724246,76.6553328801239,97.9593100770831,107.523318945536,91.1051770329954,96.8116399085226,145.850439443534,66.377338510525
"294",539,375907,4713789,3,9.16746603895024,39.2700653724246,23.3446671198761,9.56400886845313,107.523318945536,8.89482296700457,49.038799535011,145.850439443534,33.622661489475
"295",542,380917,4713787,2,72.9426054143221,82.7631190779081,88.1341909621101,77.8187492995815,88.1106946805506,88.3193006044464,68.2924975543213,109.224623368393,62.5248185328907
"296",542,380917,4713787,3,9.82051366358601,82.7631190779081,11.8658090378899,10.2919453809691,88.1106946805506,11.6806993955536,40.9321258140721,109.224623368393,37.4751814671093
"297",549,383915,4712820,2,132.902259394033,140.157109017505,94.8237733538251,177.574860398095,191.85510769519,92.5567541731633,129.875980904803,176.616400876831,73.5356287751424
"298",549,383915,4712820,3,4.57594943875785,140.157109017505,3.2648714509275,11.40984015195,191.85510769519,5.94711305266753,40.3455232852297,176.616400876831,22.8435881859953
"299",549,383915,4712820,4,NA,NA,NA,NA,NA,NA,3.83637295046234,176.616400876831,2.17214988609001
"300",549,383915,4712820,5,2.67890018471469,140.157109017505,1.91135519524743,2.87040714514526,191.85510769519,1.49613277416915,2.55852373633501,176.616400876831,1.44863315277231
"301",553,376886,4710778,2,41.7998822942923,63.3687791506597,65.9628966417559,135.211682295092,142.78246967035,94.6976772479585,34.5836406710321,196.026594763549,17.6423207844566
"302",553,376886,4710778,3,21.5688968563675,63.3687791506597,34.0371033582441,5.21544382314417,142.78246967035,3.65271999789987,142.257905112615,196.026594763549,72.5707168888022
"303",553,376886,4710778,4,NA,NA,NA,NA,NA,NA,19.1850489799021,196.026594763549,9.78696232674116
"304",553,376886,4710778,5,NA,NA,NA,2.35534355211354,142.78246967035,1.64960275414164,NA,NA,NA
"305",555,376889,4709803,2,NA,NA,NA,9.05149493760975,9.05149493760975,100,23.6809278910099,42.1385920447514,56.1977198143228
"306",555,376889,4709803,3,1.03350823547729,1.03350823547729,100,NA,NA,NA,18.4576641537415,42.1385920447514,43.8022801856772
"307",557,375873,4708781,2,32.6382682276887,32.6382682276887,100,109.59757223278,109.59757223278,100,NA,NA,NA
"308",557,375873,4708781,3,NA,NA,NA,NA,NA,NA,123.348724354186,123.348724354186,100
"309",576,345836,4697773,2,12.8285965190134,12.8285965190134,100,125.905455980609,125.905455980609,100,140.579028909914,142.725150973582,98.4963252453904
"310",576,345836,4697773,3,NA,NA,NA,NA,NA,NA,2.1461220636682,142.725150973582,1.50367475460961
"311",578,346837,4696847,2,3.71524960330647,3.71524960330647,100,46.5312840074802,46.5312840074802,100,2.9668098291523,87.1012444882963,3.40616238789899
"312",578,346837,4696847,3,NA,NA,NA,NA,NA,NA,84.134434659144,87.1012444882963,96.593837612101
"313",581,347913,4706774,2,13.2960795927091,27.8676799170512,47.7114694595501,139.397459774152,139.397459774152,100,25.2814185190913,178.813192292714,14.1384526471101
"314",581,347913,4706774,3,14.5716003243422,27.8676799170512,52.2885305404499,NA,NA,NA,137.709501578085,178.813192292714,77.013054692663
"315",581,347913,4706774,4,NA,NA,NA,NA,NA,NA,15.8222721955383,178.813192292714,8.84849266022692
"316",599,347828,4694857,2,17.6743098058516,17.6743098058516,100,121.058982476746,121.058982476746,100,128.322377083313,161.663481723612,79.3762300027033
"317",599,347828,4694857,3,NA,NA,NA,NA,NA,NA,20.2703550171899,161.663481723612,12.5386109473041
"318",599,347828,4694857,4,NA,NA,NA,NA,NA,NA,7.83224850109815,161.663481723612,4.84478524005103
"319",599,347828,4694857,5,NA,NA,NA,NA,NA,NA,5.23850112201152,161.663481723612,3.24037380994152
"320",602,347874,4692812,2,17.7464232628294,17.7464232628294,100,75.1913798871235,75.1913798871235,100,19.2696981183922,115.156404287057,16.7335010481549
"321",602,347874,4692812,3,NA,NA,NA,NA,NA,NA,95.8867061686645,115.156404287057,83.2664989518451
"322",623,383887,4701819,2,98.4239662360677,98.4239662360677,100,71.4073655777026,71.4073655777026,100,42.1985156587191,42.1985156587191,100
"323",627,383918,4700770,2,221.133294171159,221.133294171159,100,132.010174865181,137.783707874994,95.8097128471446,124.839697767548,137.300599128952,90.9243649041176
"324",627,383918,4700770,3,NA,NA,NA,5.7735330098137,137.783707874994,4.1902871528554,12.460901361404,137.300599128952,9.07563509588242
