"ID","IDmuni","Especie","N_IFN2","AB_IFN2","VCC_IFN2","N_IFN3","AB_IFN3","VCC_IFN3","N_IFN4","AB_IFN4","VCC_IFN4","EspecieN"
2,34003,25,NA,NA,NA,NA,NA,NA,1.07219013807166,0.0436149232943314,0.270621202895074,"P. nigra"
4,34003,26,NA,NA,NA,0.0056705351175834,0.000342666272724649,0.00177704852417003,0.0652846079757485,0.00736101006830483,0.0461928849663494,"P. pinaster"
5,34003,43,NA,NA,NA,0.280855093883627,0.00868916915075999,0.0517575841099823,1.70705352241864,0.0250400837440767,0.102757529968854,"Q. pyrenaica"
10,34004,21,55.792221955529,0.830950546355652,3.05612836374978,46.5027832717776,0.953933202861219,4.39190952517584,22.6327856795967,0.919348011747694,5.41714301755237,"P. sylvestris"
15,34004,25,41.3447247297161,0.502132337953624,1.50734584783574,50.8590402801436,1.1250587577661,5.00167732221708,57.8394425097535,2.19410238550605,12.9157438912085,"P. nigra"
17,34004,26,11.9732725539608,0.3141340509585,1.2934666251444,7.20565034488071,0.374380448311894,1.87560483276713,5.5354928834665,0.559065927295417,3.5017141731393,"P. pinaster"
20,34004,42,15.242231513403,0.467172559328892,2.15413874739374,16.4076433255852,0.697559333837378,3.81368178844606,9.8317363480633,0.393194184246475,2.31897346324652,"Q. petraea"
21,34004,43,43.7256439117769,0.577264626763546,2.26849109235328,76.731390181324,1.16952165601618,4.74393241607592,122.52669954136,2.01641346029974,8.71056871854076,"Q. pyrenaica"
22,34004,44,3.39000243115503,0.0336580501610636,0.126386981445626,18.7797774230994,0.181656042411039,0.698881736170813,32.672188476157,0.356258284584148,1.31049894183721,"Q. faginea"
32,34005,21,NA,NA,NA,25.1635850771919,0.533715856074796,2.39887526241352,16.9025027724151,0.69295364614245,3.98568928818232,"P. sylvestris"
37,34005,25,51.2141912755095,0.616428683947947,1.83601680177258,49.2485392126489,1.08037570783702,4.77565369862667,78.9328169807725,2.94714350323632,17.2266779478464,"P. nigra"
39,34005,26,17.472396253968,0.455566362338725,1.81949587170586,6.29342791130127,0.348765641738217,1.80300860652019,7.65414622735298,0.761615482766092,4.73081609591825,"P. pinaster"
41,34005,43,NA,NA,NA,25.7748341554269,0.380395521316311,1.51523171830126,65.9570925812005,0.986248392753228,4.28984974529898,"Q. pyrenaica"
42,34005,44,NA,NA,NA,67.5067534131623,0.642656172244049,2.4860171160912,54.9571756475453,0.609510764643379,2.22383906912786,"Q. faginea"
48,34020,21,229.390132133439,4.16682708023458,17.4042417612808,298.225774228901,7.87477246240954,40.1224652414428,244.565931829657,9.81747874163672,58.6385066898836,"P. sylvestris"
49,34020,25,119.598723145713,1.67833265395524,5.93674958852333,59.2076253946323,1.32606675366014,6.08219891024867,35.2347544069077,1.38425949643522,8.42308370258479,"P. nigra"
51,34020,26,45.6501309025467,1.11690729427059,4.60517407157801,9.8113690117211,0.551534623123617,2.86499225231757,3.19360837808759,0.352962385183254,2.23476265882531,"P. pinaster"
53,34020,43,66.9322798961222,0.835990216093176,3.31795768521263,93.6796033602537,1.305787578843,5.0035270256312,141.811161412774,2.18054207532046,9.15063958773831,"Q. pyrenaica"
56,34025,25,NA,NA,NA,167.953763369915,3.9400138299456,17.7402420583757,92.2278928467646,3.42262136772973,19.9271451218173,"P. nigra"
58,34025,26,NA,NA,NA,17.0241857752323,1.00102702720418,5.19205253355258,9.10714220219828,0.901753481112203,5.59531577343791,"P. pinaster"
59,34025,43,NA,NA,NA,19.6206045586938,0.206117308957032,0.725944449369454,70.6359489465037,0.921758740943264,3.55415570847857,"Q. pyrenaica"
65,34027,21,NA,NA,NA,20.0041345165223,0.340727062005927,1.44431145102157,9.9251103221089,0.405362663120991,2.38237244260834,"P. sylvestris"
67,34027,25,NA,NA,NA,6.41777795357845,0.104971065764017,0.381509251882065,20.1683960511139,0.772151854442526,4.54026877043739,"P. nigra"
70,34027,42,43.3458834939061,1.35683612485351,6.09296467823771,34.4912318949274,1.51525843053111,8.08747078299344,34.8867851733105,1.53040031293647,9.06886832552692,"Q. petraea"
71,34027,43,118.258614006347,1.57824282194757,6.2739714908857,177.16177446101,2.66635279069848,10.6080927765174,311.260960289527,5.36425291737536,23.4462388960156,"Q. pyrenaica"
79,34028,21,NA,NA,NA,6.77750994870011,0.17813593002966,0.862671567539902,7.51772057730468,0.30416771020241,1.76002200335141,"P. sylvestris"
81,34028,25,NA,NA,NA,41.21742327735,0.990147991905521,4.56422404600988,37.667226000065,1.43879891311512,8.50408839085569,"P. nigra"
83,34028,26,NA,NA,NA,3.67056960780293,0.222467089110578,1.16244897412107,3.61683494408703,0.372822098807042,2.35421192861294,"P. pinaster"
84,34028,43,NA,NA,NA,146.172126357297,1.91407354874539,6.77542625349471,215.21502799623,3.09262171177639,11.7589988834522,"Q. pyrenaica"
90,34037,21,211.974678540462,3.95236905673681,16.4438799424164,188.56337636365,5.06269508140866,25.6937946517688,143.591955303194,5.75796972102111,34.2416391468019,"P. sylvestris"
92,34037,25,109.632990046361,1.59371301154069,5.84287886288652,110.710216041834,2.65736122476669,12.5078363637174,69.6935907761153,2.67219372724672,15.9185719943192,"P. nigra"
94,34037,26,41.0111492146497,1.00542818317628,4.46362237136277,12.2120244532339,0.745098683495896,3.96956404140701,6.41091204559179,0.665086338986366,4.17251215843769,"P. pinaster"
97,34037,42,7.99379077026708,0.119532735673963,0.471536573385238,NA,NA,NA,NA,NA,NA,"Q. petraea"
98,34037,43,35.9997744885242,0.442895720052967,1.65941962021527,71.1404834793231,0.913521475997639,3.32932652217034,101.33721047165,1.43121301115718,5.71325220471246,"Q. pyrenaica"
99,34037,44,NA,NA,NA,NA,NA,NA,1.43923957718618,0.0178245734127797,0.0643769635091518,"Q. faginea"
110,34039,43,NA,NA,NA,20.3712675254159,0.223698228091854,0.737394363309956,49.1392316365472,0.709141309774518,2.69022859230643,"Q. pyrenaica"
111,34039,44,NA,NA,NA,NA,NA,NA,0.571215688276464,0.00690767019130746,0.0242065090674488,"Q. faginea"
113,34041,21,67.8871675364629,1.2153217120813,5.12713348090463,27.9369821437515,0.768779888853332,3.91465578677617,30.2897770418845,1.21735935040296,7.15585250904121,"P. sylvestris"
114,34041,25,54.3545676467692,0.729838829698777,2.37571782443721,112.631407279144,2.68578360283289,12.2513933538901,72.4741274828388,2.77697236561767,16.4518149810269,"P. nigra"
116,34041,26,21.5135760313473,0.529456184462822,2.12004305941915,9.96818335783718,0.601126020774567,3.12069478815905,6.73639243309667,0.686950449662008,4.32049995897911,"P. pinaster"
117,34041,43,3.38034443068506,0.0335538450568493,0.131813228935499,10.9692061491353,0.112587184750193,0.397154438895537,14.8116911221078,0.160895970488639,0.593527091261233,"Q. pyrenaica"
120,34042,25,NA,NA,NA,NA,NA,NA,0.972719292066114,0.0370236243876624,0.218065408397789,"P. nigra"
122,34042,43,NA,NA,NA,NA,NA,NA,0.331663556051743,0.00528223666705561,0.0267393649328938,"Q. pyrenaica"
123,34042,44,NA,NA,NA,NA,NA,NA,0.632970790463659,0.00746677366106006,0.0262986541935269,"Q. faginea"
137,34049,21,23.3571847907658,0.455187967053596,1.86481499132248,54.5958735697445,1.12438353462836,5.13913006115088,72.6017645874348,2.93433224016362,17.5102090711247,"P. sylvestris"
139,34049,25,73.5651128491937,0.921276727293895,2.7661225504879,46.8897560304545,1.0037662821823,4.37576616582708,30.4994694135701,1.10188940819119,6.35196724225765,"P. nigra"
141,34049,26,28.9147597726321,0.751966474815601,3.10803791309145,8.12484669952957,0.417449590622083,2.10322740143947,3.19499866674633,0.315370907087551,1.93347417807625,"P. pinaster"
143,34049,43,34.7055982788865,0.438484879306398,1.75587521541316,64.1676300371331,0.944521267902036,3.73439591023494,103.741819808776,1.62505345495593,6.92913451103916,"Q. pyrenaica"
144,34049,44,NA,NA,NA,11.4746062438735,0.112120073215609,0.429551752915792,3.95242845625226,0.0524436969758803,0.181862153795046,"Q. faginea"
150,34052,25,NA,NA,NA,0.18601359547755,0.0045368973040174,0.0205449332311711,0.241361899956774,0.00918671234176036,0.0541088078698896,"P. nigra"
152,34052,26,NA,NA,NA,0.0229128378013197,0.00137335093179036,0.00699414552639241,0.0231300039010126,0.00233592311334243,0.0146869445219945,"P. pinaster"
153,34052,43,NA,NA,NA,6.02965449026517,0.103814209870899,0.450949359493375,0.592017096567158,0.0138613378324294,0.0814831453052784,"Q. pyrenaica"
158,34055,21,NA,NA,NA,1.6355276086155,0.0243512058639986,0.0962034292041746,NA,NA,NA,"P. sylvestris"
162,34055,25,NA,NA,NA,0.554128671040044,0.00680023463803476,0.0209994932859636,3.75712196704152,0.141225796196247,0.829070131028403,"P. nigra"
165,34055,26,NA,NA,NA,NA,NA,NA,0.356753633936834,0.0357320378077599,0.222426219501946,"P. pinaster"
167,34055,43,NA,NA,NA,18.3192550407226,0.250817967911757,0.922170902250923,4.3446493207686,0.0741058966164426,0.366143512522195,"Q. pyrenaica"
168,34055,44,NA,NA,NA,3.19730192739599,0.0310751516631368,0.119339623915669,15.3565248476546,0.167559477500843,0.61413132790102,"Q. faginea"
174,34056,21,9.4960936555859,0.146862534638472,0.5149167792399,10.1667969627505,0.220519997252418,1.04378542207484,14.5947220217209,0.58960720724104,3.50740842044695,"P. sylvestris"
176,34056,25,NA,NA,NA,3.14165977432723,0.0587930201332175,0.231915120650027,3.74418979324782,0.14626758728396,0.859271616526375,"P. nigra"
179,34056,26,NA,NA,NA,NA,NA,NA,0.387549251750477,0.0403278707332176,0.251561600964569,"P. pinaster"
184,34056,42,49.3585830371338,1.56387820490345,7.19820355586285,41.0924458377969,1.78299112386704,9.68152322624814,39.7535481925737,1.75212158462423,10.3613411823498,"Q. petraea"
185,34056,43,96.5034273637073,1.3195448231447,5.20311993953892,167.939473231629,2.69314736662739,11.0307950959926,216.759790319029,3.80297569071123,16.7932315072493,"Q. pyrenaica"
186,34056,44,NA,NA,NA,8.55215589588717,0.0809982603085936,0.313944105551493,7.7638204243803,0.0857206887225468,0.313633611268726,"Q. faginea"
198,34061,21,NA,NA,NA,14.01266427608,0.308931184366615,1.362665889538,2.4723463259977,0.113632019968301,0.63911170819142,"P. sylvestris"
200,34061,25,NA,NA,NA,45.9409018472812,1.02373048953289,4.41882515839828,58.0740887784171,2.2084868163979,12.9973899409772,"P. nigra"
202,34061,26,21.7909551232464,0.574976809484426,2.26687108456058,6.63691741738742,0.373985871836087,1.93893789304622,5.62883131478416,0.57121630442712,3.59478626141202,"P. pinaster"
203,34061,43,99.8877049565765,1.27168811106809,5.14728198721818,128.590099310347,1.84226473777657,7.06182482961106,194.897139099318,2.96560565864276,11.8817298222034,"Q. pyrenaica"
206,34062,21,118.412967892244,1.99400954009024,8.10562863364174,127.487479579729,3.27969616431667,16.397534054828,101.701839686531,4.01646540307996,23.5845406481539,"P. sylvestris"
208,34062,25,71.8748982380729,0.928182492914203,3.00363812675145,40.1372087830224,0.936667147564018,4.49721170543837,35.614010597249,1.44535695042971,8.94294750044796,"P. nigra"
210,34062,26,25.525675156383,0.639945655711604,2.47918003089552,6.56747651720404,0.37597296325482,1.99799097597925,2.44468495948643,0.276909838813461,1.74903028153362,"P. pinaster"
211,34062,43,61.2995119386556,0.772727686630791,3.11837324038173,133.028403544798,1.88010611500174,7.15320221232853,211.519673538435,3.4259921603054,14.5654683829305,"Q. pyrenaica"
214,34067,21,NA,NA,NA,0.80431869951344,0.00816395955474948,0.0201597783135445,2.6115126253162,0.10663402130485,0.623174321972132,"P. sylvestris"
215,34067,25,NA,NA,NA,2.41739848398919,0.0313619518689764,0.095038601197029,0.827346523750022,0.0404018329814261,0.242758425045437,"P. nigra"
218,34067,42,NA,NA,NA,23.9133959057027,1.05191076147479,5.64631334735734,7.5975352158031,0.364364855220534,2.08021318089563,"Q. petraea"
219,34067,43,111.796195963232,1.47846098239238,5.94509742950136,127.22186545207,1.9340020255201,7.62281676978135,213.345574023611,3.78293966049526,16.8255569548061,"Q. pyrenaica"
220,34067,44,12.0412138417385,0.122615397530642,0.456821429610785,39.9888266084759,0.381294280994166,1.47423901551077,33.5403977279974,0.36870646560966,1.34942206445334,"Q. faginea"
227,34068,21,NA,NA,NA,31.5371895389979,0.812401624361447,3.98612864623683,2.54106225441161,0.118399842399439,0.670927033168333,"P. sylvestris"
228,34068,25,NA,NA,NA,40.2927238666087,0.882363392446187,3.74504812695761,68.7844450647002,2.61814047439799,15.4206476163533,"P. nigra"
230,34068,26,20.9381901785646,0.504111137150026,1.93781836623576,6.50975354819778,0.369317231297781,1.92539902650767,6.62598897509217,0.671452471208875,4.22630702262093,"P. pinaster"
231,34068,43,NA,NA,NA,90.2155385026185,1.48592031654983,6.25939875010129,91.8176656297981,1.28940997777699,4.87195485705407,"Q. pyrenaica"
235,34071,25,NA,NA,NA,10.6387841189927,0.217519189518327,0.854142819891252,17.0145672082608,0.647791404218672,3.81559976950146,"P. nigra"
237,34071,26,10.9952526895446,0.274976489401283,1.10642292807773,2.22988328134944,0.125801650597541,0.662306150071777,1.64176124478659,0.166583003914385,1.04894660109618,"P. pinaster"
238,34071,42,NA,NA,NA,NA,NA,NA,0.110066688266213,0.00428551301267475,0.0232783211066872,"Q. petraea"
239,34071,43,NA,NA,NA,19.0145965914804,0.27945288786942,1.05120665497733,32.8426918952753,0.475192749564521,1.8324537234996,"Q. pyrenaica"
240,34071,44,NA,NA,NA,0.299153560727564,0.00246476368764614,0.00984905442647995,0.0594360768812316,0.000544486556387302,0.00230955439745771,"Q. faginea"
245,34073,21,179.608658258366,3.15074467246976,13.2339682957849,191.217541400757,5.13307839285294,26.0334851359036,120.978522233603,4.82311545362497,28.5703106477394,"P. sylvestris"
246,34073,25,86.2394734125176,1.1956410416774,4.10258587877698,53.9632428253814,1.35939704970667,6.88675871314581,46.5536085680987,1.82812548824467,11.0693755197736,"P. nigra"
249,34073,26,35.3643957645428,0.827601002336871,3.14483841809017,6.37036232208568,0.409959584259189,2.26646456127704,3.8686712715795,0.413834202512658,2.60595417150299,"P. pinaster"
250,34073,43,25.7578884903158,0.309967868959557,1.25685620616724,43.3573195285417,0.565221254311584,2.07003072066317,80.150060376229,1.22508064119447,5.18001460665235,"Q. pyrenaica"
258,34080,21,NA,NA,NA,79.2535477271987,1.95838410622613,9.82600081681921,88.7369641647004,3.57905437866477,21.444485953152,"P. sylvestris"
260,34080,25,NA,NA,NA,7.23153778929432,0.121471721036191,0.499248674898899,4.7135897950901,0.183437284881972,1.08994427043459,"P. nigra"
264,34080,26,NA,NA,NA,2.42004315139125,0.109493602075627,0.51223221130112,0.592302154156516,0.0651633834220594,0.407238641252201,"P. pinaster"
267,34080,42,NA,NA,NA,59.9824377318927,2.50290527017834,13.8176874447953,8.54028401711983,0.415212970278842,2.40910289761079,"Q. petraea"
268,34080,43,55.3626993424047,0.711824604009546,2.85651864391677,229.278811215351,3.76843938075375,15.7735425828136,302.218692550871,5.33296457671801,23.8320108018883,"Q. pyrenaica"
269,34080,44,NA,NA,NA,NA,NA,NA,14.590648529249,0.166714522900179,0.595831235027488,"Q. faginea"
276,34083,21,NA,NA,NA,10.3393926103729,0.16695985655365,0.650237435839143,6.88990566075795,0.279328584994767,1.62403963025841,"P. sylvestris"
279,34083,25,11.3452330579019,0.135223160144894,0.401309858488276,11.7011718764082,0.232780649171482,0.936234190070285,29.8317098763521,1.13863782140249,6.72479573857397,"P. nigra"
281,34083,26,6.27463992845756,0.147719481780608,0.561973191045824,2.5754038399913,0.129019068427437,0.646527669853745,2.81931533571426,0.286711633362468,1.80210316393542,"P. pinaster"
282,34083,43,19.1365349230919,0.241187095429181,0.974058466776251,34.1334591372246,0.460640496664578,1.72390039354972,65.1458543957321,1.00428439797921,4.09980810671421,"Q. pyrenaica"
283,34083,44,NA,NA,NA,NA,NA,NA,0.249240619039465,0.00286313588326825,0.0107255026882036,"Q. faginea"
289,34089,25,NA,NA,NA,NA,NA,NA,0.852696700082398,0.0324553266270617,0.191158595968586,"P. nigra"
293,34091,21,NA,NA,NA,18.4744172615532,0.47601974563635,2.2098267620518,10.9868483963478,0.466215524900279,2.71570318068324,"P. sylvestris"
295,34091,25,84.5798432520315,1.06605082978322,3.19738413998589,111.264932125784,2.56532358404511,11.3577539836154,95.6825737704273,3.61861912900354,21.2520275813081,"P. nigra"
297,34091,26,33.8421587117237,0.878218008420727,3.65549149179381,12.907389389038,0.754520889648107,3.93431105656658,9.2926222527906,0.936763714459351,5.87535317110109,"P. pinaster"
298,34091,43,93.7538087210306,1.23334356679282,4.77322792112925,77.8428109366427,0.93775493198777,3.25304152152807,143.215146109599,2.06280805739276,8.04918336306823,"Q. pyrenaica"
299,34091,44,NA,NA,NA,2.81952842319951,0.022759649730552,0.0914191430390177,4.26609086076297,0.0488283532912229,0.17689529905234,"Q. faginea"
305,34093,21,NA,NA,NA,7.37134339326487,0.138775813784984,0.5780886471252,1.17624051491171,0.054808886336565,0.307204542707294,"P. sylvestris"
306,34093,25,NA,NA,NA,23.9762164415632,0.53995784749967,2.36279338307288,30.4204518517595,1.16143941916612,6.84415360620421,"P. nigra"
308,34093,26,18.522014766846,0.445061487395991,1.74639696657881,3.27966815640048,0.181583567981034,0.930860495256216,2.9161393086435,0.295244144340891,1.85781436216614,"P. pinaster"
309,34093,43,NA,NA,NA,57.6325589757763,0.928454687829167,3.8819022819204,87.0295160332207,1.45273472845447,6.24116588843257,"Q. pyrenaica"
310,34093,44,NA,NA,NA,NA,NA,NA,0.105926556969882,0.000970380100115707,0.00411607155610565,"Q. faginea"
314,34094,21,NA,NA,NA,20.6511761655359,0.55937847300531,2.69664579826656,7.75710793142613,0.342093580590022,1.96663978607265,"P. sylvestris"
317,34094,25,113.439848580454,1.44487008901279,4.3476556142993,155.148539334847,3.64446187973467,16.4008772403162,124.112738957499,4.71013663290035,27.7063406380878,"P. nigra"
319,34094,26,46.5765591403077,1.19138311481271,4.97465576105075,15.6298587283918,0.92839897078879,4.83314382334957,NA,NA,NA,"P. pinaster"
320,34094,43,19.3224142022762,0.239137449377095,0.897956482711758,29.686251866258,0.33233353433734,1.14017506564326,28.8304286126755,0.348524860906367,1.34508440481689,"Q. pyrenaica"
321,34094,44,NA,NA,NA,0.481381584284883,0.00386937266668387,0.0155141178349,8.12769074339413,0.0896170811556191,0.32817335116011,"Q. faginea"
326,34100,21,131.115481614752,2.30556703720884,9.68999533395715,222.456269724706,5.9669374574593,30.5599253495709,239.459850977369,9.65589899289738,57.925091742873,"P. sylvestris"
327,34100,25,NA,NA,NA,29.8831867375144,0.606930693454202,2.53118032379109,10.3945644169972,0.379654266933509,2.24937445306833,"P. nigra"
332,34100,43,NA,NA,NA,88.6466903363515,1.29487430921271,5.10019151786115,172.54987254978,2.80320271992979,12.0891039440803,"Q. pyrenaica"
333,34100,44,NA,NA,NA,NA,NA,NA,0.986891529393943,0.0135256118641126,0.0473002802016757,"Q. faginea"
339,34107,21,39.915091713257,0.62505382169848,2.29030858831567,46.7942513553774,1.20244825973278,6.01946908550511,36.3421273924095,1.47451497286777,8.82186401019053,"P. sylvestris"
341,34107,25,NA,NA,NA,49.1123321040746,1.16363753081939,5.36554291066937,40.0480964084188,1.52396912751008,8.98035984427709,"P. nigra"
343,34107,26,20.5106787342285,0.55082577960623,2.2302719362614,5.27538235516375,0.308716410610046,1.60546142539284,3.93712006701649,0.402426240900635,2.53573609919345,"P. pinaster"
345,34107,43,NA,NA,NA,110.816794299455,1.67973469544761,6.69131063672423,145.634499680481,2.22652008797337,8.98972269176137,"Q. pyrenaica"
346,34107,44,NA,NA,NA,NA,NA,NA,0.256765686139995,0.00293730577021174,0.0111758951825575,"Q. faginea"
352,34109,25,NA,NA,NA,NA,NA,NA,6.649994108974,0.253851037502421,1.49880571848258,"P. nigra"
354,34109,44,NA,NA,NA,NA,NA,NA,0.140189234742339,0.00151149402532222,0.00558733952516238,"Q. faginea"
358,34110,21,NA,NA,NA,7.27651356719228,0.198055615879898,1.02309248734383,4.11908976571392,0.16743802306738,0.988540902496273,"P. sylvestris"
360,34110,42,NA,NA,NA,40.613554805414,1.69575609582683,9.37366962383562,4.45202585492305,0.252708507226478,1.44464491832476,"Q. petraea"
361,34110,43,NA,NA,NA,145.063586802862,2.44526399022206,10.3410668768395,227.952909152615,4.11918825056111,18.5138176843854,"Q. pyrenaica"
372,34113,21,NA,NA,NA,2.68292061709553,0.0557464168362858,0.240642547579091,2.62136176661831,0.108094938162121,0.642683931372748,"P. sylvestris"
373,34113,25,NA,NA,NA,3.8093323551216,0.0754856155371588,0.293681387069324,10.4169403472533,0.396769670136418,2.33793525037215,"P. nigra"
375,34113,26,NA,NA,NA,0.864218502849796,0.0464012498097104,0.240086094555813,1.04042074874453,0.107867776653736,0.683673801604125,"P. pinaster"
376,34113,43,NA,NA,NA,64.7558616590835,0.827907147153453,2.86189288506275,96.4056552152394,1.39821056121712,5.34415699587729,"Q. pyrenaica"
379,34114,21,45.7152909711947,0.667607302112081,2.38195807536986,44.1312338837451,1.0631512914081,5.19093534972286,35.7474771205524,1.4536349268396,8.65841937811123,"P. sylvestris"
381,34114,25,40.8851395911556,0.480721990242029,1.40741648343011,42.4223332318212,0.960751889476576,4.31754764335807,51.4384125022426,1.93324166950591,11.3275315786951,"P. nigra"
383,34114,26,NA,NA,NA,5.56678481775167,0.308727098112426,1.5888940694665,5.06315140903618,0.50902613929372,3.18082306862263,"P. pinaster"
385,34114,42,NA,NA,NA,9.94033603825201,0.425444936591399,2.31453450265948,8.62599596062824,0.356433173685191,2.11029181009673,"Q. petraea"
386,34114,43,49.6612292229053,0.629774096311906,2.52149295589883,59.7158595629091,0.882690371791897,3.4837319112254,92.32968464887,1.44513041387164,6.08644474071186,"Q. pyrenaica"
387,34114,44,NA,NA,NA,14.1366910300715,0.136476568202742,0.52555067388301,12.7599628686109,0.143744165129163,0.522476566849408,"Q. faginea"
396,34122,21,65.2200560034705,1.16449698427166,4.91109621695986,15.6784968926933,0.362744479145297,1.72804591795448,9.87277168561327,0.415243339162415,2.44983151581941,"P. sylvestris"
397,34122,25,49.5000067225985,0.666810987124778,2.18054197612773,107.554809762787,2.55787967388626,11.6693325403535,74.5600518729897,2.83810646060561,16.718699481174,"P. nigra"
399,34122,26,19.5664491002585,0.480077701251416,1.91610574678305,9.65133725299414,0.569664392633265,2.93527020504503,7.1570011117425,0.723443518766692,4.54940617826499,"P. pinaster"
400,34122,43,5.13911254165532,0.0580387806715038,0.226350876798933,10.6849019092215,0.107130315581393,0.376954216804659,13.1617161584536,0.144328044610816,0.512643813542047,"Q. pyrenaica"
403,34124,21,NA,NA,NA,17.1531035898635,0.337084762930039,1.49719909346881,50.300338502497,2.026434946987,12.0247851981648,"P. sylvestris"
404,34124,25,NA,NA,NA,15.7431521222588,0.36021876129061,1.67861907725409,61.6359616126531,2.3562903443863,13.9414494308184,"P. nigra"
406,34124,26,NA,NA,NA,2.36057781808747,0.122253067044969,0.619060657910512,5.8139472041486,0.593650901284943,3.72979358612719,"P. pinaster"
407,34124,42,NA,NA,NA,10.050409112129,0.454561073341311,2.37306259050321,1.77812768331946,0.0975901187717018,0.556975626199303,"Q. petraea"
408,34124,43,66.241021677226,0.846220989642777,3.43003236694956,56.732629907892,0.81701283925474,3.20624905391291,140.323979815428,2.27455264669082,9.69050114158662,"Q. pyrenaica"
413,34126,21,NA,NA,NA,1.0725214370727,0.0277527763862561,0.128735658646035,2.15907756158852,0.0869551515851887,0.520086015940476,"P. sylvestris"
414,34126,25,NA,NA,NA,1.81786173931206,0.0367259237710224,0.142919458687008,NA,NA,NA,"P. nigra"
417,34126,26,NA,NA,NA,0.399455805531701,0.0225180648319143,0.118785784418266,0.084247834086381,0.00882595923340494,0.0558489961164742,"P. pinaster"
418,34126,43,NA,NA,NA,NA,NA,NA,3.03069589662837,0.0426238495749337,0.161811494493713,"Q. pyrenaica"
424,34129,21,186.122635595745,3.47583606988738,14.3716462584713,249.610050380744,6.69034073737471,34.0199727537773,175.542851144165,6.98016759052733,41.2456411638293,"P. sylvestris"
425,34129,25,97.3374117619123,1.41520827260963,5.21353110798487,64.3712811053987,1.56867341956936,7.71898639103118,51.0129253797213,2.01171421178944,12.2872343891142,"P. nigra"
427,34129,26,36.8932646449888,0.899564111010883,4.051885797427,8.4804598516355,0.524786132730768,2.84992710051326,3.90256749333414,0.425291158480444,2.65678445618064,"P. pinaster"
428,34129,43,36.426568199561,0.448253140179647,1.6741694809114,60.9787944608017,0.839591842077069,3.2171035831335,99.5539529381728,1.49177517008867,6.33727465800309,"Q. pyrenaica"
434,34131,25,NA,NA,NA,NA,NA,NA,10.2887747477584,0.39161116138774,2.30655018933283,"P. nigra"
436,34131,26,NA,NA,NA,NA,NA,NA,0.985985775281478,0.0995757273437396,0.626075051392482,"P. pinaster"
438,34131,43,NA,NA,NA,0.943712300716311,0.0111050013670279,0.0394796312381874,1.84715554558826,0.0221115338303687,0.0891696440535199,"Q. pyrenaica"
439,34131,44,NA,NA,NA,5.57681593962489,0.0527748680592845,0.204503147570546,10.8922806676571,0.117714238127539,0.434581435982908,"Q. faginea"
451,34135,21,NA,NA,NA,22.0498783030504,0.435794306300519,1.95493909233225,25.8317861796034,1.04121420034539,6.13375492143342,"P. sylvestris"
455,34135,25,26.7325656240125,0.33531938924364,1.01091153908576,37.0068510121146,0.82576765464594,3.63425469916021,32.6304535195769,1.22408991526308,7.17571714427038,"P. nigra"
457,34135,26,NA,NA,NA,NA,NA,NA,3.13901821288692,0.314861297979258,1.95415540239315,"P. pinaster"
459,34135,42,NA,NA,NA,11.0004451599568,0.518613849921042,2.7282097518243,3.55070462529516,0.207294962245896,1.17227659914391,"Q. petraea"
460,34135,43,NA,NA,NA,63.6599429108078,0.932039489517011,3.60919009210186,169.717844959862,2.84213468975414,12.3238391161769,"Q. pyrenaica"
461,34135,44,NA,NA,NA,6.15073909306615,0.0587992788966374,0.22640881148937,6.01347308155499,0.0687414879927111,0.249293325174965,"Q. faginea"
469,34136,21,NA,NA,NA,33.6891655931188,0.899602537144606,4.60594813695894,26.4230430251798,1.06696446581142,6.39821796097165,"P. sylvestris"
472,34136,25,20.9698834026671,0.271050694057757,0.909956643976336,3.48792645825097,0.0726795818461103,0.315670794030265,7.78876191229625,0.299557138167768,1.77609520947604,"P. nigra"
474,34136,26,NA,NA,NA,0.791497982083067,0.0443654376997473,0.228801215349634,0.805630598693067,0.085296370306419,0.542347328407825,"P. pinaster"
475,34136,43,NA,NA,NA,52.4208596290203,0.832696259339201,3.32229930067314,97.9653790775159,1.5408183786637,6.32672763813148,"Q. pyrenaica"
479,34139,21,NA,NA,NA,NA,NA,NA,8.79515509524993,0.385443681024897,2.15490038845474,"P. sylvestris"
480,34139,25,65.2231024127053,0.774962526067397,2.22448007400577,118.27578684754,2.79693623616612,12.7157834005984,117.582087468156,4.39208367169748,25.6492693156149,"P. nigra"
481,34139,26,14.7643492139669,0.391678282400914,1.65100710835823,9.99318028769015,0.603002996369016,3.12812480487874,11.5105323764312,1.14458638728862,7.12436468453025,"P. pinaster"
483,34140,21,79.6844208173604,1.06003161857113,3.61757368326503,21.0700242189214,0.439294253588174,1.98194110095502,27.2765262783716,1.0826606180316,6.33168747254046,"P. sylvestris"
485,34140,25,34.6862225588313,0.38549484763174,1.06726511212591,53.9934471298182,1.28057756784698,5.92770087431074,38.0100143285813,1.47126837076412,8.78285952309511,"P. nigra"
488,34140,26,NA,NA,NA,5.60059210113832,0.31935562790991,1.64730739089765,3.44317757173369,0.360701928738267,2.27868396389951,"P. pinaster"
491,34140,43,46.5600412360836,0.597854740249651,2.33454278394677,158.073626361082,2.11537656810925,7.59066042465554,253.129051161379,3.7890140648297,14.9624482342686,"Q. pyrenaica"
492,34140,44,NA,NA,NA,NA,NA,NA,0.205141208567778,0.00220859418941097,0.00849640011376308,"Q. faginea"
497,34143,21,NA,NA,NA,0.347498816173551,0.008979518029705,0.0414645170199241,1.49391398370742,0.0625320283066929,0.365726448871825,"P. sylvestris"
499,34143,25,NA,NA,NA,0.658620835709554,0.0143775436783205,0.0568827935308688,8.53319706643764,0.3270865841919,1.92750538494576,"P. nigra"
501,34143,43,NA,NA,NA,35.0613783407681,0.584821682446212,2.46471348103454,57.0036101962839,1.00708404950639,4.47816901807272,"Q. pyrenaica"
510,34151,21,84.851940653939,1.47685738779683,6.10938411684746,72.4806431377945,1.65893538885371,7.97124808174294,77.2786970302629,3.09853333984626,18.4667104408306,"P. sylvestris"
512,34151,25,52.4783245903915,0.679181762506996,2.22786510900709,35.630986658812,0.801428549312475,3.72549734016594,18.1829594951575,0.720933826295379,4.37098313729683,"P. nigra"
514,34151,26,19.8319678493141,0.498676398996206,1.90034512149784,6.00286568300842,0.311843918299233,1.58265894612576,1.61533029786026,0.176765542633586,1.1229424373127,"P. pinaster"
515,34151,43,63.9683174336351,0.810657370883694,3.28636062652547,156.691369745712,2.42279947101025,9.8087100040901,230.27118496475,3.78137891755622,16.0737439250914,"Q. pyrenaica"
522,34154,21,30.4135519178657,0.585775995196833,2.28992687718268,8.73646099374748,0.235438859056965,1.13058606423203,9.02038880191162,0.374345362405304,2.15190110684876,"P. sylvestris"
524,34154,25,NA,NA,NA,61.1738086524476,1.43791535013312,6.48030003268182,35.8962616380287,1.30220601373565,7.50192517927562,"P. nigra"
526,34154,26,24.1343919804201,0.663582396584306,2.66276331110583,6.20731510694504,0.369047218185243,1.9238453891249,3.73218249247226,0.370235256807116,2.28550334523981,"P. pinaster"
527,34154,43,142.314569653823,1.81678494173588,7.34778119044303,174.062306548404,2.22070249789181,7.69338094929666,272.342816209489,3.90222634747307,14.9396986537616,"Q. pyrenaica"
528,34154,44,NA,NA,NA,0.547090530741996,0.00962221733977154,0.0305978282122218,NA,NA,NA,"Q. faginea"
531,34157,21,31.9693346769626,0.538631297453555,2.10615939792377,34.5699271846341,0.900194216321144,4.42014434368266,27.6371605090051,1.0922459864711,6.33821348775894,"P. sylvestris"
535,34157,25,30.9584096416334,0.379565042615811,1.1803181920917,46.8029085048944,1.12033043962674,5.23284661403996,33.4594363074613,1.28928162767883,7.68938663553031,"P. nigra"
537,34157,26,12.2224895890156,0.308743916399632,1.22222666319404,5.35166379308982,0.322490536394004,1.71477940088674,2.90699197632505,0.298782973818406,1.86336942143027,"P. pinaster"
539,34157,43,45.5649655957983,0.577438338880239,2.3242203069783,100.725303358804,1.61179501835878,6.65314839140761,161.786984698175,2.75076410572607,12.049941366689,"Q. pyrenaica"
540,34157,44,5.75608767994439,0.058354494202054,0.217679445042963,NA,NA,NA,NA,NA,NA,"Q. faginea"
548,34158,21,NA,NA,NA,7.75815234733261,0.0793391676459969,0.217912167917852,4.49703734118396,0.187224719461591,1.05338651101729,"P. sylvestris"
549,34158,25,NA,NA,NA,2.15059969919916,0.0272790946413966,0.0872919154252534,12.8248273701771,0.451155729893097,2.54329377504536,"P. nigra"
552,34158,42,NA,NA,NA,29.6503996589794,1.26508457693421,6.89043654761214,3.60663626528299,0.196036744800292,1.12750103522879,"Q. petraea"
553,34158,43,NA,NA,NA,152.071696914949,2.35838649472074,9.48177713889633,241.343997385472,4.04562314161762,17.4618303920943,"Q. pyrenaica"
554,34158,44,NA,NA,NA,0.833207348989494,0.0106361254016499,0.0379125668090652,3.22363011918714,0.039823997249603,0.141456273004345,"Q. faginea"
559,34161,25,NA,NA,NA,NA,NA,NA,10.1526655046354,0.385347774047034,2.26537471177701,"P. nigra"
561,34161,26,NA,NA,NA,0.104236852251534,0.00593961387960515,0.0308046842780098,0.991658403105736,0.100764214079048,0.633947099278802,"P. pinaster"
562,34161,43,NA,NA,NA,39.0965677303416,0.559958617978218,2.1255178136499,52.4142934859769,0.809383431423796,3.29118609749867,"Q. pyrenaica"
573,34168,21,NA,NA,NA,NA,NA,NA,1.9724032859662,0.0815143515869656,0.481263841811111,"P. sylvestris"
574,34168,25,NA,NA,NA,10.8635254437197,0.252399033218024,1.11770949098915,9.71420566860461,0.370754957324589,2.18623991883995,"P. nigra"
576,34168,26,NA,NA,NA,1.3274453292522,0.0778091162518753,0.403807846406526,0.969593739526609,0.100904256257714,0.640164761964469,"P. pinaster"
577,34168,43,NA,NA,NA,99.8856499741162,1.56253308830925,6.3074720666005,112.055852699755,1.67198541765743,6.58066605459435,"Q. pyrenaica"
578,34168,44,NA,NA,NA,NA,NA,NA,5.87439355959383,0.065081768429283,0.235202429919546,"Q. faginea"
583,34169,21,17.9544628871397,0.395417131893647,1.6871536200507,18.1415028507011,0.456182631993994,2.09305980825687,4.43148868782982,0.192857646418858,1.09177022501897,"P. sylvestris"
586,34169,25,82.5532188800375,1.04573321091245,3.14643575418453,92.3921261295761,2.10886353933891,9.26485846185281,75.4122606708072,2.8707640906854,16.9160659117365,"P. nigra"
588,34169,26,33.4923386513971,0.86269502062367,3.59013264324807,11.4644888521548,0.665308746022674,3.47079145113517,7.20737191163305,0.728969106664901,4.58243518552957,"P. pinaster"
589,34169,43,NA,NA,NA,20.5323134643036,0.26998144686498,0.995095103040282,49.3122775367632,0.686664320543943,2.64782441622356,"Q. pyrenaica"
590,34169,44,NA,NA,NA,0.297421295461555,0.00248311913317232,0.00987184694011502,NA,NA,NA,"Q. faginea"
593,34170,21,NA,NA,NA,5.95113061709486,0.142767488648571,0.643084405121221,4.00466446057077,0.172674185785465,0.961821493230186,"P. sylvestris"
596,34170,25,NA,NA,NA,17.9174442116443,0.347078920640461,1.37221931634538,39.8056642684793,1.46794527246807,8.52187187359235,"P. nigra"
597,34170,26,NA,NA,NA,2.47616144866334,0.139434666139295,0.729598333522263,3.95140645714802,0.388946999095728,2.40463180301792,"P. pinaster"
599,34171,21,39.1160420088345,0.660146817253982,2.65067708818358,55.7398582077132,1.40414656631567,7.04029968412603,58.2282379641754,2.34410821766353,14.0336986234735,"P. sylvestris"
602,34171,25,26.2539987459286,0.3187920315823,1.00977849898635,14.5300804343755,0.311501354161208,1.36589803469182,4.0846816423498,0.169353929336171,1.04396149602691,"P. nigra"
604,34171,26,NA,NA,NA,2.69743921883716,0.141961138845035,0.715305663222362,0.429182312794507,0.0509239206098406,0.328643540569172,"P. pinaster"
609,34171,42,NA,NA,NA,27.3765434581257,1.24377115537466,6.7433800911872,3.35141465062814,0.182466084000833,1.04397606768744,"Q. petraea"
610,34171,43,58.5380143897156,0.74967861662425,3.03352736205873,153.65034190826,2.46793421849872,9.91588889270508,212.892924169574,3.60064374078249,15.5746037057468,"Q. pyrenaica"
611,34171,44,NA,NA,NA,NA,NA,NA,0.332322403137318,0.00441236851232526,0.0149234539522453,"Q. faginea"
619,34176,21,NA,NA,NA,5.93869781201378,0.157153751872063,0.732277199279404,1.19454655990697,0.0556580251254454,0.31488887629884,"P. sylvestris"
620,34176,25,NA,NA,NA,36.6652652471949,0.844423697339419,3.73409936710321,32.114195320653,1.22289523281309,7.20326572866748,"P. nigra"
622,34176,26,13.6409371388689,0.35953967223251,1.41794375779447,4.31951297380685,0.253023554759892,1.32071376998704,3.12610441123584,0.319036267144467,2.01260906210256,"P. pinaster"
623,34176,43,61.4003118494779,0.78621758876574,3.16362109077554,92.5095575257637,1.23774923255813,4.47919809112259,130.535572495895,1.89974265993121,7.30836884823648,"Q. pyrenaica"
627,34179,21,66.3188646972587,1.14294382688907,4.62654930953028,44.7495056105196,1.18210161181657,5.820760457807,32.5243103161304,1.29725937440091,7.64849439655345,"P. sylvestris"
628,34179,25,44.2632683259581,0.561948660995565,1.83122152719301,28.7518251953451,0.685912813805162,3.26478991790124,28.7379495744826,1.1201154299522,6.70393896066403,"P. nigra"
630,34179,26,15.8785690029806,0.409039296696989,1.60574576464794,4.30275083288044,0.26211280868174,1.43004018067559,2.56096406011535,0.268296019837222,1.69368706617175,"P. pinaster"
632,34179,43,65.3279963670367,0.830014413329484,3.34967023539359,101.688703579778,1.3300998673671,4.81994778252635,212.662130733597,3.47358356245835,14.6846023356231,"Q. pyrenaica"
635,34190,21,NA,NA,NA,8.05125606581877,0.135096756587688,0.573486561337277,8.87403340302748,0.345900023920894,1.98551123213401,"P. sylvestris"
637,34190,25,NA,NA,NA,3.7187984664331,0.0695022881181078,0.28712432791819,5.20416753133927,0.211547239527067,1.29991748543183,"P. nigra"
639,34190,26,NA,NA,NA,0.907613658719369,0.0393326180676585,0.179451286367935,0.379959315645434,0.0437356353939002,0.276176673728918,"P. pinaster"
641,34190,43,61.9685782960731,0.792413807388786,3.20284923786224,143.545816943405,2.2261464373478,8.9297806613636,202.517975211539,3.28986891210321,13.806599842374,"Q. pyrenaica"
642,34190,44,NA,NA,NA,8.12184058860917,0.079471168194585,0.304970973110213,12.2075983613983,0.132523915144951,0.488512192655993,"Q. faginea"
653,34199,21,96.6089672622587,1.40600662382185,5.12415072459963,124.402840867843,3.1316131190036,15.7631534118769,112.57824844454,4.53820360377559,27.2201152151436,"P. sylvestris"
661,34199,42,13.9414578401754,0.417137615113858,1.99645411470036,9.5283132992324,0.485228023638503,2.50565288032633,11.4483152822101,0.530184397064902,3.10356676030745,"Q. petraea"
662,34199,43,36.1425058714126,0.480081843216902,1.85561231391151,68.7460335954053,0.976786257626789,3.66625564798861,91.7270068237819,1.51562710608508,6.56283846614126,"Q. pyrenaica"
672,34202,21,NA,NA,NA,8.02397801414485,0.21899249933225,1.13301136784412,NA,NA,NA,"P. sylvestris"
675,34202,43,NA,NA,NA,179.659126778261,3.01410289152627,12.7271383231409,290.339041412974,5.20580328964872,23.2784553400041,"Q. pyrenaica"
676,34208,21,241.551255081229,4.78218800775264,20.0458338763385,359.054820774437,9.71226479980519,49.5635263028549,179.052278286533,7.03408154995971,40.9232928831162,"P. sylvestris"
677,34208,25,132.287978692848,2.00106853983398,7.64738632763336,104.998274803935,2.61658876880333,12.9743060869537,120.266914958426,4.70197277904981,28.4830437604515,"P. nigra"
679,34208,26,51.5110131720027,1.27001970983274,6.00663182438,11.3083556803751,0.728259856697673,3.98134032320224,9.33185392535011,0.987526254936208,6.15320076843945,"P. pinaster"
680,34208,43,39.0201191231008,0.477993396779193,1.69775444088936,36.2702517351285,0.422706141296364,1.538011028761,60.1170923032166,0.672326603701736,2.6789988566371,"Q. pyrenaica"
685,34211,25,NA,NA,NA,NA,NA,NA,4.25571552157413,0.161980968462992,0.954051544783998,"P. nigra"
687,34211,26,NA,NA,NA,NA,NA,NA,0.407830385132194,0.0411872141064331,0.258961575037087,"P. pinaster"
691,34214,21,126.551411934135,2.21617073695889,9.29435813081866,122.611132195263,3.19754136585933,16.0056158413674,132.512248691382,5.34242004768977,32.0385564396184,"P. sylvestris"
693,34214,25,62.2804664580765,0.854268227570788,2.91282606034185,49.8187472935929,1.22601944871956,6.07713795467731,5.85937925290048,0.20555889506048,1.2016394899317,"P. nigra"
696,34214,26,27.1375413575198,0.626593545651846,2.35016172566626,6.21004151887574,0.377324382303434,2.04459115731394,0.838593363548805,0.0924302721518115,0.576891561258612,"P. pinaster"
698,34214,43,29.2803065533174,0.358615050292803,1.45343495888474,53.6189120965405,0.764770737783775,2.99164145098857,75.7644060212704,1.10609154699518,4.46254963437761,"Q. pyrenaica"
699,34214,44,NA,NA,NA,NA,NA,NA,0.706416193937523,0.00987544577964846,0.0344227256715108,"Q. faginea"
707,34218,25,NA,NA,NA,0.00376252632386972,3.62922107964988e-05,9.1509653588587e-05,0.34992477152913,0.0133188304279592,0.0784465660693572,"P. nigra"
709,34218,43,NA,NA,NA,0.0287296397169358,0.00472067030211709,0.0349200945417753,0.0535640037643549,0.000568145407389464,0.00198581440886275,"Q. pyrenaica"
713,34222,21,33.7224849252055,0.609343325888141,2.42658523494246,21.1986881163377,0.484113016824807,2.28075282654431,15.1224150640821,0.618409367246157,3.53821808525009,"P. sylvestris"
715,34222,25,55.0099645009978,0.651009937503219,1.95901184771884,68.3552405402248,1.58957870786128,7.14108512184507,48.1425333957026,1.7434980090403,10.0458328631837,"P. nigra"
717,34222,26,20.7710072383011,0.562535255252492,2.20013985214613,7.4536008007072,0.427117041071181,2.20045983971315,4.86797373823472,0.47608460628438,2.91580460402464,"P. pinaster"
718,34222,43,113.631999482777,1.44952301132747,5.8731645182737,114.98432691742,1.52763612478984,5.58771211670147,187.714084592195,2.77539100187507,11.1514785291347,"Q. pyrenaica"
719,34222,44,NA,NA,NA,3.61122939625968,0.0339078525955707,0.130440559690457,9.20980657391584,0.111208995797658,0.395971373741399,"Q. faginea"
725,34228,21,41.2226564202319,0.799545199167296,3.24280577419043,25.1550754680913,0.512447677835166,2.26112445599287,33.7675772950557,1.3820343930184,8.0763513369326,"P. sylvestris"
728,34228,25,141.379348469725,1.77262683080029,5.30772627352399,196.669868203663,4.67746478426095,21.3873151203832,129.765562852536,4.88652804135568,28.6676461746386,"P. nigra"
730,34228,26,56.6526803303058,1.45826737153697,6.03794307850715,18.0393926103762,1.05869134750425,5.4569182205635,12.514277348891,1.25450622254546,7.83156328960287,"P. pinaster"
731,34228,42,NA,NA,NA,7.9603677147737,0.345528993366029,1.85301877363165,1.19478122829133,0.0653104736549795,0.371517096813664,"Q. petraea"
732,34228,43,50.3306913100882,0.623807850377615,2.48284364526947,59.4259613425312,0.804296044502973,3.13527427132318,108.584702878601,1.64428100991807,6.93716151606211,"Q. pyrenaica"
733,34228,44,NA,NA,NA,0.809561774340293,0.00878646580208505,0.0321712225482743,2.55766688860637,0.0336956955480851,0.120177039054067,"Q. faginea"
738,34229,21,NA,NA,NA,NA,NA,NA,1.2594733506115,0.054252563122552,0.316313397141633,"P. sylvestris"
740,34229,25,NA,NA,NA,24.4125820024656,0.584473600226905,2.66815844405937,14.8232286263593,0.564075873965833,3.32172134346923,"P. nigra"
742,34229,26,NA,NA,NA,2.06987306786179,0.125103393839112,0.648721976030313,1.49179836246692,0.155249309612489,0.985113901064586,"P. pinaster"
743,34229,43,87.4183651398045,1.1167275097264,4.52608897029398,106.641581349503,1.35669750754679,4.69049073206976,169.207562415216,2.45133261305856,9.35194080398785,"Q. pyrenaica"
744,34229,44,NA,NA,NA,1.20126413627776,0.01198588525808,0.0444957144187189,0.0647785474670845,0.000657164662557174,0.00264771031238843,"Q. faginea"
753,34231,21,NA,NA,NA,5.81711569014284,0.119980831430819,0.517609187422148,1.60209063291224,0.0721490497860297,0.40760427200607,"P. sylvestris"
755,34231,25,32.8089708043471,0.406138904561093,1.21137342339371,33.9599509537808,0.787165736464702,3.5192870501958,31.3409482389307,1.18616945295431,6.96866570387574,"P. nigra"
757,34231,26,12.9904120972373,0.341400478601674,1.40577966932777,3.74976508936923,0.215249300136951,1.11114858732532,3.03325734801879,0.305559592847223,1.91669130132707,"P. pinaster"
759,34231,43,NA,NA,NA,16.392817166075,0.207006160911789,0.733148772031949,30.2150621433228,0.414231798360371,1.56221870948304,"Q. pyrenaica"
761,34233,25,NA,NA,NA,NA,NA,NA,4.55479449964248,0.173364507204913,1.0210994382797,"P. nigra"
763,34233,26,NA,NA,NA,NA,NA,NA,0.436643171010688,0.0441071059089402,0.277340407515974,"P. pinaster"
764,34233,43,NA,NA,NA,NA,NA,NA,1.04996173399357,0.0124885062179743,0.0451679711716548,"Q. pyrenaica"
765,34234,21,33.1343747695203,0.742384091149512,3.16888215527173,36.1634234559679,0.985260293314685,4.94141509273768,19.8501365819694,0.841330894649277,4.83978758052381,"P. sylvestris"
767,34234,25,166.210380645785,2.10409516582343,6.31984909764735,245.907531329919,5.86545706307107,26.7489367299197,157.490364687781,5.89820525846218,34.4798249024296,"P. nigra"
769,34234,26,68.177209269967,1.74922728289569,7.2739653837867,21.7559116754408,1.3086948989983,6.78674235537084,15.3926726022779,1.53396913685043,9.55821002504262,"P. pinaster"
771,34234,42,NA,NA,NA,16.7844586500081,0.70209232024246,3.864604660031,1.79763420376026,0.101788036840911,0.581674897613427,"Q. petraea"
772,34234,43,NA,NA,NA,92.4537724072024,1.364630493638,5.51258430809986,157.686411982497,2.4412072096586,10.3724034177122,"Q. pyrenaica"
780,34245,21,190.638289000743,3.3962109904412,14.293353367293,112.78807656897,2.72126112665164,13.0200542619508,71.3363902946289,2.74148294392746,15.4733918608067,"P. sylvestris"
783,34245,25,117.903939030658,1.61494715082079,5.42287773733405,154.669528706266,3.69408719406762,17.3730844304352,113.780012665391,4.44383261481203,26.7995869783126,"P. nigra"
785,34245,26,46.612509213807,1.12906185367793,4.47811101199302,17.5168499042227,1.02509726611652,5.40630757771312,9.11638760981431,0.955699314500805,5.98095706481358,"P. pinaster"
786,34245,42,5.05547876169994,0.0765875170224681,0.288642068029487,NA,NA,NA,NA,NA,NA,"Q. petraea"
787,34245,43,18.9646697178447,0.221296970418927,0.878467083220486,75.5927259251314,0.991794745044452,3.62633837127412,158.516329208327,2.28861229018594,9.21010898249773,"Q. pyrenaica"
788,34245,44,NA,NA,NA,NA,NA,NA,2.2726876656328,0.0275043840432705,0.0990534099288621,"Q. faginea"
796,34901,21,NA,NA,NA,1.8067976145652,0.036994087233136,0.160287341363126,1.45152525548831,0.0617987212014314,0.360328672441224,"P. sylvestris"
798,34901,25,18.282489070284,0.232381514640296,0.698838709929983,20.881793655718,0.495182257351818,2.25237912417461,15.4459844180251,0.588280840472243,3.46658633696644,"P. nigra"
800,34901,26,NA,NA,NA,1.92470038652714,0.113360057492807,0.584728706356019,1.47816643106193,0.149458110678857,0.939851014116299,"P. pinaster"
801,34901,43,1.83695056768466,0.0196715632003036,0.0745095706824109,3.42275686638674,0.0447296174712637,0.178073843987675,5.16976719172778,0.0706141844109504,0.279248327483763,"Q. pyrenaica"
806,34903,21,NA,NA,NA,9.15508224187808,0.19917917174858,0.880532200758732,4.59117547548326,0.201734463417934,1.12885599984242,"P. sylvestris"
809,34903,25,46.2195768577726,0.597470534522143,1.85794535325767,78.1093785077744,1.83723318239684,8.3017886320338,65.2933125354526,2.44601992772962,14.3037784864691,"P. nigra"
811,34903,26,NA,NA,NA,7.75597223183863,0.453951481037655,2.34681294908592,6.37613700714459,0.635979698938161,3.96542057212017,"P. pinaster"
812,34903,43,10.7299643242404,0.130127665545128,0.520021674686363,22.6848533772613,0.303512221204971,1.16315712918962,37.5758279275655,0.482519479836449,1.83298173162368,"Q. pyrenaica"
813,34903,44,NA,NA,NA,0.102961649263689,0.00169470836817591,0.00560656961347841,1.41249853208798,0.0187173955167453,0.066721702445096,"Q. faginea"
