"ID","Estadillo","CoorX","CoorY","Fecha2","FRACCION2","FRACCION3","Fecha3","FRACCION4","Fecha4","IFN2Num_arb","IFN3Num_arb","IFN4Num_arb","IFN2_muert","IFN3_muert","IFN4_muert","N_IFN2","N_IFN3","N_IFN4","Ho_IFN2","Ho_IFN3","Ho_IFN4","HartIFN2","HartIFN3","HartIFN4","H_shannon2","H_shannon3","H_shannon4","SDIR_IFN2","SDIR_IFN3","SDIR_IFN4","max_abIFN2","n_especies_10IFN2","especie_dominanteIFN2","ComposicionIFN2","max_abIFN3","n_especies_10IFN3","especie_dominanteIFN3","ComposicionIFN3","max_abIFN4","n_especies_10IFN4","especie_dominanteIFN4","ComposicionIFN4","nCD_IFN2","FormaIFN2","nCD_IFN3","FormaIFN3","nCD_IFN4","FormaIFN4"
"1",47,368892,4754814,91,40,60,"05/26/03 00:00:00",90,"2019-08-28T22:00:00Z",13,33,51,0,0,0,986.75,1397.0272,1145.91655817596,5.68169011381621,8.60125200723605,13.5775274667517,58.0066877567763,32.2029067901807,22.5248543095357,0,0,0,0.261962040234356,0.64492333673934,0.835568706244678,100,1,21,"pura",100,1,21,"pura",100,1,21,"pura",2,"Regular",4,"Irregular",4,"Irregular"
"2",49,369907,4753795,91,90,80,"2006-03-03 00:00",95,"2019-07-10T22:00:00Z",22,26,31,0,0,3,495.12,638.17646,558.669689905784,11.8585289394739,16.4397746003165,19.2251410870473,39.2349519893196,24.9283152957454,22.7830617691537,0,0,0,0.553352512260888,0.816051019546821,0.940179734865424,100,1,42,"pura",100,1,42,"pura",100,1,42,"pura",7,"Irregular",8,"Irregular",8,"Irregular"
"3",54,357918,4751766,91,60,75,"2005-08-03 00:00",80,"2019-07-30T22:00:00Z",5,13,26,0,0,0,350.13,795.775,1407.63824121614,5.13661977236758,8.45492965855137,10.9711422580014,107.712745814661,43.4064265334272,25.1513791038659,0.689009238476659,0.551079928086973,0.213767452800811,0.130907611070305,0.366866845705308,0.803230431936043,64.0598520307506,2,43,"mixta",76.540979418726,2,42,"mixta",85.99979105942,2,42,"mixta",2,"Regular",3,"Irregular",5,"Irregular"
"4",66,365937,4749769,91,60,75,"05/27/03 00:00:00",70,"2019-09-23T22:00:00Z",4,8,9,0,0,1,65.2,76.96026,103.698374955923,7.96095444685466,9.64705882352941,10.3770368530768,161.053527476212,122.329440201061,97.9715194685281,0.684341143963379,0.875513082688524,1.21633660954124,0.0355241957023269,0.0782314828060707,0.091284155843162,51.0236379808384,2,42,"mixta",45.5445378033483,3,71,"mixta",39.0974746627207,3,43,"mixta",4,"Irregular",4,"Irregular",7,"Irregular"
"5",69,349879,4748713,91,25,70,"2004-09-03 00:00",60,"2019-08-20T22:00:00Z",2,10,18,0,0,0,63.66,569.4212,640.157089598296,5.75,7.28294212105226,10.9687951750498,225.661783532758,59.5710840746275,37.3041347792442,0,0,0.664656023518525,0.0250445924147124,0.351834178438751,0.20456639337307,100,1,21,"pura",100,1,21,"pura",59.7564715014866,2,21,"mixta",1,"Regular",5,"Irregular",6,"Irregular"
"6",72,357892,4748794,91,50,75,"2004-10-03 00:00",80,"2019-07-01T22:00:00Z",24,32,41,0,1,1,1223.71,958.4668,919.562670141199,9.63661977236758,10.8536776513153,15.4836621954446,30.7110878298429,30.8101435634261,22.0493008892539,0,0,0,0.482882909239418,0.523957842206048,0.686530440357687,100,1,21,"pura",100,1,21,"pura",100,1,21,"pura",4,"Irregular",5,"Irregular",5,"Irregular"
"7",90,372951,4747849,91,90,85,"03/25/03 00:00:00",95,"2019-08-04T22:00:00Z",11,21,32,0,0,0,1305.06,1336.902,905.415552139027,6.47746482927569,10.9549296585514,17.2668545732841,44.2424200919672,25.8463843552432,19.9260846913995,0.668856478524791,0.664528438654915,1.05394979379536,0.205480391759429,0.36947236053089,0.517333986147115,65.5481434750307,2,43,"mixta",64.0763198155695,2,43,"mixta",46.6854631316699,3,42,"mixta",2,"Regular",3,"Irregular",5,"Irregular"
"8",94,358890,4746728,91,65,80,"05/21/03 00:00:00",85,"2019-08-27T22:00:00Z",14,46,59,0,0,0,1591.54,1846.194,1648.13924725307,5.6591549430919,8.5,12.9814083911953,45.8562793421287,28.3466397760596,19.6444744469513,0,0,0,0.305824009897119,0.713582620748198,0.953235819203186,100,1,21,"pura",100,1,21,"pura",100,1,21,"pura",2,"Regular",3,"Irregular",3,"Irregular"
"9",109,363930,4745778,91,65,60,"04/30/03 00:00:00",65,"2019-09-17T22:00:00Z",22,29,33,0,0,0,1177.74,1365.1962,1266.16706119442,7.20422528454052,9.25242564407927,11.3061031046597,41.8742633640329,30.2834980494557,25.7336109478776,0,0,0,0.596989876539679,0.778040997868454,0.908541475589881,100,1,43,"pura",100,1,43,"pura",100,1,43,"pura",3,"Irregular",4,"Irregular",5,"Irregular"
"10",111,348850,4744750,91,85,85,"2004-08-03 00:00",70,"2019-06-18T22:00:00Z",62,58,39,0,0,0,1372.25,962.0035,515.520979999158,14.7974959855279,17.0707355302631,19.614394988447,18.8866237053198,19.5532349171074,23.2466881261445,0,0,0,0.997145335437823,0.900443681270541,0.689573072714869,100,1,21,"pura",100,1,21,"pura",100,1,21,"pura",4,"Irregular",6,"Irregular",5,"Irregular"
"11",113,363902,4743810,91,55,70,"2004-11-03 00:00",80,"2019-07-15T22:00:00Z",6,16,22,0,0,0,215.3,653.87952,487.651157534879,7.62085159520641,9.47615031763029,12.9649987963677,92.5835136535845,42.7246358023857,36.160303557544,0,0,0,0.314809757495697,0.782800650200241,0.654039546360822,100,1,43,"pura",100,1,43,"pura",100,1,43,"pura",5,"Irregular",7,"Irregular",6,"Irregular"
"12",123,381873,4757828,91,90,90,"04/28/03 00:00:00",100,"2019-07-03T22:00:00Z",43,43,52,0,0,0,1361.21,784.74022,903.010542078657,11.817702729841,16.4320938909475,20.2869862812871,23.7445285695934,22.4907177000842,16.9822500949386,0.360739082636114,0.223070705264478,0.293577328248608,1.23397518373663,0.882885580922495,1.10125533501856,95.4755954950231,1,42,"pura",96.5175495191088,1,42,"pura",95.0767932208101,1,42,"pura",7,"Irregular",7,"Irregular",9,"Irregular"
"13",125,378901,4756814,91,60,65,"2005-05-03 00:00",85,"2019-07-08T22:00:00Z",9,22,25,0,0,0,954.92,891.268,951.393685646087,6.81830988618379,10.1140846016433,12.3447883827224,49.135903684073,34.2869172344589,27.1891353216382,0,0,0,0.277942196200226,0.417675200027518,0.605377317755735,100,1,43,"pura",100,1,43,"pura",100,1,43,"pura",2,"Regular",3,"Irregular",4,"Irregular"
"14",131,385851,4755778,91,70,75,"05/14/03 00:00:00",80,"2019-05-12T22:00:00Z",14,19,28,0,0,2,179.06,258.04332,575.929173868434,11.5537590029999,12.6370265307906,14.7890005837574,66.9632592525459,50.9997409813422,29.169958606521,0.677711574386536,0.677677923729731,1.25484800021081,0.233470298750693,0.272642423277856,0.578355017469208,72.6645804729539,2,42,"mixta",72.671874467861,2,42,"mixta",79.6063803595748,2,42,"mixta",9,"Irregular",8,"Irregular",9,"Irregular"
"15",133,377862,4754828,91,90,90,"2004-10-03 00:00",95,"2019-06-25T22:00:00Z",44,52,60,0,2,7,2051.3,1842.6612,1648.13924725307,9.95179964046125,13.5176838825658,17.2970892810718,22.9690463604022,17.8416142965901,14.7431132072225,0.641945688275869,0.664082918317941,0.579335449124711,0.937824036712333,1.00352719912174,1.13093219129526,61.210658941736,2,42,"mixta",62.4784840176154,2,42,"mixta",73.2172253511615,2,42,"mixta",4,"Irregular",5,"Irregular",6,"Irregular"
"16",151,376861,4751808,91,90,90,"03/26/03 00:00:00",95,"2019-09-05T22:00:00Z",48,53,61,0,0,3,3098.18,2353.50746,2042.27795479359,10.3280124625009,12.4667543007764,14.7074378492605,18.0089794201506,17.1178015879657,15.5763153678323,0,0,0,1.56358326002246,1.43253683120207,1.4560354311859,100,1,43,"pura",100,1,43,"pura",100,1,43,"pura",6,"Irregular",6,"Irregular",7,"Irregular"
"17",154,380891,4751806,91,60,40,"05/21/03 00:00:00",50,"2019-03-20T23:00:00Z",2,10,23,0,0,0,254.64,1082.252,1269.70384069496,4.5,7.1591549430919,10.4552738279134,144.172806145929,43.9575235852558,27.7889763930328,0,0,0,0.0467684478886939,0.32016247343626,0.669351127079549,100,1,43,"pura",100,1,43,"pura",100,1,43,"pura",1,"Regular",2,"Regular",4,"Irregular"
"18",160,377887,4750782,91,90,85,"03/24/03 00:00:00",90,"2019-08-13T22:00:00Z",26,29,27,0,0,1,859.39,788.7016,429.082089005886,11.8536776513153,16.5658842421045,19.732900433406,29.7927722952297,22.2529808859927,25.3278345397192,0,0.169082560538792,0.657847016684568,0.675160827387909,0.76120744667255,0.547887121155462,100,1,42,"pura",98.0996367029614,1,42,"pura",87.9684938005382,1,42,"indefinida",6,"Irregular",7,"Irregular",7,"Irregular"
"19",162,396931,4750791,91,90,85,"2004-08-03 00:00",80,"2019-06-13T22:00:00Z",20,34,43,0,1,4,894.76,845.2899,859.437418631967,11.0658842421045,12.7316117434234,14.5151174213525,31.2766172096799,27.9687432438554,24.3294054245199,0.140282036377311,0.598479592512661,1.15226693771139,0.722515158776355,0.824115287206111,0.784849166350212,88.2225744842016,2,43,"mixta",75.7785499332756,2,43,"mixta",51.4153744583828,2,43,"mixta",6,"Irregular",7,"Irregular",7,"Irregular"
"20",168,398912,4749759,91,90,90,"2004-01-03 00:00",90,"2019-04-08T22:00:00Z",34,39,41,0,1,2,595.26,544.5225,424.55501124519,20.5812396982591,22.4058215457903,24.9289413928328,20.6174190202055,19.801148946036,20.1552577237283,0,0,0,0.819596214788138,0.93098941364512,0.866273879215322,100,1,42,"pura",100,1,42,"pura",100,1,42,"pura",7,"Irregular",8,"Irregular",9,"Irregular"
"21",172,375895,4747785,91,85,90,"04/22/03 00:00:00",95,"2019-07-30T22:00:00Z",34,43,23,0,3,0,2323.65,1969.9832,608.326074093409,11.6140846016433,15,16.4926446508049,18.4922108364548,15.5502243014682,25.4507544287999,0,0,0,0.960412627719807,1.03336977119799,0.517460772530064,100,1,43,"pura",100,1,43,"pura",100,1,43,"pura",3,"Irregular",4,"Irregular",4,"Irregular"
"22",173,376880,4747795,91,90,90,"04/22/03 00:00:00",95,"2019-09-05T22:00:00Z",1,5,14,0,0,0,14.14,236.9641,1260.64968517358,12,8.48231611743424,9.20343189718733,229.431596594998,79.2872667430336,31.6819690426648,0,0.226145255943991,0.0789767112990021,0.0146384945324105,0.105296852004466,0.504209292230758,100,1,42,"pura",70.0289131444112,2,43,"mixta",84.0820429591182,2,43,"mixta",1,"Regular",3,"Irregular",5,"Irregular"
"23",174,379899,4747817,91,50,75,"05/21/03 00:00:00",80,"2019-03-18T23:00:00Z",7,9,17,0,0,0,80.91,240.07652,658.972756541186,6.8951048951049,7.63379035115706,8.5528712788526,166.923391526302,87.5274157095927,47.1534541837743,0,0,0,0.199795714502969,0.526749041231745,1.2390274823698,100,1,43,"pura",100,1,43,"pura",100,1,43,"pura",3,"Irregular",6,"Irregular",8,"Irregular"
"24",175,381914,4747807,91,20,45,"2006-11-03 00:00",45,"2019-03-18T23:00:00Z",1,1,2,0,0,0,14.14,14.1471,28.2942360043446,4,5,6.09999990463257,688.294789784993,550.497640783691,319.065879708511,0,0,0,0.0146560946647233,0.0181369831258444,0.0355239921203531,100,1,43,"pura",100,1,43,"pura",100,1,43,"pura",1,"Regular",1,"Regular",2,"Regular"
"25",181,398898,4746779,91,80,80,"2004-03-03 00:00",80,"2019-04-03T22:00:00Z",16,18,24,0,0,1,314.76,343.0675,431.487099066254,11.1657275013189,12.6366197723676,14.1920812986921,52.2615619101883,44.2321929280871,35.1179519364259,0,0,0,0.325971069896758,0.411582528950217,0.53055810824607,100,1,43,"pura",100,1,43,"pura",100,1,43,"pura",4,"Irregular",5,"Irregular",6,"Irregular"
"26",184,377874,4745777,91,70,60,"06/13/03 00:00:00",85,"2019-06-02T22:00:00Z",4,12,19,0,0,0,413.8,859.437,1464.22671322484,5.63661977236758,10.0464790894703,11.9236623077603,90.2911522314224,35.1510473860461,22.6905669524342,0,0,0,0.131593654598812,0.338298618148171,0.652560572251551,100,1,43,"pura",100,1,43,"pura",100,1,43,"pura",2,"Regular",3,"Irregular",3,"Irregular"
"27",190,381869,4743777,91,70,75,"2006-06-03 00:00",75,"2019-03-17T23:00:00Z",20,28,36,0,0,7,1938.13,2256.4642,1556.18298023895,6.54507034144863,7.40187801085407,7.52600951458503,35.9296848387038,29.4444218369902,34.8709745173963,0,0,0,0.853528939839778,1.18944641369759,0.933467962911407,100,1,43,"pura",100,1,44,"pura",100,1,44,"pura",5,"Irregular",5,"Irregular",5,"Irregular"
"28",193,345924,4743793,91,90,90,"2006-11-03 00:00",90,"2019-09-11T22:00:00Z",61,46,57,2,1,1,2685.94,1333.3653,1224.85747662808,11.7372646232609,12.7025040144721,16.1215861404678,17.0193954189638,22.320055128985,18.3488407422331,0.955336067382699,0.722148310186487,0.614813479937973,1.59505677802768,1.04588277133859,1.29297905652767,69.3117466952749,2,43,"mixta",73.0543583842236,2,43,"mixta",74.4920083261797,2,43,"mixta",5,"Irregular",5,"Irregular",7,"Irregular"
"29",194,346920,4743814,91,90,100,"2006-11-03 00:00",100,"2019-08-25T22:00:00Z",28,29,31,0,0,0,620.3,580.59744,441.814495207841,17.1083255602624,17.8310422816311,19.4063887249334,24.2968952613605,24.0959964207723,25.3801667786591,0.871833677006503,0.873370432343614,0.844414474263258,0.532498652422675,0.544608096753806,0.459482576468056,57.1921771469686,3,42,"mixta",49.6939467130124,3,42,"mixta",65.5199684371509,3,42,"mixta",10,"Irregular",10,"Irregular",12,"Irregular"
"30",200,345856,4735793,91,90,90,"04/24/03 00:00:00",70,"2019-07-07T22:00:00Z",28,46,30,0,0,0,986.75,986.7612,442.097437567884,9.79577471545948,13.3488263631568,16.9379967847211,33.644712535372,24.6893730582793,29.0695382387894,0,0,0,0.447045635506571,0.704908738630175,0.467400562537721,100,1,21,"pura",100,1,21,"pura",100,1,21,"pura",3,"Irregular",4,"Irregular",4,"Irregular"
"31",203,346995,4734838,91,95,80,"04/23/03 00:00:00",80,"2019-07-03T22:00:00Z",60,46,43,0,0,1,1994.72,969.0774,611.862853593951,15.0707355302631,16.9147106052613,19.4639436263097,15.3809711798178,19.6614423217314,21.5031109688093,0,0,0,1.01643694087798,0.719420389067163,0.622385701332623,100,1,21,"pura",100,1,21,"pura",100,1,21,"pura",4,"Irregular",4,"Irregular",4,"Irregular"
"32",205,345868,4733795,91,95,80,"03/17/03 00:00:00",75,"2019-07-03T22:00:00Z",45,45,40,0,0,0,1510.18,1061.0331,778.091490119476,10.5852893947387,14.8585289394739,18.4600628508126,25.1676163528557,21.3903995829662,20.1053051964811,0,0.134742191112784,0,0.637296714739712,0.710317238708251,0.686986658752653,100,1,21,"pura",97.1995021712448,1,21,"pura",100,1,21,"pura",4,"Irregular",4,"Irregular",4,"Irregular"
"33",211,346963,4729817,91,60,70,"03/20/03 00:00:00",70,"2019-04-11T22:00:00Z",16,24,22,0,0,0,367.81,357.2145,265.965818440839,9.57073553026307,12.8633802276324,16.7512539588384,56.4029860003029,42.5833212964006,37.8964861151071,0,0,0,0.233211841186113,0.371832802050515,0.403432247322661,100,1,21,"pura",100,1,21,"pura",100,1,21,"pura",3,"Irregular",4,"Irregular",5,"Irregular"
"34",213,345887,4728809,91,60,60,"2004-08-03 00:00",55,"2019-05-08T22:00:00Z",23,30,20,0,1,0,1442.97,788.7015,353.677950054307,9.60125200723605,12.7413143197405,16.1565884818786,28.3858993294404,28.9326767645981,34.0726194238088,1.04550218929785,1.07784784079557,0.837528888073341,0.593125538485827,0.503082175019836,0.376399979884183,53.7003060349366,2,21,"mixta",60.2906493727293,3,21,"mixta",65.1259484111305,2,21,"mixta",4,"Irregular",6,"Irregular",6,"Irregular"
"35",215,347873,4728789,91,90,80,"2004-08-03 00:00",75,"2019-04-03T22:00:00Z",26,32,15,0,0,0,1407.6,682.5981,203.152614511194,9.49029742368291,13.7025040144721,16.7355719684947,29.0763391392196,28.9185626060003,43.4017669269885,0.993159777190697,0.766397947469434,0.700433059072132,0.688511268839096,0.568481805367729,0.25979916323616,49.2520072432481,3,21,"mixta",61.2763950479509,2,21,"mixta",71.8391532731121,2,21,"mixta",5,"Irregular",5,"Irregular",5,"Irregular"
"36",217,346936,4727784,91,80,75,"2004-04-03 00:00",75,"2019-04-03T22:00:00Z",24,21,28,0,0,0,760.38,848.8267,519.482173039766,9.43411575789549,10.4854461355244,13.1637822116712,39.7962943753171,33.889311721546,34.5058845847552,1.09334428701637,0.941755455071807,1.17323481570559,0.369906924439446,0.463626457566306,0.487624295422854,60.0042965798661,3,26,"mixta",47.9938785612794,3,21,"mixta",44.5531387312843,3,21,"mixta",3,"Irregular",6,"Irregular",6,"Irregular"
"37",219,344871,4726777,91,70,75,"2004-09-03 00:00",75,"2019-05-20T22:00:00Z",29,28,27,0,0,0,1687.04,802.8486,417.339981064083,7.95492965855137,11.6511736368432,14.1800313788419,31.6854693356419,31.3597561035846,35.7385551092652,0,0,0,0.540636240345676,0.43664833260412,0.365291431403919,100,1,21,"pura",100,1,21,"pura",100,1,21,"pura",3,"Irregular",3,"Irregular",3,"Irregular"
"38",227,373885,4739823,91,40,50,"03/27/03 00:00:00",70,"2019-06-04T22:00:00Z",1,1,5,0,0,0,14.14,5.09296,78.9409184521214,12,13.5,12.9532259356591,229.431596594998,339.813225064079,89.9560029265551,0,0,0,0.0367292314665576,0.0162242741632887,0.172175560961902,100,1,43,"pura",100,1,43,"pura",100,1,43,"pura",1,"Regular",1,"Regular",3,"Irregular"
"39",229,361861,4737796,91,70,75,"03/14/03 00:00:00",85,"2019-09-05T22:00:00Z",5,6,18,0,0,0,70.73,120.2505,1457.15315422375,8.1,7.94209706414415,9.58031307937448,151.975062341138,118.872266195083,28.3091530211704,0,0,0,0.0890892234929598,0.127121039204803,0.969122577021252,100,1,43,"pura",100,1,43,"pura",100,1,43,"pura",2,"Regular",3,"Irregular",4,"Irregular"
"40",234,357904,4735777,91,80,80,"2003-12-03 00:00",90,"2019-07-14T22:00:00Z",6,13,34,0,0,0,763.94,682.5981,1793.14720677534,6,8.10923331348472,11.8092957253026,62.4278391300961,48.8648809182186,20.7027104402663,0,0,0,0.205588282975277,0.305915020415955,0.961917835499157,100,1,43,"pura",100,1,43,"pura",100,1,43,"pura",1,"Regular",3,"Irregular",5,"Irregular"
"41",236,359901,4735801,91,80,80,"03/14/03 00:00:00",80,"2019-07-14T22:00:00Z",12,13,31,0,0,0,650.75,682.5981,1078.71774766564,8.64147106052613,9.68967142006488,11.7135834216609,46.963927599424,40.8947530853248,26.910111129525,0,0,0,0.376311880088712,0.447545033937366,0.789853738250362,100,1,43,"pura",100,1,43,"pura",100,1,43,"pura",4,"Irregular",4,"Irregular",5,"Irregular"
"42",241,352865,4734813,91,70,70,"03/28/03 00:00:00",70,"2019-07-18T22:00:00Z",26,32,36,0,0,1,640.14,636.62,476.616405493185,10.3536776513153,15.0097025763171,18.525951738091,39.5209208947664,27.3367544891689,25.5972998753398,0,0,0,0.452217834595121,0.564488552882603,0.592410188376438,100,1,21,"pura",100,1,21,"pura",100,1,21,"pura",4,"Irregular",5,"Irregular",6,"Irregular"
"43",242,353876,4734814,91,80,70,"03/28/03 00:00:00",65,"2019-07-18T22:00:00Z",21,28,28,0,0,0,650.75,484.5382,431.487099066254,9.73959304967206,13.7122065907892,16.6873864582023,41.6688273492836,34.2995023967355,29.8666798526944,0,0,0,0.36975559989912,0.408163066410665,0.456138392366672,100,1,21,"pura",100,1,21,"pura",100,1,21,"pura",3,"Irregular",4,"Irregular",4,"Irregular"
"44",250,352892,4733753,91,70,70,"03/31/03 00:00:00",90,"2019-06-17T22:00:00Z",16,24,25,0,0,0,682.58,534.0532,371.361847557023,8.30062600361802,11.8488263631568,14.3215023044506,47.7388059371963,37.8086858158748,37.5121502315706,0,0,0,0.288954064464417,0.381715059742266,0.374583046069912,100,1,21,"pura",100,1,21,"pura",100,1,21,"pura",4,"Irregular",4,"Irregular",4,"Irregular"
"45",252,359878,4733793,91,60,65,"04/24/03 00:00:00",70,"2019-06-17T22:00:00Z",14,18,24,0,0,0,1103.46,1075.1804,1170.67401467976,10.1075120434163,10.3037560217081,11.7896090303353,30.8344788980194,30.6424116126988,25.665030560234,0,0,0,0.792563466873946,0.659004893043557,0.799863224875776,100,1,43,"pura",100,1,43,"pura",100,1,43,"pura",3,"Irregular",4,"Irregular",6,"Irregular"
"46",255,369882,4733786,91,85,75,"05/20/03 00:00:00",75,"2019-07-25T22:00:00Z",51,38,32,0,0,0,1418.22,555.2742,425.545309505343,10.6269171960505,13.5145538644756,17.3341971547594,25.8690260840982,32.5090079739126,28.9522648085067,0.68153185119396,0.675989499747711,0.684631440071809,1.0295435439046,0.635566507955894,0.664475576727077,66.3394358164098,2,26,"mixta",64.6741579658932,2,26,"mixta",50.0025898230217,2,26,"mixta",5,"Irregular",5,"Irregular",5,"Irregular"
"47",259,353892,4732804,91,80,90,"04/25/03 00:00:00",75,"2019-07-07T22:00:00Z",37,51,33,0,0,0,1828.48,1775.4625,466.854894071685,8.26040695032794,12.9805948473658,16.1922377463608,29.3097846486771,18.9281788687958,29.5911162640221,0.692156907750035,0.689969260651625,0.670477648797396,0.781422521577107,1.1224336685527,0.517730217200317,54.7002109438985,2,21,"mixta",56.5647198020141,2,21,"mixta",58.0051519474024,2,21,"mixta",4,"Irregular",5,"Irregular",3,"Irregular"
"48",260,369881,4732783,91,80,80,"04/21/03 00:00:00",80,"2019-06-13T22:00:00Z",30,34,32,0,0,1,820.49,779.64726,499.393265476682,10.4292644697369,13.6883569084195,16.3739680624975,34.6552352529309,27.0868672452611,28.2933191496522,0.675638293535592,0.866126025881653,1.01139086378272,0.553026830968886,0.665416161395902,0.555263703207234,64.8781938438361,2,21,"mixta",61.0639014824022,2,21,"mixta",46.3000853139123,3,21,"mixta",5,"Irregular",8,"Irregular",8,"Irregular"
"49",267,354892,4730794,91,90,70,"2004-02-03 00:00",80,"2019-07-16T22:00:00Z",32,24,28,0,0,0,1252,445.6337,449.17099656897,9.69937399638198,13.2780908328937,17.2478559901887,30.1656930895458,36.934696095376,28.3216275950894,0.444477980209007,0.257318763880987,0.393655849559998,0.593980019414422,0.378253908163046,0.497650633399971,92.92775185065,1,21,"pura",97.1692266503346,1,21,"pura",92.2898576570335,1,21,"pura",4,"Irregular",4,"Irregular",4,"Irregular"
"50",277,370905,4729765,91,85,90,"03/25/03 00:00:00",90,"2019-06-10T22:00:00Z",15,43,26,0,0,0,1145.9,1549.1087,622.473192095582,5.54507034144863,10.7073553026306,14.2126134301626,55.1542214717571,24.5660888069055,29.1961044092543,0.693147180559945,0.975860827327977,1.0765572039242,0.306659860665236,0.782441294443348,0.463621001911593,53.4864921340081,2,21,"mixta",59.5440793952003,2,21,"mixta",58.4000926822149,2,21,"mixta",2,"Regular",4,"Irregular",5,"Irregular"
"51",280,356902,4728782,91,90,75,"03/27/03 00:00:00",80,"2019-07-02T22:00:00Z",28,27,32,0,0,0,1177.73,647.23,452.707776069513,7.95492965855137,11.8585289394739,15.8170579905828,37.9227624351214,34.3161881831939,30.7627031043355,0.66326570603587,0,0,0.452321302216407,0.449843955789187,0.477895034913555,75.7862327144118,2,21,"mixta",100,1,21,"pura",100,1,21,"pura",3,"Irregular",2,"Regular",3,"Irregular"
"52",281,357857,4728757,91,60,70,"2005-12-03 00:00",70,"2019-07-08T22:00:00Z",32,30,30,0,0,0,1782.53,760.407,459.781335070599,7,11.3391237868397,14.4019408157828,35.0302078531602,33.1098054302526,33.5245137750562,0.562333603808796,0,0,0.621475382007869,0.497467016666915,0.462838653973897,79.582860849647,2,21,"mixta",100,1,21,"pura",100,1,21,"pura",3,"Irregular",3,"Irregular",4,"Irregular"
"53",283,355888,4727755,91,90,75,"03/24/03 00:00:00",65,"2019-07-21T22:00:00Z",47,28,23,0,0,1,1754.22,608.3255,346.604391053221,14,18.2683882565766,21.6228795866388,17.6558696311105,22.97687355111,25.7174922780284,0,0,0,0.850983776110233,0.453063128603933,0.365873634060922,100,1,21,"pura",100,1,21,"pura",100,1,21,"pura",4,"Irregular",4,"Irregular",5,"Irregular"
"54",290,367892,4727794,91,65,70,"2006-05-03 00:00",65,"2019-03-26T23:00:00Z",9,10,15,0,0,0,763.94,491.6121,597.715735591779,6.40985931710274,8.26040695032794,8.43953056920155,58.4360773381031,56.525765552547,50.1757118813327,0,0,0,0.327023687912138,0.302635592596938,0.419254730699216,100,1,43,"pura",100,1,43,"pura",100,1,43,"pura",3,"Irregular",4,"Irregular",5,"Irregular"
"55",293,356886,4726774,91,70,90,"03/25/03 00:00:00",90,"2019-07-22T22:00:00Z",15,28,43,0,0,0,859.41,916.0255,1064.57062966347,6.29577471545948,9.8408450569081,14.7893270832502,56.0931459277837,34.7594585179882,21.4547532452022,1.01326188414422,0.975330699972335,0.864361348644808,0.301967931142152,0.5415437431799,0.941457885757868,51.2948203683742,3,25,"mixta",60.5368619716281,2,25,"mixta",74.7306625971854,2,25,"mixta",2,"Regular",4,"Irregular",6,"Irregular"
"56",295,358886,4726778,91,85,70,"2006-12-03 00:00",70,"2019-08-29T22:00:00Z",45,37,23,0,0,0,1386.39,611.8629,325.383714049963,11.9147106052613,15.7926446973694,20.1333023024188,23.33635223082,26.5019147733523,28.5066548573875,0,0,0,0.759497030812792,0.533988735986262,0.396693763985824,100,1,21,"pura",100,1,21,"pura",100,1,21,"pura",4,"Irregular",4,"Irregular",4,"Irregular"
"57",297,361863,4726789,91,65,70,"2005-06-03 00:00",70,"2019-07-22T22:00:00Z",16,34,45,0,0,0,986.76,887.7311,831.143182627622,6.8408450569081,12.1366197723676,17.7341155346253,48.1774329963889,28.6299582393256,20.2493795673953,0,0.154544784362316,0.162496445924744,0.367669537411166,0.663252308433291,0.910823147602901,100,1,25,"pura",97.8880523573785,1,25,"pura",98.5210719537643,1,25,"pura",2,"Regular",4,"Irregular",5,"Irregular"
"58",298,362873,4726785,91,65,70,"2005-06-03 00:00",55,"2019-10-02T22:00:00Z",17,27,19,0,0,0,523.42,594.1792,268.795242041273,8.73474176151351,14.0561816657874,16.9102660215588,51.8064640979515,30.2157302242562,37.3420322719106,0,0,0,0.252979981364534,0.429994130838422,0.286809673622964,100,1,21,"pura",100,1,21,"pura",100,1,21,"pura",3,"Irregular",4,"Irregular",3,"Irregular"
"59",301,355872,4725777,91,90,90,"03/24/03 00:00:00",70,"2019-08-18T22:00:00Z",31,44,33,0,0,0,1464.21,1556.1822,555.274381585262,7.8408450569081,11.8408450569081,14.9926447764691,34.5060003185147,22.1639038878048,29.3040136718652,0.595401252137199,0.557286134917413,0.356127535620301,0.451828055140202,0.704463396542468,0.484743595268552,86.6867859619193,2,21,"mixta",85.5980613778847,2,21,"mixta",91.9739638659021,1,21,"pura",3,"Irregular",4,"Irregular",5,"Irregular"
"60",303,357880,4725784,91,70,60,"05/22/03 00:00:00",55,"2019-07-21T22:00:00Z",18,24,21,0,0,0,615.37,587.1051,332.032859510984,9.02566518881444,11.9244131815784,15.9312000881877,46.2393583590504,35.8314378278493,35.6631871906138,0.368268454776222,0.193159078454457,0.0792961029117335,0.349422223032096,0.469418811289769,0.475382686158949,66.6889947775419,2,25,"mixta",88.5317478261696,2,25,"mixta",95.4287115069519,1,25,"pura",5,"Irregular",5,"Irregular",6,"Irregular"
"61",308,363877,4725797,91,90,90,"2005-07-03 00:00",80,"2019-07-24T22:00:00Z",19,28,18,0,0,0,1628.46,1479.92936,422.432943544865,9.32709874669496,12.1778467778399,14.9721114463162,27.5057857430752,22.0987739558465,33.6431953437488,0.621278090574115,0.555378307648818,0.690020615678999,1.86149389119774,1.81544049791629,0.736615027177643,71.3481758931379,2,43,"mixta",66.1762203706757,2,43,"mixta",56.3156499008195,2,43,"mixta",4,"Irregular",5,"Irregular",5,"Irregular"
"62",309,365914,4725803,91,60,75,"05/30/03 00:00:00",70,"2019-07-24T22:00:00Z",4,8,16,0,0,1,205.12,427.9501,1092.86486566781,7.29577471545948,9.52081390065589,11.0606262157605,99.0794892514743,52.5640156297526,28.3136741793085,0,0,0,0.135212561067522,0.262190240926812,0.669364901489601,100,1,43,"pura",100,1,43,"pura",100,1,43,"pura",3,"Irregular",4,"Irregular",5,"Irregular"
"63",310,369891,4725818,91,50,60,"03/13/03 00:00:00",60,"2019-03-10T23:00:00Z",12,17,22,0,1,0,337.53,620.49226,611.438440053887,10.260813708751,11.4344163547751,15.5969266999759,54.9188185228838,36.3477047793866,26.8437866039211,0,0,0,0.319910885477436,0.618532684966007,0.757114989578333,100,1,43,"pura",100,1,43,"pura",100,1,43,"pura",4,"Irregular",6,"Irregular",7,"Irregular"
"64",312,371910,4725776,91,60,60,"03/13/03 00:00:00",60,"2019-03-10T23:00:00Z",24,24,18,0,0,0,937.22,640.1568,343.067611552678,10.0159626124973,12.9757435592073,13.7467290298586,33.7633638944297,31.53433976735,40.6602408210835,0.424328806107069,0.578419164522849,0.609988266940672,0.419720936725504,0.413403419464042,0.292784418212067,83.5488283544386,2,21,"mixta",70.4812103412794,2,21,"mixta",66.0393000324512,2,21,"mixta",4,"Irregular",4,"Irregular",5,"Irregular"
"65",314,379922,4741791,91,55,65,"06/16/03 00:00:00",70,"2019-06-19T22:00:00Z",1,2,4,0,0,0,127.32,254.648,509.296248078203,3,4,4.19999980926514,305.836706665439,162.191859151284,109.225657843236,0,0,0,0.0283018863369793,0.0736682848440318,0.151515444744974,100,1,44,"pura",100,1,44,"pura",100,1,44,"pura",1,"Regular",1,"Regular",1,"Regular"
"66",317,395892,4739813,91,80,90,"03/13/03 00:00:00",80,"2019-03-13T23:00:00Z",34,43,38,0,0,0,1506.66,1170.6736,616.955816074733,6.80062600361802,11.8536776513153,15.4923202826987,39.2195545923677,25.5263166881997,26.9039272483402,0,0,0,0.762059259697963,1.05809942481764,0.790434651315263,100,1,25,"pura",100,1,25,"pura",100,1,25,"pura",4,"Irregular",6,"Irregular",6,"Irregular"
"67",323,392897,4737784,91,80,80,"03/14/03 00:00:00",70,"2019-04-11T22:00:00Z",49,30,29,0,0,0,1304.01,350.70692,274.454089242143,16.7841564337378,16.4810016057888,19.7901334403706,17.0812322824112,33.5431163631302,31.5773443119343,0.937157712057225,0.690538021049565,0.815830440512787,1.4110482868391,0.693245629334202,0.537449771937751,75.0362080274967,2,26,"mixta",79.6278861257458,2,26,"mixta",64.1727691493477,2,26,"mixta",12,"Irregular",11,"Irregular",10,"Irregular"
"68",324,393919,4737785,91,85,85,"03/14/03 00:00:00",75,"2019-04-21T22:00:00Z",43,34,33,0,0,0,1241.36,551.31292,428.940617825864,10.5048512881585,14.0149546603151,16.3067918358021,27.9717988095684,31.4607010456558,30.6543466593547,1.05614100289547,0.843401827073425,1.05808159278437,0.763568937524638,0.586725020513133,0.541849096435595,62.2487957406611,2,26,"mixta",56.4897801930408,2,26,"mixta",52.3043927091134,2,26,"mixta",6,"Irregular",8,"Irregular",9,"Irregular"
"69",328,391892,4735793,91,95,90,"06/19/03 00:00:00",90,"2019-06-24T22:00:00Z",19,31,39,0,1,4,1750.67,2482.814,1543.59204521702,8.45492965855137,10.8859153983567,13.3062235551171,29.2648993314646,19.0863169067272,19.8033241636534,1.17680627818209,1.04049180711412,0.885798781406779,0.435117921747453,0.830401330035918,0.793916958954896,40.3895839742782,3,42,"mixta",45.9541361633808,2,43,"mixta",60.5829839992239,2,42,"mixta",2,"Regular",3,"Irregular",6,"Irregular"
"70",329,393907,4735792,91,60,70,"03/17/03 00:00:00",70,"2019-04-11T22:00:00Z",1,3,7,0,0,0,127.32,381.972,795.775387622192,4,4.5,6.44112684116708,229.377529999079,117.714754178964,56.977327529272,0,0,0,0.0263996565300599,0.112274618956522,0.264108480081239,100,1,44,"pura",100,1,44,"pura",100,1,44,"pura",1,"Regular",1,"Regular",2,"Regular"
"71",331,377904,4734780,91,75,70,"2004-02-03 00:00",95,"2019-06-06T22:00:00Z",16,28,41,0,0,0,569.4,484.5388,802.848946623278,7.48231611743423,11.868231515791,17.8201253386616,57.9848307876858,39.6286145077128,20.5036652522737,0,0,0.624725992408103,0.334196325653109,0.506735792116631,0.815648435074692,100,1,25,"pura",100,1,25,"pura",93.6900034252186,1,25,"pura",4,"Irregular",5,"Irregular",6,"Irregular"
"72",338,385903,4733807,91,40,50,"03/17/03 00:00:00",50,"2019-03-24T23:00:00Z",2,11,24,0,0,0,254.64,636.62,657.840987101012,3.5,7.02253517072431,9.8844756368921,185.365036473337,58.4285509875069,40.8361770765111,0,0,0,0.0558357156610697,0.272426591457288,0.463084350163482,100,1,25,"pura",100,1,25,"pura",100,1,25,"pura",1,"Regular",3,"Irregular",4,"Irregular"
"73",345,399933,4732794,91,70,85,"03/21/03 00:00:00",90,"2019-04-04T22:00:00Z",5,33,51,0,0,1,636.62,1188.3574,1280.31417919659,5,9.21220659078919,14.2521440005582,82.0633108568452,32.600328168907,20.3011527433165,0,0,0,0.152695827319808,0.689451783360505,1.08240071256369,100,1,25,"pura",100,1,25,"pura",100,1,25,"pura",1,"Regular",4,"Irregular",6,"Irregular"
"74",352,395886,4729801,91,65,85,"03/18/03 00:00:00",55,"2019-05-28T22:00:00Z",3,11,17,0,0,0,68.75,609.88196,450.72717954921,8.55555555555556,10.2796057424588,17.8531931307834,145.940090470467,40.7811835907689,27.3140689446431,0.263956795124353,0.692185841086317,0.649349014894485,0.0577636707248001,0.520186417703289,0.424061256250454,68.147014287664,2,43,"mixta",56.7314371723806,2,43,"mixta",75.7357605719959,2,21,"mixta",2,"Regular",4,"Irregular",6,"Irregular"
"75",354,397911,4729768,91,75,75,"03/20/03 00:00:00",85,"2019-05-29T22:00:00Z",34,31,42,0,0,3,2132.65,703.8187,657.840987101011,8.43239448782706,12.5852893947387,17.0474494857206,26.5857225991283,31.0074156445295,23.6776884280953,0.492008628585262,0.59427739142892,0.540701581767019,0.869886491116131,0.547956064045601,0.740205423656577,73.9218791965178,2,25,"mixta",71.2448286235453,2,25,"mixta",80.6280869822092,2,25,"mixta",3,"Irregular",4,"Irregular",4,"Irregular"
"76",363,389904,4726785,91,85,80,"06/18/03 00:00:00",99,"2019-05-05T22:00:00Z",44,37,51,0,0,0,1782.52,983.2241,933.709788143371,7,13.1269171960505,16.8240066353218,35.0303061133725,25.1518639288462,20.138345680741,0.300877451341719,0,0,0.812975275893077,0.769937094121142,0.926675193360095,94.7426332248886,1,25,"pura",100,1,25,"pura",100,1,25,"pura",3,"Irregular",4,"Irregular",5,"Irregular"
"77",365,391912,4726792,91,65,80,"2006-04-03 00:00",80,"2019-04-22T22:00:00Z",17,21,27,0,0,0,452.69,367.8247,327.647252930311,7.63661977236758,9.78779340921081,12.511964962555,63.7173286996761,55.1510695638093,45.7120178924915,0,0,0,0.274490694814101,0.344379667544329,0.520330204527983,100,1,26,"pura",100,1,26,"pura",100,1,26,"pura",3,"Irregular",5,"Irregular",5,"Irregular"
"78",368,376882,4725806,91,75,80,"03/18/03 00:00:00",90,"2019-06-09T22:00:00Z",58,29,32,0,0,0,3614.57,604.7888,452.707776069513,7.06588424210452,9.19765272631355,11.4073552468131,24.3704944147217,45.7699354750051,42.6545372192466,0,0,0,1.41303520600166,0.544079425072461,0.605275352743679,100,1,26,"pura",100,1,26,"pura",100,1,26,"pura",4,"Irregular",3,"Irregular",4,"Irregular"
"79",371,409896,4741812,91,80,90,"05/28/03 00:00:00",80,"2019-05-06T22:00:00Z",6,44,45,0,0,1,763.94,2136.2138,1715.33805776339,4,9.63661977236758,16.2611897505492,93.6417586951441,23.2440658123856,15.3720574499686,0.450554186265836,0.621412321629504,0.621795719118675,0.157989390419901,1.05451107138834,1.01097620124259,84.8487206663944,2,25,"mixta",86.4568391852628,2,25,"mixta",71.66429563643,2,25,"mixta",1,"Regular",4,"Irregular",6,"Irregular"
"80",382,345937,4724840,91,70,90,"2006-02-03 00:00",70,"2019-05-20T22:00:00Z",21,29,37,0,0,0,954.91,1092.8644,1556.18298023895,10.7957747154595,14.2732395447352,17.041063839683,31.0330273554212,21.9408518038673,15.4004050726952,0.853232564730753,0.809292479250662,0.400305594574289,0.416526671358754,0.604901408767202,0.928592867186425,56.1143927384197,2,21,"mixta",39.6940491007735,3,21,"mixta",64.3918818189076,3,43,"mixta",3,"Irregular",5,"Irregular",6,"Irregular"
"81",384,345955,4723788,91,70,70,"2006-02-03 00:00",70,"2019-05-21T22:00:00Z",16,18,23,0,0,0,1177.73,537.5902,396.119304060825,7.15915494309189,11.3183098861838,14.8882000903847,42.1380609900669,39.450446794535,34.9384776274284,0.66326570603587,0.686118926179174,0.661563238157982,0.336052534900711,0.315979152737609,0.391473243572752,59.9587012359429,2,21,"mixta",55.3272020536169,2,21,"mixta",63.8419499144301,2,21,"mixta",2,"Regular",3,"Irregular",4,"Irregular"
"82",386,345918,4722804,91,80,70,"2006-04-03 00:00",70,"2019-04-21T22:00:00Z",2,35,26,0,0,0,159.15,1382.8801,763.944372117305,4.8408450569081,9.04820035953875,13.1463223486847,169.525359662401,30.7683853224041,28.4920720034939,0,0.109562564044969,0.0922160573371918,0.0407743205484968,0.505733951356873,0.484558717450541,100,1,21,"pura",97.8689108971485,1,21,"pura",95.9974561638649,1,21,"pura",2,"Regular",4,"Irregular",5,"Irregular"
"83",398,347903,4719775,91,85,90,"2006-06-03 00:00",80,"2019-05-23T22:00:00Z",20,49,30,0,0,0,1496.05,1584.4765,583.568617589607,6.1591549430919,11.1414710605261,15.2561816099699,43.457525563463,23.3439175362583,28.0910106078858,0.65438955857297,0.690264544287864,0.692247002247875,0.413364091814705,0.804557480464661,0.48392331584878,74.6894084976402,2,21,"mixta",61.7379776411805,2,21,"mixta",63.1225067244334,2,21,"mixta",2,"Regular",4,"Irregular",4,"Irregular"
"84",402,344928,4717802,91,70,85,"04/14/03 00:00:00",95,"2019-05-28T22:00:00Z",9,33,35,0,0,0,954.92,1223.7251,707.355900108614,5.1591549430919,9.13661977236758,13.7063849063804,64.9377313825952,32.3915471645325,28.3999296544986,0,0.691124366039245,0.653418194793702,0.20731916100108,0.558018434086001,0.585779691441635,100,1,21,"pura",63.6796377378025,2,21,"mixta",66.1292226487667,2,21,"mixta",2,"Regular",4,"Irregular",5,"Irregular"
"85",404,344906,4716775,91,75,70,"04/15/03 00:00:00",70,"2019-05-28T22:00:00Z",25,44,31,0,1,0,969.06,1099.9377,456.244555570056,7.32629119243246,10.7732395447352,15.3170579905828,45.3941269766187,28.9753584834164,31.6435335476994,0,0,0,0.559074401298809,0.990155590950264,0.64821655636639,100,1,25,"pura",100,1,25,"pura",100,1,25,"pura",4,"Irregular",5,"Irregular",5,"Irregular"
"86",407,344905,4714759,91,70,70,"04/28/03 00:00:00",70,"2019-03-11T23:00:00Z",23,45,30,0,0,0,1209.56,1114.0856,477.465232573314,6.97746482927569,12.0048512881586,16.3102661797584,42.6626485911224,25.8370611552336,29.0487368828886,0.691761544697554,0.656284722469061,0.688503499833388,0.463159991742291,0.74499447284947,0.535022090323853,60.7023014469,2,21,"mixta",66.5434240545177,2,21,"mixta",53.5926216751158,2,21,"mixta",3,"Irregular",4,"Irregular",5,"Irregular"
"87",411,345899,4710808,91,60,50,"05/21/03 00:00:00",60,"2019-03-17T23:00:00Z",9,9,9,0,0,0,215.72,127.3239,109.21575097677,6.93724577598561,10.4805948473658,13.3383951609883,101.607763264702,87.5423658041147,74.2699207223661,0.693012527818772,0.686961576597323,0.668118198220058,0.153774879084912,0.170368977518002,0.206330226580551,59.5724249917776,2,25,"mixta",62.2620173141805,2,25,"mixta",66.5486816346004,2,25,"mixta",4,"Irregular",4,"Irregular",4,"Irregular"
"88",412,346899,4710829,91,60,70,"2006-02-03 00:00",70,"2019-03-17T23:00:00Z",2,20,32,0,0,0,159.15,792.2382,611.862853593952,4.6591549430919,8.3938967046054,11.9970893601716,176.136232721573,43.8195252486034,34.8864067876878,0.500402423538188,0.279640778720701,0.321255964556256,0.0398015835771911,0.477837012907904,0.585315226045455,66.5361174442799,2,25,"mixta",90.4450739286251,1,25,"pura",91.8780979106815,1,25,"pura",2,"Regular",4,"Irregular",5,"Irregular"
"89",418,356864,4724825,91,40,70,"2006-12-03 00:00",60,"2019-08-18T22:00:00Z",10,44,29,0,0,0,1177.73,1520.8145,534.053704582004,5.31830988618379,10.1816901138162,14.4810015518219,56.7234542712617,26.0736109449408,30.9362815834974,0.522072335200825,0.497161512342517,0.207198284095683,0.276029838350066,0.818508329721366,0.535556684386041,77.1461531929667,2,25,"mixta",85.3157030287586,2,25,"mixta",91.6631847990482,1,25,"pura",2,"Regular",4,"Irregular",5,"Irregular"
"90",424,371876,4724791,91,50,70,"04/25/03 00:00:00",70,"2019-03-12T23:00:00Z",8,12,22,0,0,0,350.13,406.7295,435.023878566798,7.43239448782706,9.76525823848649,12.1517371937201,74.4416110842559,52.5681398045269,40.8473852688522,0,0,0.261764482909016,0.157863053063758,0.29476849150239,0.428555264732721,100,1,25,"pura",100,1,25,"pura",96.3597430490907,1,25,"pura",3,"Irregular",4,"Irregular",4,"Irregular"
"91",431,370880,4723808,91,60,70,"2006-12-03 00:00",70,"2019-03-12T23:00:00Z",12,25,33,0,0,0,364.27,512.8334,519.906586579832,9.58841941282883,11.4292644697369,14.912206669889,56.5718593224845,39.9993325656615,30.4477078899689,0,0,0,0.210616372819848,0.478420990662456,0.610387733154156,100,1,25,"pura",100,1,25,"pura",100,1,25,"pura",3,"Irregular",4,"Irregular",5,"Irregular"
"92",436,355869,4722843,91,40,80,"05/29/03 00:00:00",80,"2019-03-25T23:00:00Z",39,32,32,0,0,0,1492.51,806.3851,541.127263583091,11.0402190532901,13.6414710605261,16.1488264189743,24.2729668530137,26.7255545104395,27.5593204062309,0,0,0,0.677284416046487,0.529936678769583,0.507861060576034,100,1,21,"pura",100,1,21,"pura",100,1,21,"pura",4,"Irregular",4,"Irregular",5,"Irregular"
"93",439,364896,4722817,91,80,80,"2006-11-03 00:00",50,"2019-07-11T22:00:00Z",50,62,27,0,2,0,1552.61,1623.3812,399.231670021302,12.5561816657874,14.061032953946,18.6259507620581,20.9252376040698,18.273919017233,27.8181493764681,0.559937687710085,0.54315970714623,0.278111123842897,0.794631889247004,1.07871949616524,0.463555592301286,95.0164283075127,1,21,"pura",96.1154240308313,1,21,"pura",98.4720954573864,1,21,"pura",6,"Irregular",7,"Irregular",7,"Irregular"
"94",452,360862,4720787,91,70,65,"05/20/03 00:00:00",65,"2019-04-09T22:00:00Z",32,25,24,0,0,0,771,406.73,330.476676530745,10.5,13.2974959855279,17.7298319436924,35.5093473372915,38.6043466632385,32.1206371801284,0.157286715722739,0,0,0.507330647285022,0.375351885334514,0.461802275438684,94.4824012204928,1,21,"pura",100,1,21,"pura",100,1,21,"pura",3,"Irregular",4,"Irregular",5,"Irregular"
"95",453,366901,4720793,91,70,80,"06/17/03 00:00:00",70,"2019-06-27T22:00:00Z",32,33,27,0,0,0,990.27,679.0619,408.285825542692,11.7219091671063,14.561032953946,18.8101070733674,28.0662258201118,27.2842682827149,27.2386612723042,0.383661172274819,0.311128977326059,0,0.637924437395424,0.633780089074606,0.549719562489813,91.6345570501126,1,25,"pura",95.8659293178243,1,25,"pura",100,1,25,"pura",5,"Irregular",5,"Irregular",5,"Irregular"
"96",454,370877,4720814,91,50,60,"2005-12-03 00:00",60,"2019-03-27T23:00:00Z",12,12,13,0,0,0,300.61,282.9424,219.280329033671,8.22676045526484,8.01455386447565,7.89183132800703,72.5819471016876,76.7946224427361,88.5893563924465,0,0,0,0.409381577225582,0.417808953941125,0.342871275630184,100,1,43,"pura",100,1,43,"pura",100,1,43,"pura",5,"Irregular",4,"Irregular",5,"Irregular"
"97",458,362936,4719770,91,80,90,"04/21/03 00:00:00",90,"2019-04-25T22:00:00Z",2,9,24,0,0,3,254.64,1145.92,2100.84702332259,5.5,7,7.48985907191147,117.959568664851,43.6901955402705,30.1570125778726,0,0,0,0.050357034865008,0.248056640265466,0.588157799453408,100,1,43,"pura",100,1,43,"pura",100,1,43,"pura",1,"Regular",1,"Regular",2,"Regular"
"98",461,371894,4719803,91,40,60,"03/24/03 00:00:00",65,"2019-03-27T23:00:00Z",11,12,18,0,0,0,445.62,187.4491,272.332021541816,8,9.44381833421258,12.4091391868929,61.3037235343583,80.0700084139169,50.5554717562903,0,0,0.360668471879643,0.19333694343768,0.16109694017972,0.271093181091941,100,1,21,"pura",100,1,21,"pura",96.964204982249,1,21,"pura",3,"Irregular",3,"Irregular",4,"Irregular"
"99",465,353868,4718832,91,80,70,"06/13/03 00:00:00",75,"2019-04-08T22:00:00Z",37,26,28,0,0,0,1340.39,587.1054,657.840987101011,10.6366197723676,13.3633802276324,15.38585299818,26.5852013429829,31.9731050907733,26.234762379722,0.806676342875208,0.626323213452738,0.692221932740144,0.799910356151703,0.487078312133451,0.628819926197676,75.2738908728332,2,21,"mixta",83.1969586455363,2,21,"mixta",79.28126339316,2,21,"mixta",5,"Irregular",5,"Irregular",6,"Irregular"
"100",472,354883,4717798,91,80,80,"06/16/03 00:00:00",80,"2019-06-12T22:00:00Z",26,26,31,0,2,0,756.85,594.1787,1206.04180968519,8.9469483523027,11.4244131815784,14.5189984481781,42.0609754350054,37.1763490295413,20.5324766425876,0.776329118395798,1.16204326677951,0.834111310224025,0.41735498911925,0.413007076275826,0.734797185144841,55.7384346596,2,25,"mixta",51.8896081285968,2,25,"mixta",45.0748457865591,3,25,"mixta",3,"Irregular",5,"Irregular",6,"Irregular"
"101",475,354882,4716797,91,80,70,"06/13/03 00:00:00",75,"2019-04-14T22:00:00Z",27,24,22,0,0,0,629.51,401.21256,293.12828500501,12.0097025763171,14.3856088388936,15.8696826877232,34.3578207284256,35.9288793034244,38.1032544907227,0.246865310813258,0.0680426866533024,0.150881147948234,0.437052473094692,0.369413002212143,0.37079965111312,88.1021206890962,2,21,"mixta",95.5332874152712,1,21,"pura",90.2228691725027,1,21,"pura",4,"Irregular",5,"Irregular",6,"Irregular"
"102",478,370892,4716793,91,80,70,"05/23/03 00:00:00",70,"2019-03-28T23:00:00Z",28,20,18,0,0,0,1202.48,565.8844,378.435406558109,9.57073553026306,11.9372457759856,13.7643505122476,31.1942775365388,36.4578607334396,38.6640704479822,0.18974407983486,0.266384330079622,0,0.460414203421063,0.308781594784661,0.276756948524958,83.2089507483688,2,21,"mixta",72.5603509028019,2,21,"mixta",100,1,21,"pura",5,"Irregular",5,"Irregular",4,"Irregular"
"103",479,371880,4716791,91,80,70,"05/23/03 00:00:00",70,"2019-03-31T22:00:00Z",34,22,21,0,0,0,1351.03,541.1271,367.825068056479,9.54507034144863,11.8342724986811,13.8755867393218,29.508528188258,37.60693771284,38.9033642508476,0.111587230002403,0.223718045926249,0.515987896741837,0.57121980223309,0.358943118751272,0.336480318684083,98.3416953873618,1,21,"pura",97.110644600803,1,21,"pura",90.8483902481888,1,21,"pura",4,"Irregular",4,"Irregular",5,"Irregular"
"104",486,371893,4714777,91,80,70,"05/29/03 00:00:00",70,"2019-04-24T22:00:00Z",42,34,37,0,0,0,1149.41,551.7371,478.172588473423,11.4951487118415,14.9341157578955,18.5290227408162,26.5648335125215,29.5130144780416,25.5513779294196,0.94983094327576,0.429323235838632,0.510089748381348,0.804047540617952,0.653164448724043,0.789188130672156,66.2955868652005,2,25,"mixta",87.7181090210848,2,25,"mixta",84.6984465593114,2,25,"mixta",5,"Irregular",4,"Irregular",6,"Irregular"
"105",490,361938,4713829,91,70,75,"2004-10-03 00:00",75,"2019-04-25T22:00:00Z",6,16,26,0,0,0,286.47,778.0911,1365.19688720963,8.63661977236758,10.4629109648,11.0059781902832,70.8232421308965,35.4724695500951,25.4585043308933,0,0,0,0.138947507964926,0.438672730797189,0.83515466169813,100,1,43,"pura",100,1,43,"pura",100,1,43,"pura",2,"Regular",4,"Irregular",5,"Irregular"
"106",495,357928,4712810,91,90,90,"05/27/03 00:00:00",85,"2019-06-24T22:00:00Z",27,22,23,0,0,0,820.48,346.6044,334.013456031288,10.2780908328937,10.9951487118415,13.6874691761771,35.1651704705761,50.5755989477616,41.3860561280023,1.32376945475957,1.00525282919357,1.0324132205457,0.526964040345588,0.362090843111405,0.451020372220608,44.0349163663969,3,21,"mixta",54.5548650217805,3,21,"mixta",49.5399483641141,3,21,"mixta",5,"Irregular",5,"Irregular",6,"Irregular"
"107",499,365895,4711778,91,70,80,"2006-05-03 00:00",80,"2019-03-14T23:00:00Z",4,33,22,0,0,0,509.29,1206.0412,523.443366080375,2.3,9.61893588980181,11.1337091325392,199.456763524926,30.9921050808194,40.6428783077337,0,0.495485089202856,0.614260261417379,0.106445347132018,0.552387087889471,0.356270446929166,100,1,21,"pura",80.9049292641942,2,21,"mixta",78.150975146449,2,21,"mixta",1,"Regular",4,"Irregular",3,"Irregular"
"108",504,347892,4709783,91,70,80,"2006-03-03 00:00",80,"2019-03-06T23:00:00Z",22,39,33,0,1,0,795.76,714.429,484.5387915744,7.3408450569081,12.5,15.0926446182696,49.9944814458153,30.9862933160884,31.1623037322057,0,0,0,0.430926469530078,0.64574475995654,0.605616333093384,100,1,25,"pura",100,1,25,"pura",100,1,25,"pura",3,"Irregular",3,"Irregular",4,"Irregular"
"109",508,368879,4708799,91,80,80,"03/18/03 00:00:00",90,"2019-06-05T22:00:00Z",3,11,30,0,0,0,286.47,732.113,1471.30027222592,5.1591549430919,8.36338022763242,12.7356496226697,118.56077595613,45.7497027943873,21.1927550265359,0.686961576597323,0.837897227781477,0.52910348770695,0.08408540620698,0.285778479045466,0.680362164922681,66.2494765000759,2,25,"mixta",61.3226631002887,2,25,"mixta",53.1443302817468,2,25,"mixta",2,"Regular",3,"Irregular",6,"Irregular"
"110",514,368910,4707768,91,80,85,"03/17/03 00:00:00",80,"2019-06-20T22:00:00Z",10,35,30,0,0,0,891.26,1114.085,767.481151617847,5.8408450569081,8.02253517072431,13.7141472391193,59.3719461171359,38.6623621851938,27.249372827124,0,0,0.449322955183159,0.270644319383166,0.56600279703748,0.547835352876325,100,1,25,"pura",100,1,25,"pura",96.6849798033044,1,25,"pura",2,"Regular",2,"Regular",5,"Irregular"
"111",527,381904,4719769,91,85,80,"03/14/03 00:00:00",75,"2019-05-23T22:00:00Z",36,34,29,0,0,0,1623.37,816.9961,516.369807079288,6.54507034144863,10.7780908328937,12.7751801930653,39.2587169383426,33.6052667535821,35.6624949642358,0,0.493115861080583,0.658882734016675,0.717807103160692,0.583620686636601,0.451992345184754,100,1,26,"pura",90.6688784791276,1,26,"pura",82.3215719865407,2,26,"mixta",3,"Irregular",4,"Irregular",4,"Irregular"
"112",528,375897,4717807,91,20,60,"2004-11-03 00:00",60,"2019-04-23T22:00:00Z",1,5,5,0,0,0,5.09,25.46482,25.4648124039102,12.5,13.7,16.9799997329712,367.104978258984,149.750508450162,120.823457245078,0,0,0,0.0113787451236659,0.091679967366437,0.128381858984103,100,1,26,"pura",100,1,26,"pura",100,1,26,"pura",1,"Regular",3,"Irregular",3,"Irregular"
"113",530,375915,4716812,91,80,90,"2004-01-03 00:00",85,"2019-05-19T22:00:00Z",14,41,38,0,0,0,732.11,1694.1166,1071.64418866455,6.81830988618379,11.0092958178941,13.8877933859286,56.1169776822782,22.8469371952166,22.7719711439015,0,0.266777649007951,0.651339780924068,0.272604293748886,0.968076853695108,0.776546343930306,100,1,25,"pura",97.6828027684805,1,25,"pura",91.887259609272,1,25,"pura",2,"Regular",4,"Irregular",5,"Irregular"
"114",532,376914,4715806,91,45,40,"2004-01-03 00:00",45,"2019-04-24T22:00:00Z",9,11,15,0,0,0,519.9,548.2006,326.515483490137,6.39702672269553,8.84397507499823,10.8096173757052,70.9775663711725,49.9967661915657,53.0025746305724,0.742283778524989,0.684709422703346,0.96981605929835,0.178059682352283,0.258579988171945,0.244005317588146,44.5731858794125,3,43,"mixta",47.6768938902565,3,43,"mixta",37.5344470483027,3,26,"mixta",3,"Irregular",4,"Irregular",5,"Irregular"
"115",534,375886,4714758,91,75,90,"2004-10-03 00:00",80,"2019-04-02T22:00:00Z",32,48,30,0,0,0,1114.07,1542.0351,548.200822584177,6.97746482927569,10.4805948473658,12.4463224045022,44.4534305918061,25.1551039235268,35.5261618566396,0,0.544851426920301,0,0.422228126439124,0.815948624290666,0.476747348577005,100,1,21,"pura",92.8857982540666,1,21,"pura",100,1,21,"pura",3,"Irregular",5,"Irregular",4,"Irregular"
"116",536,381923,4714793,91,75,80,"2005-08-03 00:00",80,"2019-05-09T22:00:00Z",30,25,26,0,1,0,848.8,392.582,376.454810037805,10.0804381065802,12.8536776513153,16.5807648489241,35.2514580929067,40.6505646246857,32.1809005130185,0.0847340479336179,0.155135049107426,0.160175019058939,0.601902526131689,0.440990751360634,0.580948328535345,95.9536818498804,1,25,"pura",93.9940922219864,1,25,"pura",95.2607506382958,1,25,"pura",4,"Irregular",5,"Irregular",6,"Irregular"
"117",537,382949,4714815,91,90,80,"2005-08-03 00:00",85,"2019-05-22T22:00:00Z",37,39,46,0,0,0,1142.37,834.68,756.870813116218,11.300626003618,12.3633802276324,16.6228794517215,27.1052415128332,28.9842420950244,22.6382078847743,0,0,0,0.544362484196595,0.606509461383152,0.695390922989091,100,1,21,"pura",100,1,21,"pura",100,1,21,"pura",3,"Irregular",3,"Irregular",3,"Irregular"
"118",539,375907,4713789,91,70,80,"2004-11-03 00:00",80,"2019-04-02T22:00:00Z",17,30,34,0,0,0,827.58,969.0772,1128.23266067324,7.38591539835673,9.86338022763242,12.2517371611847,48.7247765453374,33.7174106236315,25.1571925037536,0.690185676018804,1.02122506479388,0.934106460990768,0.37353085431401,0.601353016852653,0.738336062377549,59.5676912232556,2,26,"mixta",54.1476629070387,2,25,"mixta",45.8003749380465,3,25,"mixta",3,"Irregular",5,"Irregular",7,"Irregular"
"119",542,380917,4713787,91,65,70,"04/30/03 00:00:00",70,"2019-04-28T22:00:00Z",27,24,21,0,0,0,866.47,410.266,278.981167002838,8.93411575789548,11.0707355302631,12.9898932052548,39.3668656026492,46.1689437134467,47.7162333985707,0.516910036760594,0.552664834240115,0.5503305829152,0.468639328657927,0.352030135577353,0.351816038347249,69.8224926727775,2,21,"mixta",68.5356949738916,2,21,"mixta",66.2646019054021,2,21,"mixta",4,"Irregular",5,"Irregular",5,"Irregular"
"120",549,383915,4712820,91,85,80,"03/25/03 00:00:00",80,"2019-04-28T22:00:00Z",39,40,31,0,0,0,1082.23,786.72096,544.664043083633,10.6414710605261,14.808406911947,15.1054150823347,29.5731594922714,24.9253048133181,29.3671743493975,0.677904940439938,0.811632489015376,0.8807962040829,0.651152062021109,0.673045012731697,0.572289725609154,84.4694273345058,2,21,"mixta",80.9939521848472,2,21,"mixta",78.4236054022519,2,21,"mixta",3,"Irregular",5,"Irregular",5,"Irregular"
"121",553,376886,4710778,91,80,75,"04/23/03 00:00:00",75,"2019-04-15T22:00:00Z",26,26,26,0,0,0,894.76,640.1568,429.082089005886,8.91471060526129,13.6976527263136,16.3873050958795,38.8238542844754,29.8723813711525,30.4987082526298,1.12542498046391,1.13210006802594,0.99018515129524,0.524462590599688,0.61721217246909,0.631419354842379,64.2835478014843,2,25,"mixta",63.4895370457463,3,25,"mixta",69.9148244687165,3,25,"mixta",5,"Irregular",6,"Irregular",7,"Irregular"
"122",555,376889,4709803,91,50,80,"05/22/03 00:00:00",70,"2019-04-15T22:00:00Z",1,3,13,0,0,0,127.32,95.493,785.165049120562,3,6.83333333333333,9.76782469969978,305.836706665439,155.038944528392,37.8251659173998,0,0.636514168294813,0.520023449600423,0.0179903402047585,0.0583280350240417,0.333469432558087,100,1,26,"pura",63.2691066140438,2,26,"mixta",53.288334940758,3,43,"mixta",1,"Regular",2,"Regular",5,"Irregular"
"123",557,375873,4708781,91,75,80,"05/22/03 00:00:00",75,"2019-05-05T22:00:00Z",17,31,30,0,0,0,541.12,827.606,548.200822584176,7.5,11.2073553026306,12.7599060634625,59.3404891287906,32.1102895974876,34.6530814618145,0,0,0,0.253489012561469,0.582978635827109,0.52385116217103,100,1,25,"pura",100,1,25,"pura",100,1,25,"pura",2,"Regular",3,"Irregular",5,"Irregular"
"124",576,345836,4697773,91,90,70,"05/14/03 00:00:00",85,"2019-03-06T23:00:00Z",7,35,30,0,0,0,509.29,1329.8285,565.884720086893,4.79577471545948,10.7652582384865,12.6639436961564,95.6572364895539,26.3716259892856,34.3657814183714,0,0,0,0.184580711268746,0.818724456476092,0.587030385680289,100,1,25,"pura",100,1,25,"pura",100,1,25,"pura",2,"Regular",4,"Irregular",4,"Irregular"
"125",578,346837,4696847,91,40,50,"2005-08-03 00:00",48,"2019-05-26T22:00:00Z",3,14,19,0,0,1,286.47,374.8985,307.699816547247,3.6591549430919,7.48716740559278,11.1405007991932,167.162479546173,71.4142341421322,52.9774250017875,0,0,0.332594214311893,0.0768489455878603,0.300603199421653,0.353416749900939,100,1,25,"pura",100,1,25,"pura",96.0520241559947,1,25,"pura",2,"Regular",4,"Irregular",6,"Irregular"
"126",581,347913,4706774,91,70,70,"05/19/03 00:00:00",70,"2019-04-22T22:00:00Z",16,38,38,0,0,1,604.77,1075.1806,611.862853593952,7.43239448782706,10.1414710605261,12.6670111884056,56.6415730105202,31.1327520360882,33.0413649646321,0.658109987543114,0.547412537257418,1.01298437222147,0.24811096006794,0.717172066091039,0.665271762414737,56.8733827135248,2,21,"mixta",66.7433103897439,2,21,"mixta",56.0669371558849,2,25,"mixta",3,"Irregular",5,"Irregular",6,"Irregular"
"127",599,347828,4694857,91,70,80,"05/27/03 00:00:00",80,"2019-05-27T22:00:00Z",11,30,35,0,0,0,427.93,636.6198,574.514462068217,5.51283259440722,11.5561816657874,12.3590147612253,90.7816363309689,35.5062451078761,34.9482025762471,0.145165078194685,0.942413763533671,1.10323345854726,0.194013952861029,0.534285267838837,0.603802726591542,88.3750608609915,2,25,"mixta",58.3962391680263,2,25,"mixta",60.5719858390729,2,25,"mixta",4,"Irregular",4,"Irregular",6,"Irregular"
"128",602,347874,4692812,91,60,70,"04/15/03 00:00:00",70,"2019-05-29T22:00:00Z",9,24,27,0,0,3,572.95,551.7371,410.266422062997,5.63661977236758,9.34923312157981,11.8560248691842,76.7329820711064,47.1429869004103,43.1109000101058,0,0.357627259246796,0,0.241669744526283,0.467409838144528,0.492044650404604,100,1,25,"pura",91.1779956182252,1,25,"pura",100,1,25,"pura",3,"Irregular",4,"Irregular",4,"Irregular"
"129",623,383887,4701819,91,50,45,"2005-05-03 00:00",45,"2019-03-14T23:00:00Z",22,10,7,0,0,0,319.84,132.41696,35.6507373654742,9.60105160931632,11.7837496753148,14.142857006618,60.2939845804812,76.3490897008969,122.599237557912,0,0,0,0.40911044484815,0.226823803703866,0.0994644416156666,100,1,26,"pura",100,1,26,"pura",100,1,26,"pura",6,"Irregular",5,"Irregular",3,"Irregular"
"130",627,383918,4700770,91,70,70,"2005-06-03 00:00",90,"2019-03-14T23:00:00Z",54,23,16,0,0,1,1223.69,316.32916,148.827681382852,12.0561816657874,14.4712990294717,16.6489056765837,24.5478629071613,40.2237027269531,50.9719944751004,0,0,0,0.996106575842595,0.416620672098885,0.323911211189061,100,1,26,"pura",100,1,26,"pura",100,1,26,"pura",5,"Irregular",5,"Irregular",5,"Irregular"
